39528.5852971 12392.5981873
39528.5852971 12402.5981873
39528.5852971 12412.5981873
39528.5852971 12422.5981873
39528.5852971 12432.5981873
39528.5852971 12442.5981873
39528.5852971 12452.5981873
39528.5852971 12462.5981873
39528.5852971 12472.5981873
39528.5852971 12482.5981873
39528.5852971 12492.5981873
39528.5852971 12502.5981873
39528.5852971 12512.5981873
39528.5852971 12522.5981873
39528.5852971 12532.5981873
39528.5852971 12542.5981873
39528.5852971 12552.5981873
39538.5852971 12392.5981873
39538.5852971 12402.5981873
39538.5852971 12412.5981873
39538.5852971 12422.5981873
39538.5852971 12432.5981873
39538.5852971 12442.5981873
39538.5852971 12452.5981873
39538.5852971 12462.5981873
39538.5852971 12472.5981873
39538.5852971 12482.5981873
39538.5852971 12492.5981873
39538.5852971 12502.5981873
39538.5852971 12512.5981873
39538.5852971 12522.5981873
39538.5852971 12532.5981873
39538.5852971 12542.5981873
39538.5852971 12552.5981873
39538.5852971 12562.5981873
39538.5852971 12572.5981873
39538.5852971 12582.5981873
39538.5852971 12592.5981873
39538.5852971 12602.5981873
39538.5852971 12612.5981873
39538.5852971 12622.5981873
39538.5852971 12632.5981873
39538.5852971 12642.5981873
39538.5852971 12652.5981873
39538.5852971 12662.5981873
39538.5852971 12672.5981873
39538.5852971 12682.5981873
39538.5852971 12692.5981873
39538.5852971 12702.5981873
39538.5852971 12712.5981873
39538.5852971 12722.5981873
39538.5852971 12732.5981873
39548.5852971 12392.5981873
39548.5852971 12402.5981873
39548.5852971 12412.5981873
39548.5852971 12422.5981873
39548.5852971 12432.5981873
39548.5852971 12442.5981873
39548.5852971 12452.5981873
39548.5852971 12462.5981873
39548.5852971 12472.5981873
39548.5852971 12482.5981873
39548.5852971 12492.5981873
39548.5852971 12502.5981873
39548.5852971 12512.5981873
39548.5852971 12522.5981873
39548.5852971 12532.5981873
39548.5852971 12542.5981873
39548.5852971 12552.5981873
39548.5852971 12562.5981873
39548.5852971 12572.5981873
39548.5852971 12582.5981873
39548.5852971 12592.5981873
39548.5852971 12602.5981873
39548.5852971 12612.5981873
39548.5852971 12622.5981873
39548.5852971 12632.5981873
39548.5852971 12642.5981873
39548.5852971 12652.5981873
39548.5852971 12662.5981873
39548.5852971 12672.5981873
39548.5852971 12682.5981873
39548.5852971 12692.5981873
39548.5852971 12702.5981873
39548.5852971 12712.5981873
39548.5852971 12722.5981873
39548.5852971 12732.5981873
39548.5852971 12742.5981873
39548.5852971 12752.5981873
39548.5852971 12762.5981873
39548.5852971 12772.5981873
39548.5852971 12782.5981873
39548.5852971 12792.5981873
39548.5852971 12802.5981873
39548.5852971 12812.5981873
39548.5852971 12822.5981873
39548.5852971 12832.5981873
39548.5852971 12842.5981873
39548.5852971 12852.5981873
39548.5852971 12862.5981873
39548.5852971 12872.5981873
39548.5852971 12882.5981873
39548.5852971 12892.5981873
39548.5852971 12902.5981873
39548.5852971 12912.5981873
39558.5852971 12392.5981873
39558.5852971 12402.5981873
39558.5852971 12412.5981873
39558.5852971 12422.5981873
39558.5852971 12432.5981873
39558.5852971 12442.5981873
39558.5852971 12452.5981873
39558.5852971 12462.5981873
39558.5852971 12472.5981873
39558.5852971 12482.5981873
39558.5852971 12492.5981873
39558.5852971 12502.5981873
39558.5852971 12512.5981873
39558.5852971 12522.5981873
39558.5852971 12532.5981873
39558.5852971 12542.5981873
39558.5852971 12552.5981873
39558.5852971 12562.5981873
39558.5852971 12572.5981873
39558.5852971 12582.5981873
39558.5852971 12592.5981873
39558.5852971 12602.5981873
39558.5852971 12612.5981873
39558.5852971 12622.5981873
39558.5852971 12632.5981873
39558.5852971 12642.5981873
39558.5852971 12652.5981873
39558.5852971 12662.5981873
39558.5852971 12672.5981873
39558.5852971 12682.5981873
39558.5852971 12692.5981873
39558.5852971 12702.5981873
39558.5852971 12712.5981873
39558.5852971 12722.5981873
39558.5852971 12732.5981873
39558.5852971 12742.5981873
39558.5852971 12752.5981873
39558.5852971 12762.5981873
39558.5852971 12772.5981873
39558.5852971 12782.5981873
39558.5852971 12792.5981873
39558.5852971 12802.5981873
39558.5852971 12812.5981873
39558.5852971 12822.5981873
39558.5852971 12832.5981873
39558.5852971 12842.5981873
39558.5852971 12852.5981873
39558.5852971 12862.5981873
39558.5852971 12872.5981873
39558.5852971 12882.5981873
39558.5852971 12892.5981873
39558.5852971 12902.5981873
39558.5852971 12912.5981873
39558.5852971 12922.5981873
39558.5852971 12932.5981873
39558.5852971 12942.5981873
39558.5852971 12952.5981873
39558.5852971 12962.5981873
39558.5852971 12972.5981873
39558.5852971 12982.5981873
39558.5852971 12992.5981873
39558.5852971 13002.5981873
39558.5852971 13012.5981873
39558.5852971 13022.5981873
39558.5852971 13032.5981873
39558.5852971 13042.5981873
39558.5852971 13052.5981873
39558.5852971 13062.5981873
39558.5852971 13072.5981873
39558.5852971 13082.5981873
39558.5852971 13092.5981873
39568.5852971 12392.5981873
39568.5852971 12402.5981873
39568.5852971 12412.5981873
39568.5852971 12422.5981873
39568.5852971 12432.5981873
39568.5852971 12442.5981873
39568.5852971 12452.5981873
39568.5852971 12462.5981873
39568.5852971 12472.5981873
39568.5852971 12482.5981873
39568.5852971 12492.5981873
39568.5852971 12502.5981873
39568.5852971 12512.5981873
39568.5852971 12522.5981873
39568.5852971 12532.5981873
39568.5852971 12542.5981873
39568.5852971 12552.5981873
39568.5852971 12562.5981873
39568.5852971 12572.5981873
39568.5852971 12582.5981873
39568.5852971 12592.5981873
39568.5852971 12602.5981873
39568.5852971 12612.5981873
39568.5852971 12622.5981873
39568.5852971 12632.5981873
39568.5852971 12642.5981873
39568.5852971 12652.5981873
39568.5852971 12662.5981873
39568.5852971 12672.5981873
39568.5852971 12682.5981873
39568.5852971 12692.5981873
39568.5852971 12702.5981873
39568.5852971 12712.5981873
39568.5852971 12722.5981873
39568.5852971 12732.5981873
39568.5852971 12742.5981873
39568.5852971 12752.5981873
39568.5852971 12762.5981873
39568.5852971 12772.5981873
39568.5852971 12782.5981873
39568.5852971 12792.5981873
39568.5852971 12802.5981873
39568.5852971 12812.5981873
39568.5852971 12822.5981873
39568.5852971 12832.5981873
39568.5852971 12842.5981873
39568.5852971 12852.5981873
39568.5852971 12862.5981873
39568.5852971 12872.5981873
39568.5852971 12882.5981873
39568.5852971 12892.5981873
39568.5852971 12902.5981873
39568.5852971 12912.5981873
39568.5852971 12922.5981873
39568.5852971 12932.5981873
39568.5852971 12942.5981873
39568.5852971 12952.5981873
39568.5852971 12962.5981873
39568.5852971 12972.5981873
39568.5852971 12982.5981873
39568.5852971 12992.5981873
39568.5852971 13002.5981873
39568.5852971 13012.5981873
39568.5852971 13022.5981873
39568.5852971 13032.5981873
39568.5852971 13042.5981873
39568.5852971 13052.5981873
39568.5852971 13062.5981873
39568.5852971 13072.5981873
39568.5852971 13082.5981873
39568.5852971 13092.5981873
39568.5852971 13102.5981873
39568.5852971 13112.5981873
39568.5852971 13122.5981873
39568.5852971 13132.5981873
39568.5852971 13142.5981873
39568.5852971 13152.5981873
39568.5852971 13162.5981873
39568.5852971 13172.5981873
39568.5852971 13182.5981873
39568.5852971 13192.5981873
39568.5852971 13202.5981873
39568.5852971 13212.5981873
39568.5852971 13222.5981873
39568.5852971 13232.5981873
39568.5852971 13242.5981873
39568.5852971 13252.5981873
39568.5852971 13262.5981873
39568.5852971 13272.5981873
39578.5852971 12392.5981873
39578.5852971 12402.5981873
39578.5852971 12412.5981873
39578.5852971 12422.5981873
39578.5852971 12432.5981873
39578.5852971 12442.5981873
39578.5852971 12452.5981873
39578.5852971 12462.5981873
39578.5852971 12472.5981873
39578.5852971 12482.5981873
39578.5852971 12492.5981873
39578.5852971 12502.5981873
39578.5852971 12512.5981873
39578.5852971 12522.5981873
39578.5852971 12532.5981873
39578.5852971 12542.5981873
39578.5852971 12552.5981873
39578.5852971 12562.5981873
39578.5852971 12572.5981873
39578.5852971 12582.5981873
39578.5852971 12592.5981873
39578.5852971 12602.5981873
39578.5852971 12612.5981873
39578.5852971 12622.5981873
39578.5852971 12632.5981873
39578.5852971 12642.5981873
39578.5852971 12652.5981873
39578.5852971 12662.5981873
39578.5852971 12672.5981873
39578.5852971 12682.5981873
39578.5852971 12692.5981873
39578.5852971 12702.5981873
39578.5852971 12712.5981873
39578.5852971 12722.5981873
39578.5852971 12732.5981873
39578.5852971 12742.5981873
39578.5852971 12752.5981873
39578.5852971 12762.5981873
39578.5852971 12772.5981873
39578.5852971 12782.5981873
39578.5852971 12792.5981873
39578.5852971 12802.5981873
39578.5852971 12812.5981873
39578.5852971 12822.5981873
39578.5852971 12832.5981873
39578.5852971 12842.5981873
39578.5852971 12852.5981873
39578.5852971 12862.5981873
39578.5852971 12872.5981873
39578.5852971 12882.5981873
39578.5852971 12892.5981873
39578.5852971 12902.5981873
39578.5852971 12912.5981873
39578.5852971 12922.5981873
39578.5852971 12932.5981873
39578.5852971 12942.5981873
39578.5852971 12952.5981873
39578.5852971 12962.5981873
39578.5852971 12972.5981873
39578.5852971 12982.5981873
39578.5852971 12992.5981873
39578.5852971 13002.5981873
39578.5852971 13012.5981873
39578.5852971 13022.5981873
39578.5852971 13032.5981873
39578.5852971 13042.5981873
39578.5852971 13052.5981873
39578.5852971 13062.5981873
39578.5852971 13072.5981873
39578.5852971 13082.5981873
39578.5852971 13092.5981873
39578.5852971 13102.5981873
39578.5852971 13112.5981873
39578.5852971 13122.5981873
39578.5852971 13132.5981873
39578.5852971 13142.5981873
39578.5852971 13152.5981873
39578.5852971 13162.5981873
39578.5852971 13172.5981873
39578.5852971 13182.5981873
39578.5852971 13192.5981873
39578.5852971 13202.5981873
39578.5852971 13212.5981873
39578.5852971 13222.5981873
39578.5852971 13232.5981873
39578.5852971 13242.5981873
39578.5852971 13252.5981873
39578.5852971 13262.5981873
39578.5852971 13272.5981873
39588.5852971 12392.5981873
39588.5852971 12402.5981873
39588.5852971 12412.5981873
39588.5852971 12422.5981873
39588.5852971 12432.5981873
39588.5852971 12442.5981873
39588.5852971 12452.5981873
39588.5852971 12462.5981873
39588.5852971 12472.5981873
39588.5852971 12482.5981873
39588.5852971 12492.5981873
39588.5852971 12502.5981873
39588.5852971 12512.5981873
39588.5852971 12522.5981873
39588.5852971 12532.5981873
39588.5852971 12542.5981873
39588.5852971 12552.5981873
39588.5852971 12562.5981873
39588.5852971 12572.5981873
39588.5852971 12582.5981873
39588.5852971 12592.5981873
39588.5852971 12602.5981873
39588.5852971 12612.5981873
39588.5852971 12622.5981873
39588.5852971 12632.5981873
39588.5852971 12642.5981873
39588.5852971 12652.5981873
39588.5852971 12662.5981873
39588.5852971 12672.5981873
39588.5852971 12682.5981873
39588.5852971 12692.5981873
39588.5852971 12702.5981873
39588.5852971 12712.5981873
39588.5852971 12722.5981873
39588.5852971 12732.5981873
39588.5852971 12742.5981873
39588.5852971 12752.5981873
39588.5852971 12762.5981873
39588.5852971 12772.5981873
39588.5852971 12782.5981873
39588.5852971 12792.5981873
39588.5852971 12802.5981873
39588.5852971 12812.5981873
39588.5852971 12822.5981873
39588.5852971 12832.5981873
39588.5852971 12842.5981873
39588.5852971 12852.5981873
39588.5852971 12862.5981873
39588.5852971 12872.5981873
39588.5852971 12882.5981873
39588.5852971 12892.5981873
39588.5852971 12902.5981873
39588.5852971 12912.5981873
39588.5852971 12922.5981873
39588.5852971 12932.5981873
39588.5852971 12942.5981873
39588.5852971 12952.5981873
39588.5852971 12962.5981873
39588.5852971 12972.5981873
39588.5852971 12982.5981873
39588.5852971 12992.5981873
39588.5852971 13002.5981873
39588.5852971 13012.5981873
39588.5852971 13022.5981873
39588.5852971 13032.5981873
39588.5852971 13042.5981873
39588.5852971 13052.5981873
39588.5852971 13062.5981873
39588.5852971 13072.5981873
39588.5852971 13082.5981873
39588.5852971 13092.5981873
39588.5852971 13102.5981873
39588.5852971 13112.5981873
39588.5852971 13122.5981873
39588.5852971 13132.5981873
39588.5852971 13142.5981873
39588.5852971 13152.5981873
39588.5852971 13162.5981873
39588.5852971 13172.5981873
39588.5852971 13182.5981873
39588.5852971 13192.5981873
39588.5852971 13202.5981873
39588.5852971 13212.5981873
39588.5852971 13222.5981873
39588.5852971 13232.5981873
39588.5852971 13242.5981873
39588.5852971 13252.5981873
39588.5852971 13262.5981873
39588.5852971 13272.5981873
39598.5852971 12392.5981873
39598.5852971 12402.5981873
39598.5852971 12412.5981873
39598.5852971 12422.5981873
39598.5852971 12432.5981873
39598.5852971 12442.5981873
39598.5852971 12452.5981873
39598.5852971 12462.5981873
39598.5852971 12472.5981873
39598.5852971 12482.5981873
39598.5852971 12492.5981873
39598.5852971 12502.5981873
39598.5852971 12512.5981873
39598.5852971 12522.5981873
39598.5852971 12532.5981873
39598.5852971 12542.5981873
39598.5852971 12552.5981873
39598.5852971 12562.5981873
39598.5852971 12572.5981873
39598.5852971 12582.5981873
39598.5852971 12592.5981873
39598.5852971 12602.5981873
39598.5852971 12612.5981873
39598.5852971 12622.5981873
39598.5852971 12632.5981873
39598.5852971 12642.5981873
39598.5852971 12652.5981873
39598.5852971 12662.5981873
39598.5852971 12672.5981873
39598.5852971 12682.5981873
39598.5852971 12692.5981873
39598.5852971 12702.5981873
39598.5852971 12712.5981873
39598.5852971 12722.5981873
39598.5852971 12732.5981873
39598.5852971 12742.5981873
39598.5852971 12752.5981873
39598.5852971 12762.5981873
39598.5852971 12772.5981873
39598.5852971 12782.5981873
39598.5852971 12792.5981873
39598.5852971 12802.5981873
39598.5852971 12812.5981873
39598.5852971 12822.5981873
39598.5852971 12832.5981873
39598.5852971 12842.5981873
39598.5852971 12852.5981873
39598.5852971 12862.5981873
39598.5852971 12872.5981873
39598.5852971 12882.5981873
39598.5852971 12892.5981873
39598.5852971 12902.5981873
39598.5852971 12912.5981873
39598.5852971 12922.5981873
39598.5852971 12932.5981873
39598.5852971 12942.5981873
39598.5852971 12952.5981873
39598.5852971 12962.5981873
39598.5852971 12972.5981873
39598.5852971 12982.5981873
39598.5852971 12992.5981873
39598.5852971 13002.5981873
39598.5852971 13012.5981873
39598.5852971 13022.5981873
39598.5852971 13032.5981873
39598.5852971 13042.5981873
39598.5852971 13052.5981873
39598.5852971 13062.5981873
39598.5852971 13072.5981873
39598.5852971 13082.5981873
39598.5852971 13092.5981873
39598.5852971 13102.5981873
39598.5852971 13112.5981873
39598.5852971 13122.5981873
39598.5852971 13132.5981873
39598.5852971 13142.5981873
39598.5852971 13152.5981873
39598.5852971 13162.5981873
39598.5852971 13172.5981873
39598.5852971 13182.5981873
39598.5852971 13192.5981873
39598.5852971 13202.5981873
39598.5852971 13212.5981873
39598.5852971 13222.5981873
39598.5852971 13232.5981873
39598.5852971 13242.5981873
39598.5852971 13252.5981873
39598.5852971 13262.5981873
39598.5852971 13272.5981873
39598.5852971 13282.5981873
39608.5852971 12392.5981873
39608.5852971 12402.5981873
39608.5852971 12412.5981873
39608.5852971 12422.5981873
39608.5852971 12432.5981873
39608.5852971 12442.5981873
39608.5852971 12452.5981873
39608.5852971 12462.5981873
39608.5852971 12472.5981873
39608.5852971 12482.5981873
39608.5852971 12492.5981873
39608.5852971 12502.5981873
39608.5852971 12512.5981873
39608.5852971 12522.5981873
39608.5852971 12532.5981873
39608.5852971 12542.5981873
39608.5852971 12552.5981873
39608.5852971 12562.5981873
39608.5852971 12572.5981873
39608.5852971 12582.5981873
39608.5852971 12592.5981873
39608.5852971 12602.5981873
39608.5852971 12612.5981873
39608.5852971 12622.5981873
39608.5852971 12632.5981873
39608.5852971 12642.5981873
39608.5852971 12652.5981873
39608.5852971 12662.5981873
39608.5852971 12672.5981873
39608.5852971 12682.5981873
39608.5852971 12692.5981873
39608.5852971 12702.5981873
39608.5852971 12712.5981873
39608.5852971 12722.5981873
39608.5852971 12732.5981873
39608.5852971 12742.5981873
39608.5852971 12752.5981873
39608.5852971 12762.5981873
39608.5852971 12772.5981873
39608.5852971 12782.5981873
39608.5852971 12792.5981873
39608.5852971 12802.5981873
39608.5852971 12812.5981873
39608.5852971 12822.5981873
39608.5852971 12832.5981873
39608.5852971 12842.5981873
39608.5852971 12852.5981873
39608.5852971 12862.5981873
39608.5852971 12872.5981873
39608.5852971 12882.5981873
39608.5852971 12892.5981873
39608.5852971 12902.5981873
39608.5852971 12912.5981873
39608.5852971 12922.5981873
39608.5852971 12932.5981873
39608.5852971 12942.5981873
39608.5852971 12952.5981873
39608.5852971 12962.5981873
39608.5852971 12972.5981873
39608.5852971 12982.5981873
39608.5852971 12992.5981873
39608.5852971 13002.5981873
39608.5852971 13012.5981873
39608.5852971 13022.5981873
39608.5852971 13032.5981873
39608.5852971 13042.5981873
39608.5852971 13052.5981873
39608.5852971 13062.5981873
39608.5852971 13072.5981873
39608.5852971 13082.5981873
39608.5852971 13092.5981873
39608.5852971 13102.5981873
39608.5852971 13112.5981873
39608.5852971 13122.5981873
39608.5852971 13132.5981873
39608.5852971 13142.5981873
39608.5852971 13152.5981873
39608.5852971 13162.5981873
39608.5852971 13172.5981873
39608.5852971 13182.5981873
39608.5852971 13192.5981873
39608.5852971 13202.5981873
39608.5852971 13212.5981873
39608.5852971 13222.5981873
39608.5852971 13232.5981873
39608.5852971 13242.5981873
39608.5852971 13252.5981873
39608.5852971 13262.5981873
39608.5852971 13272.5981873
39608.5852971 13282.5981873
39618.5852971 12392.5981873
39618.5852971 12402.5981873
39618.5852971 12412.5981873
39618.5852971 12422.5981873
39618.5852971 12432.5981873
39618.5852971 12442.5981873
39618.5852971 12452.5981873
39618.5852971 12462.5981873
39618.5852971 12472.5981873
39618.5852971 12482.5981873
39618.5852971 12492.5981873
39618.5852971 12502.5981873
39618.5852971 12512.5981873
39618.5852971 12522.5981873
39618.5852971 12532.5981873
39618.5852971 12542.5981873
39618.5852971 12552.5981873
39618.5852971 12562.5981873
39618.5852971 12572.5981873
39618.5852971 12582.5981873
39618.5852971 12592.5981873
39618.5852971 12602.5981873
39618.5852971 12612.5981873
39618.5852971 12622.5981873
39618.5852971 12632.5981873
39618.5852971 12642.5981873
39618.5852971 12652.5981873
39618.5852971 12662.5981873
39618.5852971 12672.5981873
39618.5852971 12682.5981873
39618.5852971 12692.5981873
39618.5852971 12702.5981873
39618.5852971 12712.5981873
39618.5852971 12722.5981873
39618.5852971 12732.5981873
39618.5852971 12742.5981873
39618.5852971 12752.5981873
39618.5852971 12762.5981873
39618.5852971 12772.5981873
39618.5852971 12782.5981873
39618.5852971 12792.5981873
39618.5852971 12802.5981873
39618.5852971 12812.5981873
39618.5852971 12822.5981873
39618.5852971 12832.5981873
39618.5852971 12842.5981873
39618.5852971 12852.5981873
39618.5852971 12862.5981873
39618.5852971 12872.5981873
39618.5852971 12882.5981873
39618.5852971 12892.5981873
39618.5852971 12902.5981873
39618.5852971 12912.5981873
39618.5852971 12922.5981873
39618.5852971 12932.5981873
39618.5852971 12942.5981873
39618.5852971 12952.5981873
39618.5852971 12962.5981873
39618.5852971 12972.5981873
39618.5852971 12982.5981873
39618.5852971 12992.5981873
39618.5852971 13002.5981873
39618.5852971 13012.5981873
39618.5852971 13022.5981873
39618.5852971 13032.5981873
39618.5852971 13042.5981873
39618.5852971 13052.5981873
39618.5852971 13062.5981873
39618.5852971 13072.5981873
39618.5852971 13082.5981873
39618.5852971 13092.5981873
39618.5852971 13102.5981873
39618.5852971 13112.5981873
39618.5852971 13122.5981873
39618.5852971 13132.5981873
39618.5852971 13142.5981873
39618.5852971 13152.5981873
39618.5852971 13162.5981873
39618.5852971 13172.5981873
39618.5852971 13182.5981873
39618.5852971 13192.5981873
39618.5852971 13202.5981873
39618.5852971 13212.5981873
39618.5852971 13222.5981873
39618.5852971 13232.5981873
39618.5852971 13242.5981873
39618.5852971 13252.5981873
39618.5852971 13262.5981873
39618.5852971 13272.5981873
39618.5852971 13282.5981873
39628.5852971 12392.5981873
39628.5852971 12402.5981873
39628.5852971 12412.5981873
39628.5852971 12422.5981873
39628.5852971 12432.5981873
39628.5852971 12442.5981873
39628.5852971 12452.5981873
39628.5852971 12462.5981873
39628.5852971 12472.5981873
39628.5852971 12482.5981873
39628.5852971 12492.5981873
39628.5852971 12502.5981873
39628.5852971 12512.5981873
39628.5852971 12522.5981873
39628.5852971 12532.5981873
39628.5852971 12542.5981873
39628.5852971 12552.5981873
39628.5852971 12562.5981873
39628.5852971 12572.5981873
39628.5852971 12582.5981873
39628.5852971 12592.5981873
39628.5852971 12602.5981873
39628.5852971 12612.5981873
39628.5852971 12622.5981873
39628.5852971 12632.5981873
39628.5852971 12642.5981873
39628.5852971 12652.5981873
39628.5852971 12662.5981873
39628.5852971 12672.5981873
39628.5852971 12682.5981873
39628.5852971 12692.5981873
39628.5852971 12702.5981873
39628.5852971 12712.5981873
39628.5852971 12722.5981873
39628.5852971 12732.5981873
39628.5852971 12742.5981873
39628.5852971 12752.5981873
39628.5852971 12762.5981873
39628.5852971 12772.5981873
39628.5852971 12782.5981873
39628.5852971 12792.5981873
39628.5852971 12802.5981873
39628.5852971 12812.5981873
39628.5852971 12822.5981873
39628.5852971 12832.5981873
39628.5852971 12842.5981873
39628.5852971 12852.5981873
39628.5852971 12862.5981873
39628.5852971 12872.5981873
39628.5852971 12882.5981873
39628.5852971 12892.5981873
39628.5852971 12902.5981873
39628.5852971 12912.5981873
39628.5852971 12922.5981873
39628.5852971 12932.5981873
39628.5852971 12942.5981873
39628.5852971 12952.5981873
39628.5852971 12962.5981873
39628.5852971 12972.5981873
39628.5852971 12982.5981873
39628.5852971 12992.5981873
39628.5852971 13002.5981873
39628.5852971 13012.5981873
39628.5852971 13022.5981873
39628.5852971 13032.5981873
39628.5852971 13042.5981873
39628.5852971 13052.5981873
39628.5852971 13062.5981873
39628.5852971 13072.5981873
39628.5852971 13082.5981873
39628.5852971 13092.5981873
39628.5852971 13102.5981873
39628.5852971 13112.5981873
39628.5852971 13122.5981873
39628.5852971 13132.5981873
39628.5852971 13142.5981873
39628.5852971 13152.5981873
39628.5852971 13162.5981873
39628.5852971 13172.5981873
39628.5852971 13182.5981873
39628.5852971 13192.5981873
39628.5852971 13202.5981873
39628.5852971 13212.5981873
39628.5852971 13222.5981873
39628.5852971 13232.5981873
39628.5852971 13242.5981873
39628.5852971 13252.5981873
39628.5852971 13262.5981873
39628.5852971 13272.5981873
39628.5852971 13282.5981873
39638.5852971 12392.5981873
39638.5852971 12402.5981873
39638.5852971 12412.5981873
39638.5852971 12422.5981873
39638.5852971 12432.5981873
39638.5852971 12442.5981873
39638.5852971 12452.5981873
39638.5852971 12462.5981873
39638.5852971 12472.5981873
39638.5852971 12482.5981873
39638.5852971 12492.5981873
39638.5852971 12502.5981873
39638.5852971 12512.5981873
39638.5852971 12522.5981873
39638.5852971 12532.5981873
39638.5852971 12542.5981873
39638.5852971 12552.5981873
39638.5852971 12562.5981873
39638.5852971 12572.5981873
39638.5852971 12582.5981873
39638.5852971 12592.5981873
39638.5852971 12602.5981873
39638.5852971 12612.5981873
39638.5852971 12622.5981873
39638.5852971 12632.5981873
39638.5852971 12642.5981873
39638.5852971 12652.5981873
39638.5852971 12662.5981873
39638.5852971 12672.5981873
39638.5852971 12682.5981873
39638.5852971 12692.5981873
39638.5852971 12702.5981873
39638.5852971 12712.5981873
39638.5852971 12722.5981873
39638.5852971 12732.5981873
39638.5852971 12742.5981873
39638.5852971 12752.5981873
39638.5852971 12762.5981873
39638.5852971 12772.5981873
39638.5852971 12782.5981873
39638.5852971 12792.5981873
39638.5852971 12802.5981873
39638.5852971 12812.5981873
39638.5852971 12822.5981873
39638.5852971 12832.5981873
39638.5852971 12842.5981873
39638.5852971 12852.5981873
39638.5852971 12862.5981873
39638.5852971 12872.5981873
39638.5852971 12882.5981873
39638.5852971 12892.5981873
39638.5852971 12902.5981873
39638.5852971 12912.5981873
39638.5852971 12922.5981873
39638.5852971 12932.5981873
39638.5852971 12942.5981873
39638.5852971 12952.5981873
39638.5852971 12962.5981873
39638.5852971 12972.5981873
39638.5852971 12982.5981873
39638.5852971 12992.5981873
39638.5852971 13002.5981873
39638.5852971 13012.5981873
39638.5852971 13022.5981873
39638.5852971 13032.5981873
39638.5852971 13042.5981873
39638.5852971 13052.5981873
39638.5852971 13062.5981873
39638.5852971 13072.5981873
39638.5852971 13082.5981873
39638.5852971 13092.5981873
39638.5852971 13102.5981873
39638.5852971 13112.5981873
39638.5852971 13122.5981873
39638.5852971 13132.5981873
39638.5852971 13142.5981873
39638.5852971 13152.5981873
39638.5852971 13162.5981873
39638.5852971 13172.5981873
39638.5852971 13182.5981873
39638.5852971 13192.5981873
39638.5852971 13202.5981873
39638.5852971 13212.5981873
39638.5852971 13222.5981873
39638.5852971 13232.5981873
39638.5852971 13242.5981873
39638.5852971 13252.5981873
39638.5852971 13262.5981873
39638.5852971 13272.5981873
39638.5852971 13282.5981873
39648.5852971 12392.5981873
39648.5852971 12402.5981873
39648.5852971 12412.5981873
39648.5852971 12422.5981873
39648.5852971 12432.5981873
39648.5852971 12442.5981873
39648.5852971 12452.5981873
39648.5852971 12462.5981873
39648.5852971 12472.5981873
39648.5852971 12482.5981873
39648.5852971 12492.5981873
39648.5852971 12502.5981873
39648.5852971 12512.5981873
39648.5852971 12522.5981873
39648.5852971 12532.5981873
39648.5852971 12542.5981873
39648.5852971 12552.5981873
39648.5852971 12562.5981873
39648.5852971 12572.5981873
39648.5852971 12582.5981873
39648.5852971 12592.5981873
39648.5852971 12602.5981873
39648.5852971 12612.5981873
39648.5852971 12622.5981873
39648.5852971 12632.5981873
39648.5852971 12642.5981873
39648.5852971 12652.5981873
39648.5852971 12662.5981873
39648.5852971 12672.5981873
39648.5852971 12682.5981873
39648.5852971 12692.5981873
39648.5852971 12702.5981873
39648.5852971 12712.5981873
39648.5852971 12722.5981873
39648.5852971 12732.5981873
39648.5852971 12742.5981873
39648.5852971 12752.5981873
39648.5852971 12762.5981873
39648.5852971 12772.5981873
39648.5852971 12782.5981873
39648.5852971 12792.5981873
39648.5852971 12802.5981873
39648.5852971 12812.5981873
39648.5852971 12822.5981873
39648.5852971 12832.5981873
39648.5852971 12842.5981873
39648.5852971 12852.5981873
39648.5852971 12862.5981873
39648.5852971 12872.5981873
39648.5852971 12882.5981873
39648.5852971 12892.5981873
39648.5852971 12902.5981873
39648.5852971 12912.5981873
39648.5852971 12922.5981873
39648.5852971 12932.5981873
39648.5852971 12942.5981873
39648.5852971 12952.5981873
39648.5852971 12962.5981873
39648.5852971 12972.5981873
39648.5852971 12982.5981873
39648.5852971 12992.5981873
39648.5852971 13002.5981873
39648.5852971 13012.5981873
39648.5852971 13022.5981873
39648.5852971 13032.5981873
39648.5852971 13042.5981873
39648.5852971 13052.5981873
39648.5852971 13062.5981873
39648.5852971 13072.5981873
39648.5852971 13082.5981873
39648.5852971 13092.5981873
39648.5852971 13102.5981873
39648.5852971 13112.5981873
39648.5852971 13122.5981873
39648.5852971 13132.5981873
39648.5852971 13142.5981873
39648.5852971 13152.5981873
39648.5852971 13162.5981873
39648.5852971 13172.5981873
39648.5852971 13182.5981873
39648.5852971 13192.5981873
39648.5852971 13202.5981873
39648.5852971 13212.5981873
39648.5852971 13222.5981873
39648.5852971 13232.5981873
39648.5852971 13242.5981873
39648.5852971 13252.5981873
39648.5852971 13262.5981873
39648.5852971 13272.5981873
39648.5852971 13282.5981873
39658.5852971 12392.5981873
39658.5852971 12402.5981873
39658.5852971 12412.5981873
39658.5852971 12422.5981873
39658.5852971 12432.5981873
39658.5852971 12442.5981873
39658.5852971 12452.5981873
39658.5852971 12462.5981873
39658.5852971 12472.5981873
39658.5852971 12482.5981873
39658.5852971 12492.5981873
39658.5852971 12502.5981873
39658.5852971 12512.5981873
39658.5852971 12522.5981873
39658.5852971 12532.5981873
39658.5852971 12542.5981873
39658.5852971 12552.5981873
39658.5852971 12562.5981873
39658.5852971 12572.5981873
39658.5852971 12582.5981873
39658.5852971 12592.5981873
39658.5852971 12602.5981873
39658.5852971 12612.5981873
39658.5852971 12622.5981873
39658.5852971 12632.5981873
39658.5852971 12642.5981873
39658.5852971 12652.5981873
39658.5852971 12662.5981873
39658.5852971 12672.5981873
39658.5852971 12682.5981873
39658.5852971 12692.5981873
39658.5852971 12702.5981873
39658.5852971 12712.5981873
39658.5852971 12722.5981873
39658.5852971 12732.5981873
39658.5852971 12742.5981873
39658.5852971 12752.5981873
39658.5852971 12762.5981873
39658.5852971 12772.5981873
39658.5852971 12782.5981873
39658.5852971 12792.5981873
39658.5852971 12802.5981873
39658.5852971 12812.5981873
39658.5852971 12822.5981873
39658.5852971 12832.5981873
39658.5852971 12842.5981873
39658.5852971 12852.5981873
39658.5852971 12862.5981873
39658.5852971 12872.5981873
39658.5852971 12882.5981873
39658.5852971 12892.5981873
39658.5852971 12902.5981873
39658.5852971 12912.5981873
39658.5852971 12922.5981873
39658.5852971 12932.5981873
39658.5852971 12942.5981873
39658.5852971 12952.5981873
39658.5852971 12962.5981873
39658.5852971 12972.5981873
39658.5852971 12982.5981873
39658.5852971 12992.5981873
39658.5852971 13002.5981873
39658.5852971 13012.5981873
39658.5852971 13022.5981873
39658.5852971 13032.5981873
39658.5852971 13042.5981873
39658.5852971 13052.5981873
39658.5852971 13062.5981873
39658.5852971 13072.5981873
39658.5852971 13082.5981873
39658.5852971 13092.5981873
39658.5852971 13102.5981873
39658.5852971 13112.5981873
39658.5852971 13122.5981873
39658.5852971 13132.5981873
39658.5852971 13142.5981873
39658.5852971 13152.5981873
39658.5852971 13162.5981873
39658.5852971 13172.5981873
39658.5852971 13182.5981873
39658.5852971 13192.5981873
39658.5852971 13202.5981873
39658.5852971 13212.5981873
39658.5852971 13222.5981873
39658.5852971 13232.5981873
39658.5852971 13242.5981873
39658.5852971 13252.5981873
39658.5852971 13262.5981873
39658.5852971 13272.5981873
39658.5852971 13282.5981873
39668.5852971 12392.5981873
39668.5852971 12402.5981873
39668.5852971 12412.5981873
39668.5852971 12422.5981873
39668.5852971 12432.5981873
39668.5852971 12442.5981873
39668.5852971 12452.5981873
39668.5852971 12462.5981873
39668.5852971 12472.5981873
39668.5852971 12482.5981873
39668.5852971 12492.5981873
39668.5852971 12502.5981873
39668.5852971 12512.5981873
39668.5852971 12522.5981873
39668.5852971 12532.5981873
39668.5852971 12542.5981873
39668.5852971 12552.5981873
39668.5852971 12562.5981873
39668.5852971 12572.5981873
39668.5852971 12582.5981873
39668.5852971 12592.5981873
39668.5852971 12602.5981873
39668.5852971 12612.5981873
39668.5852971 12622.5981873
39668.5852971 12632.5981873
39668.5852971 12642.5981873
39668.5852971 12652.5981873
39668.5852971 12662.5981873
39668.5852971 12672.5981873
39668.5852971 12682.5981873
39668.5852971 12692.5981873
39668.5852971 12702.5981873
39668.5852971 12712.5981873
39668.5852971 12722.5981873
39668.5852971 12732.5981873
39668.5852971 12742.5981873
39668.5852971 12752.5981873
39668.5852971 12762.5981873
39668.5852971 12772.5981873
39668.5852971 12782.5981873
39668.5852971 12792.5981873
39668.5852971 12802.5981873
39668.5852971 12812.5981873
39668.5852971 12822.5981873
39668.5852971 12832.5981873
39668.5852971 12842.5981873
39668.5852971 12852.5981873
39668.5852971 12862.5981873
39668.5852971 12872.5981873
39668.5852971 12882.5981873
39668.5852971 12892.5981873
39668.5852971 12902.5981873
39668.5852971 12912.5981873
39668.5852971 12922.5981873
39668.5852971 12932.5981873
39668.5852971 12942.5981873
39668.5852971 12952.5981873
39668.5852971 12962.5981873
39668.5852971 12972.5981873
39668.5852971 12982.5981873
39668.5852971 12992.5981873
39668.5852971 13002.5981873
39668.5852971 13012.5981873
39668.5852971 13022.5981873
39668.5852971 13032.5981873
39668.5852971 13042.5981873
39668.5852971 13052.5981873
39668.5852971 13062.5981873
39668.5852971 13072.5981873
39668.5852971 13082.5981873
39668.5852971 13092.5981873
39668.5852971 13102.5981873
39668.5852971 13112.5981873
39668.5852971 13122.5981873
39668.5852971 13132.5981873
39668.5852971 13142.5981873
39668.5852971 13152.5981873
39668.5852971 13162.5981873
39668.5852971 13172.5981873
39668.5852971 13182.5981873
39668.5852971 13192.5981873
39668.5852971 13202.5981873
39668.5852971 13212.5981873
39668.5852971 13222.5981873
39668.5852971 13232.5981873
39668.5852971 13242.5981873
39668.5852971 13252.5981873
39668.5852971 13262.5981873
39668.5852971 13272.5981873
39668.5852971 13282.5981873
39678.5852971 12392.5981873
39678.5852971 12402.5981873
39678.5852971 12412.5981873
39678.5852971 12422.5981873
39678.5852971 12432.5981873
39678.5852971 12442.5981873
39678.5852971 12452.5981873
39678.5852971 12462.5981873
39678.5852971 12472.5981873
39678.5852971 12482.5981873
39678.5852971 12492.5981873
39678.5852971 12502.5981873
39678.5852971 12512.5981873
39678.5852971 12522.5981873
39678.5852971 12532.5981873
39678.5852971 12542.5981873
39678.5852971 12552.5981873
39678.5852971 12562.5981873
39678.5852971 12572.5981873
39678.5852971 12582.5981873
39678.5852971 12592.5981873
39678.5852971 12602.5981873
39678.5852971 12612.5981873
39678.5852971 12622.5981873
39678.5852971 12632.5981873
39678.5852971 12642.5981873
39678.5852971 12652.5981873
39678.5852971 12662.5981873
39678.5852971 12672.5981873
39678.5852971 12682.5981873
39678.5852971 12692.5981873
39678.5852971 12702.5981873
39678.5852971 12712.5981873
39678.5852971 12722.5981873
39678.5852971 12732.5981873
39678.5852971 12742.5981873
39678.5852971 12752.5981873
39678.5852971 12762.5981873
39678.5852971 12772.5981873
39678.5852971 12782.5981873
39678.5852971 12792.5981873
39678.5852971 12802.5981873
39678.5852971 12812.5981873
39678.5852971 12822.5981873
39678.5852971 12832.5981873
39678.5852971 12842.5981873
39678.5852971 12852.5981873
39678.5852971 12862.5981873
39678.5852971 12872.5981873
39678.5852971 12882.5981873
39678.5852971 12892.5981873
39678.5852971 12902.5981873
39678.5852971 12912.5981873
39678.5852971 12922.5981873
39678.5852971 12932.5981873
39678.5852971 12942.5981873
39678.5852971 12952.5981873
39678.5852971 12962.5981873
39678.5852971 12972.5981873
39678.5852971 12982.5981873
39678.5852971 12992.5981873
39678.5852971 13002.5981873
39678.5852971 13012.5981873
39678.5852971 13022.5981873
39678.5852971 13032.5981873
39678.5852971 13042.5981873
39678.5852971 13052.5981873
39678.5852971 13062.5981873
39678.5852971 13072.5981873
39678.5852971 13082.5981873
39678.5852971 13092.5981873
39678.5852971 13102.5981873
39678.5852971 13112.5981873
39678.5852971 13122.5981873
39678.5852971 13132.5981873
39678.5852971 13142.5981873
39678.5852971 13152.5981873
39678.5852971 13162.5981873
39678.5852971 13172.5981873
39678.5852971 13182.5981873
39678.5852971 13192.5981873
39678.5852971 13202.5981873
39678.5852971 13212.5981873
39678.5852971 13222.5981873
39678.5852971 13232.5981873
39678.5852971 13242.5981873
39678.5852971 13252.5981873
39678.5852971 13262.5981873
39678.5852971 13272.5981873
39678.5852971 13282.5981873
39688.5852971 12392.5981873
39688.5852971 12402.5981873
39688.5852971 12412.5981873
39688.5852971 12422.5981873
39688.5852971 12432.5981873
39688.5852971 12442.5981873
39688.5852971 12452.5981873
39688.5852971 12462.5981873
39688.5852971 12472.5981873
39688.5852971 12482.5981873
39688.5852971 12492.5981873
39688.5852971 12502.5981873
39688.5852971 12512.5981873
39688.5852971 12522.5981873
39688.5852971 12532.5981873
39688.5852971 12542.5981873
39688.5852971 12552.5981873
39688.5852971 12562.5981873
39688.5852971 12572.5981873
39688.5852971 12582.5981873
39688.5852971 12592.5981873
39688.5852971 12602.5981873
39688.5852971 12612.5981873
39688.5852971 12622.5981873
39688.5852971 12632.5981873
39688.5852971 12642.5981873
39688.5852971 12652.5981873
39688.5852971 12662.5981873
39688.5852971 12672.5981873
39688.5852971 12682.5981873
39688.5852971 12692.5981873
39688.5852971 12702.5981873
39688.5852971 12712.5981873
39688.5852971 12722.5981873
39688.5852971 12732.5981873
39688.5852971 12742.5981873
39688.5852971 12752.5981873
39688.5852971 12762.5981873
39688.5852971 12772.5981873
39688.5852971 12782.5981873
39688.5852971 12792.5981873
39688.5852971 12802.5981873
39688.5852971 12812.5981873
39688.5852971 12822.5981873
39688.5852971 12832.5981873
39688.5852971 12842.5981873
39688.5852971 12852.5981873
39688.5852971 12862.5981873
39688.5852971 12872.5981873
39688.5852971 12882.5981873
39688.5852971 12892.5981873
39688.5852971 12902.5981873
39688.5852971 12912.5981873
39688.5852971 12922.5981873
39688.5852971 12932.5981873
39688.5852971 12942.5981873
39688.5852971 12952.5981873
39688.5852971 12962.5981873
39688.5852971 12972.5981873
39688.5852971 12982.5981873
39688.5852971 12992.5981873
39688.5852971 13002.5981873
39688.5852971 13012.5981873
39688.5852971 13022.5981873
39688.5852971 13032.5981873
39688.5852971 13042.5981873
39688.5852971 13052.5981873
39688.5852971 13062.5981873
39688.5852971 13072.5981873
39688.5852971 13082.5981873
39688.5852971 13092.5981873
39688.5852971 13102.5981873
39688.5852971 13112.5981873
39688.5852971 13122.5981873
39688.5852971 13132.5981873
39688.5852971 13142.5981873
39688.5852971 13152.5981873
39688.5852971 13162.5981873
39688.5852971 13172.5981873
39688.5852971 13182.5981873
39688.5852971 13192.5981873
39688.5852971 13202.5981873
39688.5852971 13212.5981873
39688.5852971 13222.5981873
39688.5852971 13232.5981873
39688.5852971 13242.5981873
39688.5852971 13252.5981873
39688.5852971 13262.5981873
39688.5852971 13272.5981873
39688.5852971 13282.5981873
39698.5852971 12392.5981873
39698.5852971 12402.5981873
39698.5852971 12412.5981873
39698.5852971 12422.5981873
39698.5852971 12432.5981873
39698.5852971 12442.5981873
39698.5852971 12452.5981873
39698.5852971 12462.5981873
39698.5852971 12472.5981873
39698.5852971 12482.5981873
39698.5852971 12492.5981873
39698.5852971 12502.5981873
39698.5852971 12512.5981873
39698.5852971 12522.5981873
39698.5852971 12532.5981873
39698.5852971 12542.5981873
39698.5852971 12552.5981873
39698.5852971 12562.5981873
39698.5852971 12572.5981873
39698.5852971 12582.5981873
39698.5852971 12592.5981873
39698.5852971 12602.5981873
39698.5852971 12612.5981873
39698.5852971 12622.5981873
39698.5852971 12632.5981873
39698.5852971 12642.5981873
39698.5852971 12652.5981873
39698.5852971 12662.5981873
39698.5852971 12672.5981873
39698.5852971 12682.5981873
39698.5852971 12692.5981873
39698.5852971 12702.5981873
39698.5852971 12712.5981873
39698.5852971 12722.5981873
39698.5852971 12732.5981873
39698.5852971 12742.5981873
39698.5852971 12752.5981873
39698.5852971 12762.5981873
39698.5852971 12772.5981873
39698.5852971 12782.5981873
39698.5852971 12792.5981873
39698.5852971 12802.5981873
39698.5852971 12812.5981873
39698.5852971 12822.5981873
39698.5852971 12832.5981873
39698.5852971 12842.5981873
39698.5852971 12852.5981873
39698.5852971 12862.5981873
39698.5852971 12872.5981873
39698.5852971 12882.5981873
39698.5852971 12892.5981873
39698.5852971 12902.5981873
39698.5852971 12912.5981873
39698.5852971 12922.5981873
39698.5852971 12932.5981873
39698.5852971 12942.5981873
39698.5852971 12952.5981873
39698.5852971 12962.5981873
39698.5852971 12972.5981873
39698.5852971 12982.5981873
39698.5852971 12992.5981873
39698.5852971 13002.5981873
39698.5852971 13012.5981873
39698.5852971 13022.5981873
39698.5852971 13032.5981873
39698.5852971 13042.5981873
39698.5852971 13052.5981873
39698.5852971 13062.5981873
39698.5852971 13072.5981873
39698.5852971 13082.5981873
39698.5852971 13092.5981873
39698.5852971 13102.5981873
39698.5852971 13112.5981873
39698.5852971 13122.5981873
39698.5852971 13132.5981873
39698.5852971 13142.5981873
39698.5852971 13152.5981873
39698.5852971 13162.5981873
39698.5852971 13172.5981873
39698.5852971 13182.5981873
39698.5852971 13192.5981873
39698.5852971 13202.5981873
39698.5852971 13212.5981873
39698.5852971 13222.5981873
39698.5852971 13232.5981873
39698.5852971 13242.5981873
39698.5852971 13252.5981873
39698.5852971 13262.5981873
39698.5852971 13272.5981873
39698.5852971 13282.5981873
39708.5852971 12392.5981873
39708.5852971 12402.5981873
39708.5852971 12412.5981873
39708.5852971 12422.5981873
39708.5852971 12432.5981873
39708.5852971 12442.5981873
39708.5852971 12452.5981873
39708.5852971 12462.5981873
39708.5852971 12472.5981873
39708.5852971 12482.5981873
39708.5852971 12492.5981873
39708.5852971 12502.5981873
39708.5852971 12512.5981873
39708.5852971 12522.5981873
39708.5852971 12532.5981873
39708.5852971 12542.5981873
39708.5852971 12552.5981873
39708.5852971 12562.5981873
39708.5852971 12572.5981873
39708.5852971 12582.5981873
39708.5852971 12592.5981873
39708.5852971 12602.5981873
39708.5852971 12612.5981873
39708.5852971 12622.5981873
39708.5852971 12632.5981873
39708.5852971 12642.5981873
39708.5852971 12652.5981873
39708.5852971 12662.5981873
39708.5852971 12672.5981873
39708.5852971 12682.5981873
39708.5852971 12692.5981873
39708.5852971 12702.5981873
39708.5852971 12712.5981873
39708.5852971 12722.5981873
39708.5852971 12732.5981873
39708.5852971 12742.5981873
39708.5852971 12752.5981873
39708.5852971 12762.5981873
39708.5852971 12772.5981873
39708.5852971 12782.5981873
39708.5852971 12792.5981873
39708.5852971 12802.5981873
39708.5852971 12812.5981873
39708.5852971 12822.5981873
39708.5852971 12832.5981873
39708.5852971 12842.5981873
39708.5852971 12852.5981873
39708.5852971 12862.5981873
39708.5852971 12872.5981873
39708.5852971 12882.5981873
39708.5852971 12892.5981873
39708.5852971 12902.5981873
39708.5852971 12912.5981873
39708.5852971 12922.5981873
39708.5852971 12932.5981873
39708.5852971 12942.5981873
39708.5852971 12952.5981873
39708.5852971 12962.5981873
39708.5852971 12972.5981873
39708.5852971 12982.5981873
39708.5852971 12992.5981873
39708.5852971 13002.5981873
39708.5852971 13012.5981873
39708.5852971 13022.5981873
39708.5852971 13032.5981873
39708.5852971 13042.5981873
39708.5852971 13052.5981873
39708.5852971 13062.5981873
39708.5852971 13072.5981873
39708.5852971 13082.5981873
39708.5852971 13092.5981873
39708.5852971 13102.5981873
39708.5852971 13112.5981873
39708.5852971 13122.5981873
39708.5852971 13132.5981873
39708.5852971 13142.5981873
39708.5852971 13152.5981873
39708.5852971 13162.5981873
39708.5852971 13172.5981873
39708.5852971 13182.5981873
39708.5852971 13192.5981873
39708.5852971 13202.5981873
39708.5852971 13212.5981873
39708.5852971 13222.5981873
39708.5852971 13232.5981873
39708.5852971 13242.5981873
39708.5852971 13252.5981873
39708.5852971 13262.5981873
39708.5852971 13272.5981873
39708.5852971 13282.5981873
39718.5852971 12392.5981873
39718.5852971 12402.5981873
39718.5852971 12412.5981873
39718.5852971 12422.5981873
39718.5852971 12432.5981873
39718.5852971 12442.5981873
39718.5852971 12452.5981873
39718.5852971 12462.5981873
39718.5852971 12472.5981873
39718.5852971 12482.5981873
39718.5852971 12492.5981873
39718.5852971 12502.5981873
39718.5852971 12512.5981873
39718.5852971 12522.5981873
39718.5852971 12532.5981873
39718.5852971 12542.5981873
39718.5852971 12552.5981873
39718.5852971 12562.5981873
39718.5852971 12572.5981873
39718.5852971 12582.5981873
39718.5852971 12592.5981873
39718.5852971 12602.5981873
39718.5852971 12612.5981873
39718.5852971 12622.5981873
39718.5852971 12632.5981873
39718.5852971 12642.5981873
39718.5852971 12652.5981873
39718.5852971 12662.5981873
39718.5852971 12672.5981873
39718.5852971 12682.5981873
39718.5852971 12692.5981873
39718.5852971 12702.5981873
39718.5852971 12712.5981873
39718.5852971 12722.5981873
39718.5852971 12732.5981873
39718.5852971 12742.5981873
39718.5852971 12752.5981873
39718.5852971 12762.5981873
39718.5852971 12772.5981873
39718.5852971 12782.5981873
39718.5852971 12792.5981873
39718.5852971 12802.5981873
39718.5852971 12812.5981873
39718.5852971 12822.5981873
39718.5852971 12832.5981873
39718.5852971 12842.5981873
39718.5852971 12852.5981873
39718.5852971 12862.5981873
39718.5852971 12872.5981873
39718.5852971 12882.5981873
39718.5852971 12892.5981873
39718.5852971 12902.5981873
39718.5852971 12912.5981873
39718.5852971 12922.5981873
39718.5852971 12932.5981873
39718.5852971 12942.5981873
39718.5852971 12952.5981873
39718.5852971 12962.5981873
39718.5852971 12972.5981873
39718.5852971 12982.5981873
39718.5852971 12992.5981873
39718.5852971 13002.5981873
39718.5852971 13012.5981873
39718.5852971 13022.5981873
39718.5852971 13032.5981873
39718.5852971 13042.5981873
39718.5852971 13052.5981873
39718.5852971 13062.5981873
39718.5852971 13072.5981873
39718.5852971 13082.5981873
39718.5852971 13092.5981873
39718.5852971 13102.5981873
39718.5852971 13112.5981873
39718.5852971 13122.5981873
39718.5852971 13132.5981873
39718.5852971 13142.5981873
39718.5852971 13152.5981873
39718.5852971 13162.5981873
39718.5852971 13172.5981873
39718.5852971 13182.5981873
39718.5852971 13192.5981873
39718.5852971 13202.5981873
39718.5852971 13212.5981873
39718.5852971 13222.5981873
39718.5852971 13232.5981873
39718.5852971 13242.5981873
39718.5852971 13252.5981873
39718.5852971 13262.5981873
39718.5852971 13272.5981873
39718.5852971 13282.5981873
39728.5852971 12392.5981873
39728.5852971 12402.5981873
39728.5852971 12412.5981873
39728.5852971 12422.5981873
39728.5852971 12432.5981873
39728.5852971 12442.5981873
39728.5852971 12452.5981873
39728.5852971 12462.5981873
39728.5852971 12472.5981873
39728.5852971 12482.5981873
39728.5852971 12492.5981873
39728.5852971 12502.5981873
39728.5852971 12512.5981873
39728.5852971 12522.5981873
39728.5852971 12532.5981873
39728.5852971 12542.5981873
39728.5852971 12552.5981873
39728.5852971 12562.5981873
39728.5852971 12572.5981873
39728.5852971 12582.5981873
39728.5852971 12592.5981873
39728.5852971 12602.5981873
39728.5852971 12612.5981873
39728.5852971 12622.5981873
39728.5852971 12632.5981873
39728.5852971 12642.5981873
39728.5852971 12652.5981873
39728.5852971 12662.5981873
39728.5852971 12672.5981873
39728.5852971 12682.5981873
39728.5852971 12692.5981873
39728.5852971 12702.5981873
39728.5852971 12712.5981873
39728.5852971 12722.5981873
39728.5852971 12732.5981873
39728.5852971 12742.5981873
39728.5852971 12752.5981873
39728.5852971 12762.5981873
39728.5852971 12772.5981873
39728.5852971 12782.5981873
39728.5852971 12792.5981873
39728.5852971 12802.5981873
39728.5852971 12812.5981873
39728.5852971 12822.5981873
39728.5852971 12832.5981873
39728.5852971 12842.5981873
39728.5852971 12852.5981873
39728.5852971 12862.5981873
39728.5852971 12872.5981873
39728.5852971 12882.5981873
39728.5852971 12892.5981873
39728.5852971 12902.5981873
39728.5852971 12912.5981873
39728.5852971 12922.5981873
39728.5852971 12932.5981873
39728.5852971 12942.5981873
39728.5852971 12952.5981873
39728.5852971 12962.5981873
39728.5852971 12972.5981873
39728.5852971 12982.5981873
39728.5852971 12992.5981873
39728.5852971 13002.5981873
39728.5852971 13012.5981873
39728.5852971 13022.5981873
39728.5852971 13032.5981873
39728.5852971 13042.5981873
39728.5852971 13052.5981873
39728.5852971 13062.5981873
39728.5852971 13072.5981873
39728.5852971 13082.5981873
39728.5852971 13092.5981873
39728.5852971 13102.5981873
39728.5852971 13112.5981873
39728.5852971 13122.5981873
39728.5852971 13132.5981873
39728.5852971 13142.5981873
39728.5852971 13152.5981873
39728.5852971 13162.5981873
39728.5852971 13172.5981873
39728.5852971 13182.5981873
39728.5852971 13192.5981873
39728.5852971 13202.5981873
39728.5852971 13212.5981873
39728.5852971 13222.5981873
39728.5852971 13232.5981873
39728.5852971 13242.5981873
39728.5852971 13252.5981873
39728.5852971 13262.5981873
39728.5852971 13272.5981873
39728.5852971 13282.5981873
39738.5852971 12392.5981873
39738.5852971 12402.5981873
39738.5852971 12412.5981873
39738.5852971 12422.5981873
39738.5852971 12432.5981873
39738.5852971 12442.5981873
39738.5852971 12452.5981873
39738.5852971 12462.5981873
39738.5852971 12472.5981873
39738.5852971 12482.5981873
39738.5852971 12492.5981873
39738.5852971 12502.5981873
39738.5852971 12512.5981873
39738.5852971 12522.5981873
39738.5852971 12532.5981873
39738.5852971 12542.5981873
39738.5852971 12552.5981873
39738.5852971 12562.5981873
39738.5852971 12572.5981873
39738.5852971 12582.5981873
39738.5852971 12592.5981873
39738.5852971 12602.5981873
39738.5852971 12612.5981873
39738.5852971 12622.5981873
39738.5852971 12632.5981873
39738.5852971 12642.5981873
39738.5852971 12652.5981873
39738.5852971 12662.5981873
39738.5852971 12672.5981873
39738.5852971 12682.5981873
39738.5852971 12692.5981873
39738.5852971 12702.5981873
39738.5852971 12712.5981873
39738.5852971 12722.5981873
39738.5852971 12732.5981873
39738.5852971 12742.5981873
39738.5852971 12752.5981873
39738.5852971 12762.5981873
39738.5852971 12772.5981873
39738.5852971 12782.5981873
39738.5852971 12792.5981873
39738.5852971 12802.5981873
39738.5852971 12812.5981873
39738.5852971 12822.5981873
39738.5852971 12832.5981873
39738.5852971 12842.5981873
39738.5852971 12852.5981873
39738.5852971 12862.5981873
39738.5852971 12872.5981873
39738.5852971 12882.5981873
39738.5852971 12892.5981873
39738.5852971 12902.5981873
39738.5852971 12912.5981873
39738.5852971 12922.5981873
39738.5852971 12932.5981873
39738.5852971 12942.5981873
39738.5852971 12952.5981873
39738.5852971 12962.5981873
39738.5852971 12972.5981873
39738.5852971 12982.5981873
39738.5852971 12992.5981873
39738.5852971 13002.5981873
39738.5852971 13012.5981873
39738.5852971 13022.5981873
39738.5852971 13032.5981873
39738.5852971 13042.5981873
39738.5852971 13052.5981873
39738.5852971 13062.5981873
39738.5852971 13072.5981873
39738.5852971 13082.5981873
39738.5852971 13092.5981873
39738.5852971 13102.5981873
39738.5852971 13112.5981873
39738.5852971 13122.5981873
39738.5852971 13132.5981873
39738.5852971 13142.5981873
39738.5852971 13152.5981873
39738.5852971 13162.5981873
39738.5852971 13172.5981873
39738.5852971 13182.5981873
39738.5852971 13192.5981873
39738.5852971 13202.5981873
39738.5852971 13212.5981873
39738.5852971 13222.5981873
39738.5852971 13232.5981873
39738.5852971 13242.5981873
39738.5852971 13252.5981873
39738.5852971 13262.5981873
39738.5852971 13272.5981873
39738.5852971 13282.5981873
39748.5852971 12392.5981873
39748.5852971 12402.5981873
39748.5852971 12412.5981873
39748.5852971 12422.5981873
39748.5852971 12432.5981873
39748.5852971 12442.5981873
39748.5852971 12452.5981873
39748.5852971 12462.5981873
39748.5852971 12472.5981873
39748.5852971 12482.5981873
39748.5852971 12492.5981873
39748.5852971 12502.5981873
39748.5852971 12512.5981873
39748.5852971 12522.5981873
39748.5852971 12532.5981873
39748.5852971 12542.5981873
39748.5852971 12552.5981873
39748.5852971 12562.5981873
39748.5852971 12572.5981873
39748.5852971 12582.5981873
39748.5852971 12592.5981873
39748.5852971 12602.5981873
39748.5852971 12612.5981873
39748.5852971 12622.5981873
39748.5852971 12632.5981873
39748.5852971 12642.5981873
39748.5852971 12652.5981873
39748.5852971 12662.5981873
39748.5852971 12672.5981873
39748.5852971 12682.5981873
39748.5852971 12692.5981873
39748.5852971 12702.5981873
39748.5852971 12712.5981873
39748.5852971 12722.5981873
39748.5852971 12732.5981873
39748.5852971 12742.5981873
39748.5852971 12752.5981873
39748.5852971 12762.5981873
39748.5852971 12772.5981873
39748.5852971 12782.5981873
39748.5852971 12792.5981873
39748.5852971 12802.5981873
39748.5852971 12812.5981873
39748.5852971 12822.5981873
39748.5852971 12832.5981873
39748.5852971 12842.5981873
39748.5852971 12852.5981873
39748.5852971 12862.5981873
39748.5852971 12872.5981873
39748.5852971 12882.5981873
39748.5852971 12892.5981873
39748.5852971 12902.5981873
39748.5852971 12912.5981873
39748.5852971 12922.5981873
39748.5852971 12932.5981873
39748.5852971 12942.5981873
39748.5852971 12952.5981873
39748.5852971 12962.5981873
39748.5852971 12972.5981873
39748.5852971 12982.5981873
39748.5852971 12992.5981873
39748.5852971 13002.5981873
39748.5852971 13012.5981873
39748.5852971 13022.5981873
39748.5852971 13032.5981873
39748.5852971 13042.5981873
39748.5852971 13052.5981873
39748.5852971 13062.5981873
39748.5852971 13072.5981873
39748.5852971 13082.5981873
39748.5852971 13092.5981873
39748.5852971 13102.5981873
39748.5852971 13112.5981873
39748.5852971 13122.5981873
39748.5852971 13132.5981873
39748.5852971 13142.5981873
39748.5852971 13152.5981873
39748.5852971 13162.5981873
39748.5852971 13172.5981873
39748.5852971 13182.5981873
39748.5852971 13192.5981873
39748.5852971 13202.5981873
39748.5852971 13212.5981873
39748.5852971 13222.5981873
39748.5852971 13232.5981873
39748.5852971 13242.5981873
39748.5852971 13252.5981873
39748.5852971 13262.5981873
39748.5852971 13272.5981873
39748.5852971 13282.5981873
39758.5852971 12392.5981873
39758.5852971 12402.5981873
39758.5852971 12412.5981873
39758.5852971 12422.5981873
39758.5852971 12432.5981873
39758.5852971 12442.5981873
39758.5852971 12452.5981873
39758.5852971 12462.5981873
39758.5852971 12472.5981873
39758.5852971 12482.5981873
39758.5852971 12492.5981873
39758.5852971 12502.5981873
39758.5852971 12512.5981873
39758.5852971 12522.5981873
39758.5852971 12532.5981873
39758.5852971 12542.5981873
39758.5852971 12552.5981873
39758.5852971 12562.5981873
39758.5852971 12572.5981873
39758.5852971 12582.5981873
39758.5852971 12592.5981873
39758.5852971 12602.5981873
39758.5852971 12612.5981873
39758.5852971 12622.5981873
39758.5852971 12632.5981873
39758.5852971 12642.5981873
39758.5852971 12652.5981873
39758.5852971 12662.5981873
39758.5852971 12672.5981873
39758.5852971 12682.5981873
39758.5852971 12692.5981873
39758.5852971 12702.5981873
39758.5852971 12712.5981873
39758.5852971 12722.5981873
39758.5852971 12732.5981873
39758.5852971 12742.5981873
39758.5852971 12752.5981873
39758.5852971 12762.5981873
39758.5852971 12772.5981873
39758.5852971 12782.5981873
39758.5852971 12792.5981873
39758.5852971 12802.5981873
39758.5852971 12812.5981873
39758.5852971 12822.5981873
39758.5852971 12832.5981873
39758.5852971 12842.5981873
39758.5852971 12852.5981873
39758.5852971 12862.5981873
39758.5852971 12872.5981873
39758.5852971 12882.5981873
39758.5852971 12892.5981873
39758.5852971 12902.5981873
39758.5852971 12912.5981873
39758.5852971 12922.5981873
39758.5852971 12932.5981873
39758.5852971 12942.5981873
39758.5852971 12952.5981873
39758.5852971 12962.5981873
39758.5852971 12972.5981873
39758.5852971 12982.5981873
39758.5852971 12992.5981873
39758.5852971 13002.5981873
39758.5852971 13012.5981873
39758.5852971 13022.5981873
39758.5852971 13032.5981873
39758.5852971 13042.5981873
39758.5852971 13052.5981873
39758.5852971 13062.5981873
39758.5852971 13072.5981873
39758.5852971 13082.5981873
39758.5852971 13092.5981873
39758.5852971 13102.5981873
39758.5852971 13112.5981873
39758.5852971 13122.5981873
39758.5852971 13132.5981873
39758.5852971 13142.5981873
39758.5852971 13152.5981873
39758.5852971 13162.5981873
39758.5852971 13172.5981873
39758.5852971 13182.5981873
39758.5852971 13192.5981873
39758.5852971 13202.5981873
39758.5852971 13212.5981873
39758.5852971 13222.5981873
39758.5852971 13232.5981873
39758.5852971 13242.5981873
39758.5852971 13252.5981873
39758.5852971 13262.5981873
39758.5852971 13272.5981873
39758.5852971 13282.5981873
39768.5852971 12392.5981873
39768.5852971 12402.5981873
39768.5852971 12412.5981873
39768.5852971 12422.5981873
39768.5852971 12432.5981873
39768.5852971 12442.5981873
39768.5852971 12452.5981873
39768.5852971 12462.5981873
39768.5852971 12472.5981873
39768.5852971 12482.5981873
39768.5852971 12492.5981873
39768.5852971 12502.5981873
39768.5852971 12512.5981873
39768.5852971 12522.5981873
39768.5852971 12532.5981873
39768.5852971 12542.5981873
39768.5852971 12552.5981873
39768.5852971 12562.5981873
39768.5852971 12572.5981873
39768.5852971 12582.5981873
39768.5852971 12592.5981873
39768.5852971 12602.5981873
39768.5852971 12612.5981873
39768.5852971 12622.5981873
39768.5852971 12632.5981873
39768.5852971 12642.5981873
39768.5852971 12652.5981873
39768.5852971 12662.5981873
39768.5852971 12672.5981873
39768.5852971 12682.5981873
39768.5852971 12692.5981873
39768.5852971 12702.5981873
39768.5852971 12712.5981873
39768.5852971 12722.5981873
39768.5852971 12732.5981873
39768.5852971 12742.5981873
39768.5852971 12752.5981873
39768.5852971 12762.5981873
39768.5852971 12772.5981873
39768.5852971 12782.5981873
39768.5852971 12792.5981873
39768.5852971 12802.5981873
39768.5852971 12812.5981873
39768.5852971 12822.5981873
39768.5852971 12832.5981873
39768.5852971 12842.5981873
39768.5852971 12852.5981873
39768.5852971 12862.5981873
39768.5852971 12872.5981873
39768.5852971 12882.5981873
39768.5852971 12892.5981873
39768.5852971 12902.5981873
39768.5852971 12912.5981873
39768.5852971 12922.5981873
39768.5852971 12932.5981873
39768.5852971 12942.5981873
39768.5852971 12952.5981873
39768.5852971 12962.5981873
39768.5852971 12972.5981873
39768.5852971 12982.5981873
39768.5852971 12992.5981873
39768.5852971 13002.5981873
39768.5852971 13012.5981873
39768.5852971 13022.5981873
39768.5852971 13032.5981873
39768.5852971 13042.5981873
39768.5852971 13052.5981873
39768.5852971 13062.5981873
39768.5852971 13072.5981873
39768.5852971 13082.5981873
39768.5852971 13092.5981873
39768.5852971 13102.5981873
39768.5852971 13112.5981873
39768.5852971 13122.5981873
39768.5852971 13132.5981873
39768.5852971 13142.5981873
39768.5852971 13152.5981873
39768.5852971 13162.5981873
39768.5852971 13172.5981873
39768.5852971 13182.5981873
39768.5852971 13192.5981873
39768.5852971 13202.5981873
39768.5852971 13212.5981873
39768.5852971 13222.5981873
39768.5852971 13232.5981873
39768.5852971 13242.5981873
39768.5852971 13252.5981873
39768.5852971 13262.5981873
39768.5852971 13272.5981873
39768.5852971 13282.5981873
39778.5852971 12392.5981873
39778.5852971 12402.5981873
39778.5852971 12412.5981873
39778.5852971 12422.5981873
39778.5852971 12432.5981873
39778.5852971 12442.5981873
39778.5852971 12452.5981873
39778.5852971 12462.5981873
39778.5852971 12472.5981873
39778.5852971 12482.5981873
39778.5852971 12492.5981873
39778.5852971 12502.5981873
39778.5852971 12512.5981873
39778.5852971 12522.5981873
39778.5852971 12532.5981873
39778.5852971 12542.5981873
39778.5852971 12552.5981873
39778.5852971 12562.5981873
39778.5852971 12572.5981873
39778.5852971 12582.5981873
39778.5852971 12592.5981873
39778.5852971 12602.5981873
39778.5852971 12612.5981873
39778.5852971 12622.5981873
39778.5852971 12632.5981873
39778.5852971 12642.5981873
39778.5852971 12652.5981873
39778.5852971 12662.5981873
39778.5852971 12672.5981873
39778.5852971 12682.5981873
39778.5852971 12692.5981873
39778.5852971 12702.5981873
39778.5852971 12712.5981873
39778.5852971 12722.5981873
39778.5852971 12732.5981873
39778.5852971 12742.5981873
39778.5852971 12752.5981873
39778.5852971 12762.5981873
39778.5852971 12772.5981873
39778.5852971 12782.5981873
39778.5852971 12792.5981873
39778.5852971 12802.5981873
39778.5852971 12812.5981873
39778.5852971 12822.5981873
39778.5852971 12832.5981873
39778.5852971 12842.5981873
39778.5852971 12852.5981873
39778.5852971 12862.5981873
39778.5852971 12872.5981873
39778.5852971 12882.5981873
39778.5852971 12892.5981873
39778.5852971 12902.5981873
39778.5852971 12912.5981873
39778.5852971 12922.5981873
39778.5852971 12932.5981873
39778.5852971 12942.5981873
39778.5852971 12952.5981873
39778.5852971 12962.5981873
39778.5852971 12972.5981873
39778.5852971 12982.5981873
39778.5852971 12992.5981873
39778.5852971 13002.5981873
39778.5852971 13012.5981873
39778.5852971 13022.5981873
39778.5852971 13032.5981873
39778.5852971 13042.5981873
39778.5852971 13052.5981873
39778.5852971 13062.5981873
39778.5852971 13072.5981873
39778.5852971 13082.5981873
39778.5852971 13092.5981873
39778.5852971 13102.5981873
39778.5852971 13112.5981873
39778.5852971 13122.5981873
39778.5852971 13132.5981873
39778.5852971 13142.5981873
39778.5852971 13152.5981873
39778.5852971 13162.5981873
39778.5852971 13172.5981873
39778.5852971 13182.5981873
39778.5852971 13192.5981873
39778.5852971 13202.5981873
39778.5852971 13212.5981873
39778.5852971 13222.5981873
39778.5852971 13232.5981873
39778.5852971 13242.5981873
39778.5852971 13252.5981873
39778.5852971 13262.5981873
39778.5852971 13272.5981873
39778.5852971 13282.5981873
39788.5852971 12392.5981873
39788.5852971 12402.5981873
39788.5852971 12412.5981873
39788.5852971 12422.5981873
39788.5852971 12432.5981873
39788.5852971 12442.5981873
39788.5852971 12452.5981873
39788.5852971 12462.5981873
39788.5852971 12472.5981873
39788.5852971 12482.5981873
39788.5852971 12492.5981873
39788.5852971 12502.5981873
39788.5852971 12512.5981873
39788.5852971 12522.5981873
39788.5852971 12532.5981873
39788.5852971 12542.5981873
39788.5852971 12552.5981873
39788.5852971 12562.5981873
39788.5852971 12572.5981873
39788.5852971 12582.5981873
39788.5852971 12592.5981873
39788.5852971 12602.5981873
39788.5852971 12612.5981873
39788.5852971 12622.5981873
39788.5852971 12632.5981873
39788.5852971 12642.5981873
39788.5852971 12652.5981873
39788.5852971 12662.5981873
39788.5852971 12672.5981873
39788.5852971 12682.5981873
39788.5852971 12692.5981873
39788.5852971 12702.5981873
39788.5852971 12712.5981873
39788.5852971 12722.5981873
39788.5852971 12732.5981873
39788.5852971 12742.5981873
39788.5852971 12752.5981873
39788.5852971 12762.5981873
39788.5852971 12772.5981873
39788.5852971 12782.5981873
39788.5852971 12792.5981873
39788.5852971 12802.5981873
39788.5852971 12812.5981873
39788.5852971 12822.5981873
39788.5852971 12832.5981873
39788.5852971 12842.5981873
39788.5852971 12852.5981873
39788.5852971 12862.5981873
39788.5852971 12872.5981873
39788.5852971 12882.5981873
39788.5852971 12892.5981873
39788.5852971 12902.5981873
39788.5852971 12912.5981873
39788.5852971 12922.5981873
39788.5852971 12932.5981873
39788.5852971 12942.5981873
39788.5852971 12952.5981873
39788.5852971 12962.5981873
39788.5852971 12972.5981873
39788.5852971 12982.5981873
39788.5852971 12992.5981873
39788.5852971 13002.5981873
39788.5852971 13012.5981873
39788.5852971 13022.5981873
39788.5852971 13032.5981873
39788.5852971 13042.5981873
39788.5852971 13052.5981873
39788.5852971 13062.5981873
39788.5852971 13072.5981873
39788.5852971 13082.5981873
39788.5852971 13092.5981873
39788.5852971 13102.5981873
39788.5852971 13112.5981873
39788.5852971 13122.5981873
39788.5852971 13132.5981873
39788.5852971 13142.5981873
39788.5852971 13152.5981873
39788.5852971 13162.5981873
39788.5852971 13172.5981873
39788.5852971 13182.5981873
39788.5852971 13192.5981873
39788.5852971 13202.5981873
39788.5852971 13212.5981873
39788.5852971 13222.5981873
39788.5852971 13232.5981873
39788.5852971 13242.5981873
39788.5852971 13252.5981873
39788.5852971 13262.5981873
39788.5852971 13272.5981873
39788.5852971 13282.5981873
39798.5852971 12392.5981873
39798.5852971 12402.5981873
39798.5852971 12412.5981873
39798.5852971 12422.5981873
39798.5852971 12432.5981873
39798.5852971 12442.5981873
39798.5852971 12452.5981873
39798.5852971 12462.5981873
39798.5852971 12472.5981873
39798.5852971 12482.5981873
39798.5852971 12492.5981873
39798.5852971 12502.5981873
39798.5852971 12512.5981873
39798.5852971 12522.5981873
39798.5852971 12532.5981873
39798.5852971 12542.5981873
39798.5852971 12552.5981873
39798.5852971 12562.5981873
39798.5852971 12572.5981873
39798.5852971 12582.5981873
39798.5852971 12592.5981873
39798.5852971 12602.5981873
39798.5852971 12612.5981873
39798.5852971 12622.5981873
39798.5852971 12632.5981873
39798.5852971 12642.5981873
39798.5852971 12652.5981873
39798.5852971 12662.5981873
39798.5852971 12672.5981873
39798.5852971 12682.5981873
39798.5852971 12692.5981873
39798.5852971 12702.5981873
39798.5852971 12712.5981873
39798.5852971 12722.5981873
39798.5852971 12732.5981873
39798.5852971 12742.5981873
39798.5852971 12752.5981873
39798.5852971 12762.5981873
39798.5852971 12772.5981873
39798.5852971 12782.5981873
39798.5852971 12792.5981873
39798.5852971 12802.5981873
39798.5852971 12812.5981873
39798.5852971 12822.5981873
39798.5852971 12832.5981873
39798.5852971 12842.5981873
39798.5852971 12852.5981873
39798.5852971 12862.5981873
39798.5852971 12872.5981873
39798.5852971 12882.5981873
39798.5852971 12892.5981873
39798.5852971 12902.5981873
39798.5852971 12912.5981873
39798.5852971 12922.5981873
39798.5852971 12932.5981873
39798.5852971 12942.5981873
39798.5852971 12952.5981873
39798.5852971 12962.5981873
39798.5852971 12972.5981873
39798.5852971 12982.5981873
39798.5852971 12992.5981873
39798.5852971 13002.5981873
39798.5852971 13012.5981873
39798.5852971 13022.5981873
39798.5852971 13032.5981873
39798.5852971 13042.5981873
39798.5852971 13052.5981873
39798.5852971 13062.5981873
39798.5852971 13072.5981873
39798.5852971 13082.5981873
39798.5852971 13092.5981873
39798.5852971 13102.5981873
39798.5852971 13112.5981873
39798.5852971 13122.5981873
39798.5852971 13132.5981873
39798.5852971 13142.5981873
39798.5852971 13152.5981873
39798.5852971 13162.5981873
39798.5852971 13172.5981873
39798.5852971 13182.5981873
39798.5852971 13192.5981873
39798.5852971 13202.5981873
39798.5852971 13212.5981873
39798.5852971 13222.5981873
39798.5852971 13232.5981873
39798.5852971 13242.5981873
39798.5852971 13252.5981873
39798.5852971 13262.5981873
39798.5852971 13272.5981873
39798.5852971 13282.5981873
39808.5852971 12392.5981873
39808.5852971 12402.5981873
39808.5852971 12412.5981873
39808.5852971 12422.5981873
39808.5852971 12432.5981873
39808.5852971 12442.5981873
39808.5852971 12452.5981873
39808.5852971 12462.5981873
39808.5852971 12472.5981873
39808.5852971 12482.5981873
39808.5852971 12492.5981873
39808.5852971 12502.5981873
39808.5852971 12512.5981873
39808.5852971 12522.5981873
39808.5852971 12532.5981873
39808.5852971 12542.5981873
39808.5852971 12552.5981873
39808.5852971 12562.5981873
39808.5852971 12572.5981873
39808.5852971 12582.5981873
39808.5852971 12592.5981873
39808.5852971 12602.5981873
39808.5852971 12612.5981873
39808.5852971 12622.5981873
39808.5852971 12632.5981873
39808.5852971 12642.5981873
39808.5852971 12652.5981873
39808.5852971 12662.5981873
39808.5852971 12672.5981873
39808.5852971 12682.5981873
39808.5852971 12692.5981873
39808.5852971 12702.5981873
39808.5852971 12712.5981873
39808.5852971 12722.5981873
39808.5852971 12732.5981873
39808.5852971 12742.5981873
39808.5852971 12752.5981873
39808.5852971 12762.5981873
39808.5852971 12772.5981873
39808.5852971 12782.5981873
39808.5852971 12792.5981873
39808.5852971 12802.5981873
39808.5852971 12812.5981873
39808.5852971 12822.5981873
39808.5852971 12832.5981873
39808.5852971 12842.5981873
39808.5852971 12852.5981873
39808.5852971 12862.5981873
39808.5852971 12872.5981873
39808.5852971 12882.5981873
39808.5852971 12892.5981873
39808.5852971 12902.5981873
39808.5852971 12912.5981873
39808.5852971 12922.5981873
39808.5852971 12932.5981873
39808.5852971 12942.5981873
39808.5852971 12952.5981873
39808.5852971 12962.5981873
39808.5852971 12972.5981873
39808.5852971 12982.5981873
39808.5852971 12992.5981873
39808.5852971 13002.5981873
39808.5852971 13012.5981873
39808.5852971 13022.5981873
39808.5852971 13032.5981873
39808.5852971 13042.5981873
39808.5852971 13052.5981873
39808.5852971 13062.5981873
39808.5852971 13072.5981873
39808.5852971 13082.5981873
39808.5852971 13092.5981873
39808.5852971 13102.5981873
39808.5852971 13112.5981873
39808.5852971 13122.5981873
39808.5852971 13132.5981873
39808.5852971 13142.5981873
39808.5852971 13152.5981873
39808.5852971 13162.5981873
39808.5852971 13172.5981873
39808.5852971 13182.5981873
39808.5852971 13192.5981873
39808.5852971 13202.5981873
39808.5852971 13212.5981873
39808.5852971 13222.5981873
39808.5852971 13232.5981873
39808.5852971 13242.5981873
39808.5852971 13252.5981873
39808.5852971 13262.5981873
39808.5852971 13272.5981873
39808.5852971 13282.5981873
39818.5852971 12392.5981873
39818.5852971 12402.5981873
39818.5852971 12412.5981873
39818.5852971 12422.5981873
39818.5852971 12432.5981873
39818.5852971 12442.5981873
39818.5852971 12452.5981873
39818.5852971 12462.5981873
39818.5852971 12472.5981873
39818.5852971 12482.5981873
39818.5852971 12492.5981873
39818.5852971 12502.5981873
39818.5852971 12512.5981873
39818.5852971 12522.5981873
39818.5852971 12532.5981873
39818.5852971 12542.5981873
39818.5852971 12552.5981873
39818.5852971 12562.5981873
39818.5852971 12572.5981873
39818.5852971 12582.5981873
39818.5852971 12592.5981873
39818.5852971 12602.5981873
39818.5852971 12612.5981873
39818.5852971 12622.5981873
39818.5852971 12632.5981873
39818.5852971 12642.5981873
39818.5852971 12652.5981873
39818.5852971 12662.5981873
39818.5852971 12672.5981873
39818.5852971 12682.5981873
39818.5852971 12692.5981873
39818.5852971 12702.5981873
39818.5852971 12712.5981873
39818.5852971 12722.5981873
39818.5852971 12732.5981873
39818.5852971 12742.5981873
39818.5852971 12752.5981873
39818.5852971 12762.5981873
39818.5852971 12772.5981873
39818.5852971 12782.5981873
39818.5852971 12792.5981873
39818.5852971 12802.5981873
39818.5852971 12812.5981873
39818.5852971 12822.5981873
39818.5852971 12832.5981873
39818.5852971 12842.5981873
39818.5852971 12852.5981873
39818.5852971 12862.5981873
39818.5852971 12872.5981873
39818.5852971 12882.5981873
39818.5852971 12892.5981873
39818.5852971 12902.5981873
39818.5852971 12912.5981873
39818.5852971 12922.5981873
39818.5852971 12932.5981873
39818.5852971 12942.5981873
39818.5852971 12952.5981873
39818.5852971 12962.5981873
39818.5852971 12972.5981873
39818.5852971 12982.5981873
39818.5852971 12992.5981873
39818.5852971 13002.5981873
39818.5852971 13012.5981873
39818.5852971 13022.5981873
39818.5852971 13032.5981873
39818.5852971 13042.5981873
39818.5852971 13052.5981873
39818.5852971 13062.5981873
39818.5852971 13072.5981873
39818.5852971 13082.5981873
39818.5852971 13092.5981873
39818.5852971 13102.5981873
39818.5852971 13112.5981873
39818.5852971 13122.5981873
39818.5852971 13132.5981873
39818.5852971 13142.5981873
39818.5852971 13152.5981873
39818.5852971 13162.5981873
39818.5852971 13172.5981873
39818.5852971 13182.5981873
39818.5852971 13192.5981873
39818.5852971 13202.5981873
39818.5852971 13212.5981873
39818.5852971 13222.5981873
39818.5852971 13232.5981873
39818.5852971 13242.5981873
39818.5852971 13252.5981873
39818.5852971 13262.5981873
39818.5852971 13272.5981873
39818.5852971 13282.5981873
39828.5852971 12392.5981873
39828.5852971 12402.5981873
39828.5852971 12412.5981873
39828.5852971 12422.5981873
39828.5852971 12432.5981873
39828.5852971 12442.5981873
39828.5852971 12452.5981873
39828.5852971 12462.5981873
39828.5852971 12472.5981873
39828.5852971 12482.5981873
39828.5852971 12492.5981873
39828.5852971 12502.5981873
39828.5852971 12512.5981873
39828.5852971 12522.5981873
39828.5852971 12532.5981873
39828.5852971 12542.5981873
39828.5852971 12552.5981873
39828.5852971 12562.5981873
39828.5852971 12572.5981873
39828.5852971 12582.5981873
39828.5852971 12592.5981873
39828.5852971 12602.5981873
39828.5852971 12612.5981873
39828.5852971 12622.5981873
39828.5852971 12632.5981873
39828.5852971 12642.5981873
39828.5852971 12652.5981873
39828.5852971 12662.5981873
39828.5852971 12672.5981873
39828.5852971 12682.5981873
39828.5852971 12692.5981873
39828.5852971 12702.5981873
39828.5852971 12712.5981873
39828.5852971 12722.5981873
39828.5852971 12732.5981873
39828.5852971 12742.5981873
39828.5852971 12752.5981873
39828.5852971 12762.5981873
39828.5852971 12772.5981873
39828.5852971 12782.5981873
39828.5852971 12792.5981873
39828.5852971 12802.5981873
39828.5852971 12812.5981873
39828.5852971 12822.5981873
39828.5852971 12832.5981873
39828.5852971 12842.5981873
39828.5852971 12852.5981873
39828.5852971 12862.5981873
39828.5852971 12872.5981873
39828.5852971 12882.5981873
39828.5852971 12892.5981873
39828.5852971 12902.5981873
39828.5852971 12912.5981873
39828.5852971 12922.5981873
39828.5852971 12932.5981873
39828.5852971 12942.5981873
39828.5852971 12952.5981873
39828.5852971 12962.5981873
39828.5852971 12972.5981873
39828.5852971 12982.5981873
39828.5852971 12992.5981873
39828.5852971 13002.5981873
39828.5852971 13012.5981873
39828.5852971 13022.5981873
39828.5852971 13032.5981873
39828.5852971 13042.5981873
39828.5852971 13052.5981873
39828.5852971 13062.5981873
39828.5852971 13072.5981873
39828.5852971 13082.5981873
39828.5852971 13092.5981873
39828.5852971 13102.5981873
39828.5852971 13112.5981873
39828.5852971 13122.5981873
39828.5852971 13132.5981873
39828.5852971 13142.5981873
39828.5852971 13152.5981873
39828.5852971 13162.5981873
39828.5852971 13172.5981873
39828.5852971 13182.5981873
39828.5852971 13192.5981873
39828.5852971 13202.5981873
39828.5852971 13212.5981873
39828.5852971 13222.5981873
39828.5852971 13232.5981873
39828.5852971 13242.5981873
39828.5852971 13252.5981873
39828.5852971 13262.5981873
39828.5852971 13272.5981873
39828.5852971 13282.5981873
39838.5852971 12392.5981873
39838.5852971 12402.5981873
39838.5852971 12412.5981873
39838.5852971 12422.5981873
39838.5852971 12432.5981873
39838.5852971 12442.5981873
39838.5852971 12452.5981873
39838.5852971 12462.5981873
39838.5852971 12472.5981873
39838.5852971 12482.5981873
39838.5852971 12492.5981873
39838.5852971 12502.5981873
39838.5852971 12512.5981873
39838.5852971 12522.5981873
39838.5852971 12532.5981873
39838.5852971 12542.5981873
39838.5852971 12552.5981873
39838.5852971 12562.5981873
39838.5852971 12572.5981873
39838.5852971 12582.5981873
39838.5852971 12592.5981873
39838.5852971 12602.5981873
39838.5852971 12612.5981873
39838.5852971 12622.5981873
39838.5852971 12632.5981873
39838.5852971 12642.5981873
39838.5852971 12652.5981873
39838.5852971 12662.5981873
39838.5852971 12672.5981873
39838.5852971 12682.5981873
39838.5852971 12692.5981873
39838.5852971 12702.5981873
39838.5852971 12712.5981873
39838.5852971 12722.5981873
39838.5852971 12732.5981873
39838.5852971 12742.5981873
39838.5852971 12752.5981873
39838.5852971 12762.5981873
39838.5852971 12772.5981873
39838.5852971 12782.5981873
39838.5852971 12792.5981873
39838.5852971 12802.5981873
39838.5852971 12812.5981873
39838.5852971 12822.5981873
39838.5852971 12832.5981873
39838.5852971 12842.5981873
39838.5852971 12852.5981873
39838.5852971 12862.5981873
39838.5852971 12872.5981873
39838.5852971 12882.5981873
39838.5852971 12892.5981873
39838.5852971 12902.5981873
39838.5852971 12912.5981873
39838.5852971 12922.5981873
39838.5852971 12932.5981873
39838.5852971 12942.5981873
39838.5852971 12952.5981873
39838.5852971 12962.5981873
39838.5852971 12972.5981873
39838.5852971 12982.5981873
39838.5852971 12992.5981873
39838.5852971 13002.5981873
39838.5852971 13012.5981873
39838.5852971 13022.5981873
39838.5852971 13032.5981873
39838.5852971 13042.5981873
39838.5852971 13052.5981873
39838.5852971 13062.5981873
39838.5852971 13072.5981873
39838.5852971 13082.5981873
39838.5852971 13092.5981873
39838.5852971 13102.5981873
39838.5852971 13112.5981873
39838.5852971 13122.5981873
39838.5852971 13132.5981873
39838.5852971 13142.5981873
39838.5852971 13152.5981873
39838.5852971 13162.5981873
39838.5852971 13172.5981873
39838.5852971 13182.5981873
39838.5852971 13192.5981873
39838.5852971 13202.5981873
39838.5852971 13212.5981873
39838.5852971 13222.5981873
39838.5852971 13232.5981873
39838.5852971 13242.5981873
39838.5852971 13252.5981873
39838.5852971 13262.5981873
39838.5852971 13272.5981873
39838.5852971 13282.5981873
39848.5852971 12392.5981873
39848.5852971 12402.5981873
39848.5852971 12412.5981873
39848.5852971 12422.5981873
39848.5852971 12432.5981873
39848.5852971 12442.5981873
39848.5852971 12452.5981873
39848.5852971 12462.5981873
39848.5852971 12472.5981873
39848.5852971 12482.5981873
39848.5852971 12492.5981873
39848.5852971 12502.5981873
39848.5852971 12512.5981873
39848.5852971 12522.5981873
39848.5852971 12532.5981873
39848.5852971 12542.5981873
39848.5852971 12552.5981873
39848.5852971 12562.5981873
39848.5852971 12572.5981873
39848.5852971 12582.5981873
39848.5852971 12592.5981873
39848.5852971 12602.5981873
39848.5852971 12612.5981873
39848.5852971 12622.5981873
39848.5852971 12632.5981873
39848.5852971 12642.5981873
39848.5852971 12652.5981873
39848.5852971 12662.5981873
39848.5852971 12672.5981873
39848.5852971 12682.5981873
39848.5852971 12692.5981873
39848.5852971 12702.5981873
39848.5852971 12712.5981873
39848.5852971 12722.5981873
39848.5852971 12732.5981873
39848.5852971 12742.5981873
39848.5852971 12752.5981873
39848.5852971 12762.5981873
39848.5852971 12772.5981873
39848.5852971 12782.5981873
39848.5852971 12792.5981873
39848.5852971 12802.5981873
39848.5852971 12812.5981873
39848.5852971 12822.5981873
39848.5852971 12832.5981873
39848.5852971 12842.5981873
39848.5852971 12852.5981873
39848.5852971 12862.5981873
39848.5852971 12872.5981873
39848.5852971 12882.5981873
39848.5852971 12892.5981873
39848.5852971 12902.5981873
39848.5852971 12912.5981873
39848.5852971 12922.5981873
39848.5852971 12932.5981873
39848.5852971 12942.5981873
39848.5852971 12952.5981873
39848.5852971 12962.5981873
39848.5852971 12972.5981873
39848.5852971 12982.5981873
39848.5852971 12992.5981873
39848.5852971 13002.5981873
39848.5852971 13012.5981873
39848.5852971 13022.5981873
39848.5852971 13032.5981873
39848.5852971 13042.5981873
39848.5852971 13052.5981873
39848.5852971 13062.5981873
39848.5852971 13072.5981873
39848.5852971 13082.5981873
39848.5852971 13092.5981873
39848.5852971 13102.5981873
39848.5852971 13112.5981873
39848.5852971 13122.5981873
39848.5852971 13132.5981873
39848.5852971 13142.5981873
39848.5852971 13152.5981873
39848.5852971 13162.5981873
39848.5852971 13172.5981873
39848.5852971 13182.5981873
39848.5852971 13192.5981873
39848.5852971 13202.5981873
39848.5852971 13212.5981873
39848.5852971 13222.5981873
39848.5852971 13232.5981873
39848.5852971 13242.5981873
39848.5852971 13252.5981873
39848.5852971 13262.5981873
39848.5852971 13272.5981873
39848.5852971 13282.5981873
39858.5852971 12392.5981873
39858.5852971 12402.5981873
39858.5852971 12412.5981873
39858.5852971 12422.5981873
39858.5852971 12432.5981873
39858.5852971 12442.5981873
39858.5852971 12452.5981873
39858.5852971 12462.5981873
39858.5852971 12472.5981873
39858.5852971 12482.5981873
39858.5852971 12492.5981873
39858.5852971 12502.5981873
39858.5852971 12512.5981873
39858.5852971 12522.5981873
39858.5852971 12532.5981873
39858.5852971 12542.5981873
39858.5852971 12552.5981873
39858.5852971 12562.5981873
39858.5852971 12572.5981873
39858.5852971 12582.5981873
39858.5852971 12592.5981873
39858.5852971 12602.5981873
39858.5852971 12612.5981873
39858.5852971 12622.5981873
39858.5852971 12632.5981873
39858.5852971 12642.5981873
39858.5852971 12652.5981873
39858.5852971 12662.5981873
39858.5852971 12672.5981873
39858.5852971 12682.5981873
39858.5852971 12692.5981873
39858.5852971 12702.5981873
39858.5852971 12712.5981873
39858.5852971 12722.5981873
39858.5852971 12732.5981873
39858.5852971 12742.5981873
39858.5852971 12752.5981873
39858.5852971 12762.5981873
39858.5852971 12772.5981873
39858.5852971 12782.5981873
39858.5852971 12792.5981873
39858.5852971 12802.5981873
39858.5852971 12812.5981873
39858.5852971 12822.5981873
39858.5852971 12832.5981873
39858.5852971 12842.5981873
39858.5852971 12852.5981873
39858.5852971 12862.5981873
39858.5852971 12872.5981873
39858.5852971 12882.5981873
39858.5852971 12892.5981873
39858.5852971 12902.5981873
39858.5852971 12912.5981873
39858.5852971 12922.5981873
39858.5852971 12932.5981873
39858.5852971 12942.5981873
39858.5852971 12952.5981873
39858.5852971 12962.5981873
39858.5852971 12972.5981873
39858.5852971 12982.5981873
39858.5852971 12992.5981873
39858.5852971 13002.5981873
39858.5852971 13012.5981873
39858.5852971 13022.5981873
39858.5852971 13032.5981873
39858.5852971 13042.5981873
39858.5852971 13052.5981873
39858.5852971 13062.5981873
39858.5852971 13072.5981873
39858.5852971 13082.5981873
39858.5852971 13092.5981873
39858.5852971 13102.5981873
39858.5852971 13112.5981873
39858.5852971 13122.5981873
39858.5852971 13132.5981873
39858.5852971 13142.5981873
39858.5852971 13152.5981873
39858.5852971 13162.5981873
39858.5852971 13172.5981873
39858.5852971 13182.5981873
39858.5852971 13192.5981873
39858.5852971 13202.5981873
39858.5852971 13212.5981873
39858.5852971 13222.5981873
39858.5852971 13232.5981873
39858.5852971 13242.5981873
39858.5852971 13252.5981873
39858.5852971 13262.5981873
39858.5852971 13272.5981873
39858.5852971 13282.5981873
39868.5852971 12392.5981873
39868.5852971 12402.5981873
39868.5852971 12412.5981873
39868.5852971 12422.5981873
39868.5852971 12432.5981873
39868.5852971 12442.5981873
39868.5852971 12452.5981873
39868.5852971 12462.5981873
39868.5852971 12472.5981873
39868.5852971 12482.5981873
39868.5852971 12492.5981873
39868.5852971 12502.5981873
39868.5852971 12512.5981873
39868.5852971 12522.5981873
39868.5852971 12532.5981873
39868.5852971 12542.5981873
39868.5852971 12552.5981873
39868.5852971 12562.5981873
39868.5852971 12572.5981873
39868.5852971 12582.5981873
39868.5852971 12592.5981873
39868.5852971 12602.5981873
39868.5852971 12612.5981873
39868.5852971 12622.5981873
39868.5852971 12632.5981873
39868.5852971 12642.5981873
39868.5852971 12652.5981873
39868.5852971 12662.5981873
39868.5852971 12672.5981873
39868.5852971 12682.5981873
39868.5852971 12692.5981873
39868.5852971 12702.5981873
39868.5852971 12712.5981873
39868.5852971 12722.5981873
39868.5852971 12732.5981873
39868.5852971 12742.5981873
39868.5852971 12752.5981873
39868.5852971 12762.5981873
39868.5852971 12772.5981873
39868.5852971 12782.5981873
39868.5852971 12792.5981873
39868.5852971 12802.5981873
39868.5852971 12812.5981873
39868.5852971 12822.5981873
39868.5852971 12832.5981873
39868.5852971 12842.5981873
39868.5852971 12852.5981873
39868.5852971 12862.5981873
39868.5852971 12872.5981873
39868.5852971 12882.5981873
39868.5852971 12892.5981873
39868.5852971 12902.5981873
39868.5852971 12912.5981873
39868.5852971 12922.5981873
39868.5852971 12932.5981873
39868.5852971 12942.5981873
39868.5852971 12952.5981873
39868.5852971 12962.5981873
39868.5852971 12972.5981873
39868.5852971 12982.5981873
39868.5852971 12992.5981873
39868.5852971 13002.5981873
39868.5852971 13012.5981873
39868.5852971 13022.5981873
39868.5852971 13032.5981873
39868.5852971 13042.5981873
39868.5852971 13052.5981873
39868.5852971 13062.5981873
39868.5852971 13072.5981873
39868.5852971 13082.5981873
39868.5852971 13092.5981873
39868.5852971 13102.5981873
39868.5852971 13112.5981873
39868.5852971 13122.5981873
39868.5852971 13132.5981873
39868.5852971 13142.5981873
39868.5852971 13152.5981873
39868.5852971 13162.5981873
39868.5852971 13172.5981873
39868.5852971 13182.5981873
39868.5852971 13192.5981873
39868.5852971 13202.5981873
39868.5852971 13212.5981873
39868.5852971 13222.5981873
39868.5852971 13232.5981873
39868.5852971 13242.5981873
39868.5852971 13252.5981873
39868.5852971 13262.5981873
39868.5852971 13272.5981873
39868.5852971 13282.5981873
39878.5852971 12392.5981873
39878.5852971 12402.5981873
39878.5852971 12412.5981873
39878.5852971 12422.5981873
39878.5852971 12432.5981873
39878.5852971 12442.5981873
39878.5852971 12452.5981873
39878.5852971 12462.5981873
39878.5852971 12472.5981873
39878.5852971 12482.5981873
39878.5852971 12492.5981873
39878.5852971 12502.5981873
39878.5852971 12512.5981873
39878.5852971 12522.5981873
39878.5852971 12532.5981873
39878.5852971 12542.5981873
39878.5852971 12552.5981873
39878.5852971 12562.5981873
39878.5852971 12572.5981873
39878.5852971 12582.5981873
39878.5852971 12592.5981873
39878.5852971 12602.5981873
39878.5852971 12612.5981873
39878.5852971 12622.5981873
39878.5852971 12632.5981873
39878.5852971 12642.5981873
39878.5852971 12652.5981873
39878.5852971 12662.5981873
39878.5852971 12672.5981873
39878.5852971 12682.5981873
39878.5852971 12692.5981873
39878.5852971 12702.5981873
39878.5852971 12712.5981873
39878.5852971 12722.5981873
39878.5852971 12732.5981873
39878.5852971 12742.5981873
39878.5852971 12752.5981873
39878.5852971 12762.5981873
39878.5852971 12772.5981873
39878.5852971 12782.5981873
39878.5852971 12792.5981873
39878.5852971 12802.5981873
39878.5852971 12812.5981873
39878.5852971 12822.5981873
39878.5852971 12832.5981873
39878.5852971 12842.5981873
39878.5852971 12852.5981873
39878.5852971 12862.5981873
39878.5852971 12872.5981873
39878.5852971 12882.5981873
39878.5852971 12892.5981873
39878.5852971 12902.5981873
39878.5852971 12912.5981873
39878.5852971 12922.5981873
39878.5852971 12932.5981873
39878.5852971 12942.5981873
39878.5852971 12952.5981873
39878.5852971 12962.5981873
39878.5852971 12972.5981873
39878.5852971 12982.5981873
39878.5852971 12992.5981873
39878.5852971 13002.5981873
39878.5852971 13012.5981873
39878.5852971 13022.5981873
39878.5852971 13032.5981873
39878.5852971 13042.5981873
39878.5852971 13052.5981873
39878.5852971 13062.5981873
39878.5852971 13072.5981873
39878.5852971 13082.5981873
39878.5852971 13092.5981873
39878.5852971 13102.5981873
39878.5852971 13112.5981873
39878.5852971 13122.5981873
39878.5852971 13132.5981873
39878.5852971 13142.5981873
39878.5852971 13152.5981873
39878.5852971 13162.5981873
39878.5852971 13172.5981873
39878.5852971 13182.5981873
39878.5852971 13192.5981873
39878.5852971 13202.5981873
39878.5852971 13212.5981873
39878.5852971 13222.5981873
39878.5852971 13232.5981873
39878.5852971 13242.5981873
39878.5852971 13252.5981873
39878.5852971 13262.5981873
39878.5852971 13272.5981873
39878.5852971 13282.5981873
39888.5852971 12392.5981873
39888.5852971 12402.5981873
39888.5852971 12412.5981873
39888.5852971 12422.5981873
39888.5852971 12432.5981873
39888.5852971 12442.5981873
39888.5852971 12452.5981873
39888.5852971 12462.5981873
39888.5852971 12472.5981873
39888.5852971 12482.5981873
39888.5852971 12492.5981873
39888.5852971 12502.5981873
39888.5852971 12512.5981873
39888.5852971 12522.5981873
39888.5852971 12532.5981873
39888.5852971 12542.5981873
39888.5852971 12552.5981873
39888.5852971 12562.5981873
39888.5852971 12572.5981873
39888.5852971 12582.5981873
39888.5852971 12592.5981873
39888.5852971 12602.5981873
39888.5852971 12612.5981873
39888.5852971 12622.5981873
39888.5852971 12632.5981873
39888.5852971 12642.5981873
39888.5852971 12652.5981873
39888.5852971 12662.5981873
39888.5852971 12672.5981873
39888.5852971 12682.5981873
39888.5852971 12692.5981873
39888.5852971 12702.5981873
39888.5852971 12712.5981873
39888.5852971 12722.5981873
39888.5852971 12732.5981873
39888.5852971 12742.5981873
39888.5852971 12752.5981873
39888.5852971 12762.5981873
39888.5852971 12772.5981873
39888.5852971 12782.5981873
39888.5852971 12792.5981873
39888.5852971 12802.5981873
39888.5852971 12812.5981873
39888.5852971 12822.5981873
39888.5852971 12832.5981873
39888.5852971 12842.5981873
39888.5852971 12852.5981873
39888.5852971 12862.5981873
39888.5852971 12872.5981873
39888.5852971 12882.5981873
39888.5852971 12892.5981873
39888.5852971 12902.5981873
39888.5852971 12912.5981873
39888.5852971 12922.5981873
39888.5852971 12932.5981873
39888.5852971 12942.5981873
39888.5852971 12952.5981873
39888.5852971 12962.5981873
39888.5852971 12972.5981873
39888.5852971 12982.5981873
39888.5852971 12992.5981873
39888.5852971 13002.5981873
39888.5852971 13012.5981873
39888.5852971 13022.5981873
39888.5852971 13032.5981873
39888.5852971 13042.5981873
39888.5852971 13052.5981873
39888.5852971 13062.5981873
39888.5852971 13072.5981873
39888.5852971 13082.5981873
39888.5852971 13092.5981873
39888.5852971 13102.5981873
39888.5852971 13112.5981873
39888.5852971 13122.5981873
39888.5852971 13132.5981873
39888.5852971 13142.5981873
39888.5852971 13152.5981873
39888.5852971 13162.5981873
39888.5852971 13172.5981873
39888.5852971 13182.5981873
39888.5852971 13192.5981873
39888.5852971 13202.5981873
39888.5852971 13212.5981873
39888.5852971 13222.5981873
39888.5852971 13232.5981873
39888.5852971 13242.5981873
39888.5852971 13252.5981873
39888.5852971 13262.5981873
39888.5852971 13272.5981873
39888.5852971 13282.5981873
39898.5852971 12392.5981873
39898.5852971 12402.5981873
39898.5852971 12412.5981873
39898.5852971 12422.5981873
39898.5852971 12432.5981873
39898.5852971 12442.5981873
39898.5852971 12452.5981873
39898.5852971 12462.5981873
39898.5852971 12472.5981873
39898.5852971 12482.5981873
39898.5852971 12492.5981873
39898.5852971 12502.5981873
39898.5852971 12512.5981873
39898.5852971 12522.5981873
39898.5852971 12532.5981873
39898.5852971 12542.5981873
39898.5852971 12552.5981873
39898.5852971 12562.5981873
39898.5852971 12572.5981873
39898.5852971 12582.5981873
39898.5852971 12592.5981873
39898.5852971 12602.5981873
39898.5852971 12612.5981873
39898.5852971 12622.5981873
39898.5852971 12632.5981873
39898.5852971 12642.5981873
39898.5852971 12652.5981873
39898.5852971 12662.5981873
39898.5852971 12672.5981873
39898.5852971 12682.5981873
39898.5852971 12692.5981873
39898.5852971 12702.5981873
39898.5852971 12712.5981873
39898.5852971 12722.5981873
39898.5852971 12732.5981873
39898.5852971 12742.5981873
39898.5852971 12752.5981873
39898.5852971 12762.5981873
39898.5852971 12772.5981873
39898.5852971 12782.5981873
39898.5852971 12792.5981873
39898.5852971 12802.5981873
39898.5852971 12812.5981873
39898.5852971 12822.5981873
39898.5852971 12832.5981873
39898.5852971 12842.5981873
39898.5852971 12852.5981873
39898.5852971 12862.5981873
39898.5852971 12872.5981873
39898.5852971 12882.5981873
39898.5852971 12892.5981873
39898.5852971 12902.5981873
39898.5852971 12912.5981873
39898.5852971 12922.5981873
39898.5852971 12932.5981873
39898.5852971 12942.5981873
39898.5852971 12952.5981873
39898.5852971 12962.5981873
39898.5852971 12972.5981873
39898.5852971 12982.5981873
39898.5852971 12992.5981873
39898.5852971 13002.5981873
39898.5852971 13012.5981873
39898.5852971 13022.5981873
39898.5852971 13032.5981873
39898.5852971 13042.5981873
39898.5852971 13052.5981873
39898.5852971 13062.5981873
39898.5852971 13072.5981873
39898.5852971 13082.5981873
39898.5852971 13092.5981873
39898.5852971 13102.5981873
39898.5852971 13112.5981873
39898.5852971 13122.5981873
39898.5852971 13132.5981873
39898.5852971 13142.5981873
39898.5852971 13152.5981873
39898.5852971 13162.5981873
39898.5852971 13172.5981873
39898.5852971 13182.5981873
39898.5852971 13192.5981873
39898.5852971 13202.5981873
39898.5852971 13212.5981873
39898.5852971 13222.5981873
39898.5852971 13232.5981873
39898.5852971 13242.5981873
39898.5852971 13252.5981873
39898.5852971 13262.5981873
39898.5852971 13272.5981873
39898.5852971 13282.5981873
39908.5852971 12392.5981873
39908.5852971 12402.5981873
39908.5852971 12412.5981873
39908.5852971 12422.5981873
39908.5852971 12432.5981873
39908.5852971 12442.5981873
39908.5852971 12452.5981873
39908.5852971 12462.5981873
39908.5852971 12472.5981873
39908.5852971 12482.5981873
39908.5852971 12492.5981873
39908.5852971 12502.5981873
39908.5852971 12512.5981873
39908.5852971 12522.5981873
39908.5852971 12532.5981873
39908.5852971 12542.5981873
39908.5852971 12552.5981873
39908.5852971 12562.5981873
39908.5852971 12572.5981873
39908.5852971 12582.5981873
39908.5852971 12592.5981873
39908.5852971 12602.5981873
39908.5852971 12612.5981873
39908.5852971 12622.5981873
39908.5852971 12632.5981873
39908.5852971 12642.5981873
39908.5852971 12652.5981873
39908.5852971 12662.5981873
39908.5852971 12672.5981873
39908.5852971 12682.5981873
39908.5852971 12692.5981873
39908.5852971 12702.5981873
39908.5852971 12712.5981873
39908.5852971 12722.5981873
39908.5852971 12732.5981873
39908.5852971 12742.5981873
39908.5852971 12752.5981873
39908.5852971 12762.5981873
39908.5852971 12772.5981873
39908.5852971 12782.5981873
39908.5852971 12792.5981873
39908.5852971 12802.5981873
39908.5852971 12812.5981873
39908.5852971 12822.5981873
39908.5852971 12832.5981873
39908.5852971 12842.5981873
39908.5852971 12852.5981873
39908.5852971 12862.5981873
39908.5852971 12872.5981873
39908.5852971 12882.5981873
39908.5852971 12892.5981873
39908.5852971 12902.5981873
39908.5852971 12912.5981873
39908.5852971 12922.5981873
39908.5852971 12932.5981873
39908.5852971 12942.5981873
39908.5852971 12952.5981873
39908.5852971 12962.5981873
39908.5852971 12972.5981873
39908.5852971 12982.5981873
39908.5852971 12992.5981873
39908.5852971 13002.5981873
39908.5852971 13012.5981873
39908.5852971 13022.5981873
39908.5852971 13032.5981873
39908.5852971 13042.5981873
39908.5852971 13052.5981873
39908.5852971 13062.5981873
39908.5852971 13072.5981873
39908.5852971 13082.5981873
39908.5852971 13092.5981873
39908.5852971 13102.5981873
39908.5852971 13112.5981873
39908.5852971 13122.5981873
39908.5852971 13132.5981873
39908.5852971 13142.5981873
39908.5852971 13152.5981873
39908.5852971 13162.5981873
39908.5852971 13172.5981873
39908.5852971 13182.5981873
39908.5852971 13192.5981873
39908.5852971 13202.5981873
39908.5852971 13212.5981873
39908.5852971 13222.5981873
39908.5852971 13232.5981873
39908.5852971 13242.5981873
39908.5852971 13252.5981873
39908.5852971 13262.5981873
39908.5852971 13272.5981873
39908.5852971 13282.5981873
39918.5852971 12392.5981873
39918.5852971 12402.5981873
39918.5852971 12412.5981873
39918.5852971 12422.5981873
39918.5852971 12432.5981873
39918.5852971 12442.5981873
39918.5852971 12452.5981873
39918.5852971 12462.5981873
39918.5852971 12472.5981873
39918.5852971 12482.5981873
39918.5852971 12492.5981873
39918.5852971 12502.5981873
39918.5852971 12512.5981873
39918.5852971 12522.5981873
39918.5852971 12532.5981873
39918.5852971 12542.5981873
39918.5852971 12552.5981873
39918.5852971 12562.5981873
39918.5852971 12572.5981873
39918.5852971 12582.5981873
39918.5852971 12592.5981873
39918.5852971 12602.5981873
39918.5852971 12612.5981873
39918.5852971 12622.5981873
39918.5852971 12632.5981873
39918.5852971 12642.5981873
39918.5852971 12652.5981873
39918.5852971 12662.5981873
39918.5852971 12672.5981873
39918.5852971 12682.5981873
39918.5852971 12692.5981873
39918.5852971 12702.5981873
39918.5852971 12712.5981873
39918.5852971 12722.5981873
39918.5852971 12732.5981873
39918.5852971 12742.5981873
39918.5852971 12752.5981873
39918.5852971 12762.5981873
39918.5852971 12772.5981873
39918.5852971 12782.5981873
39918.5852971 12792.5981873
39918.5852971 12802.5981873
39918.5852971 12812.5981873
39918.5852971 12822.5981873
39918.5852971 12832.5981873
39918.5852971 12842.5981873
39918.5852971 12852.5981873
39918.5852971 12862.5981873
39918.5852971 12872.5981873
39918.5852971 12882.5981873
39918.5852971 12892.5981873
39918.5852971 12902.5981873
39918.5852971 12912.5981873
39918.5852971 12922.5981873
39918.5852971 12932.5981873
39918.5852971 12942.5981873
39918.5852971 12952.5981873
39918.5852971 12962.5981873
39918.5852971 12972.5981873
39918.5852971 12982.5981873
39918.5852971 12992.5981873
39918.5852971 13002.5981873
39918.5852971 13012.5981873
39918.5852971 13022.5981873
39918.5852971 13032.5981873
39918.5852971 13042.5981873
39918.5852971 13052.5981873
39918.5852971 13062.5981873
39918.5852971 13072.5981873
39918.5852971 13082.5981873
39918.5852971 13092.5981873
39918.5852971 13102.5981873
39918.5852971 13112.5981873
39918.5852971 13122.5981873
39918.5852971 13132.5981873
39918.5852971 13142.5981873
39918.5852971 13152.5981873
39918.5852971 13162.5981873
39918.5852971 13172.5981873
39918.5852971 13182.5981873
39918.5852971 13192.5981873
39918.5852971 13202.5981873
39918.5852971 13212.5981873
39918.5852971 13222.5981873
39918.5852971 13232.5981873
39918.5852971 13242.5981873
39918.5852971 13252.5981873
39918.5852971 13262.5981873
39918.5852971 13272.5981873
39918.5852971 13282.5981873
39928.5852971 12392.5981873
39928.5852971 12402.5981873
39928.5852971 12412.5981873
39928.5852971 12422.5981873
39928.5852971 12432.5981873
39928.5852971 12442.5981873
39928.5852971 12452.5981873
39928.5852971 12462.5981873
39928.5852971 12472.5981873
39928.5852971 12482.5981873
39928.5852971 12492.5981873
39928.5852971 12502.5981873
39928.5852971 12512.5981873
39928.5852971 12522.5981873
39928.5852971 12532.5981873
39928.5852971 12542.5981873
39928.5852971 12552.5981873
39928.5852971 12562.5981873
39928.5852971 12572.5981873
39928.5852971 12582.5981873
39928.5852971 12592.5981873
39928.5852971 12602.5981873
39928.5852971 12612.5981873
39928.5852971 12622.5981873
39928.5852971 12632.5981873
39928.5852971 12642.5981873
39928.5852971 12652.5981873
39928.5852971 12662.5981873
39928.5852971 12672.5981873
39928.5852971 12682.5981873
39928.5852971 12692.5981873
39928.5852971 12702.5981873
39928.5852971 12712.5981873
39928.5852971 12722.5981873
39928.5852971 12732.5981873
39928.5852971 12742.5981873
39928.5852971 12752.5981873
39928.5852971 12762.5981873
39928.5852971 12772.5981873
39928.5852971 12782.5981873
39928.5852971 12792.5981873
39928.5852971 12802.5981873
39928.5852971 12812.5981873
39928.5852971 12822.5981873
39928.5852971 12832.5981873
39928.5852971 12842.5981873
39928.5852971 12852.5981873
39928.5852971 12862.5981873
39928.5852971 12872.5981873
39928.5852971 12882.5981873
39928.5852971 12892.5981873
39928.5852971 12902.5981873
39928.5852971 12912.5981873
39928.5852971 12922.5981873
39928.5852971 12932.5981873
39928.5852971 12942.5981873
39928.5852971 12952.5981873
39928.5852971 12962.5981873
39928.5852971 12972.5981873
39928.5852971 12982.5981873
39928.5852971 12992.5981873
39928.5852971 13002.5981873
39928.5852971 13012.5981873
39928.5852971 13022.5981873
39928.5852971 13032.5981873
39928.5852971 13042.5981873
39928.5852971 13052.5981873
39928.5852971 13062.5981873
39928.5852971 13072.5981873
39928.5852971 13082.5981873
39928.5852971 13092.5981873
39928.5852971 13102.5981873
39928.5852971 13112.5981873
39928.5852971 13122.5981873
39928.5852971 13132.5981873
39928.5852971 13142.5981873
39928.5852971 13152.5981873
39928.5852971 13162.5981873
39928.5852971 13172.5981873
39928.5852971 13182.5981873
39928.5852971 13192.5981873
39928.5852971 13202.5981873
39928.5852971 13212.5981873
39928.5852971 13222.5981873
39928.5852971 13232.5981873
39928.5852971 13242.5981873
39928.5852971 13252.5981873
39928.5852971 13262.5981873
39928.5852971 13272.5981873
39928.5852971 13282.5981873
39928.5852971 13292.5981873
39938.5852971 12392.5981873
39938.5852971 12402.5981873
39938.5852971 12412.5981873
39938.5852971 12422.5981873
39938.5852971 12432.5981873
39938.5852971 12442.5981873
39938.5852971 12452.5981873
39938.5852971 12462.5981873
39938.5852971 12472.5981873
39938.5852971 12482.5981873
39938.5852971 12492.5981873
39938.5852971 12502.5981873
39938.5852971 12512.5981873
39938.5852971 12522.5981873
39938.5852971 12532.5981873
39938.5852971 12542.5981873
39938.5852971 12552.5981873
39938.5852971 12562.5981873
39938.5852971 12572.5981873
39938.5852971 12582.5981873
39938.5852971 12592.5981873
39938.5852971 12602.5981873
39938.5852971 12612.5981873
39938.5852971 12622.5981873
39938.5852971 12632.5981873
39938.5852971 12642.5981873
39938.5852971 12652.5981873
39938.5852971 12662.5981873
39938.5852971 12672.5981873
39938.5852971 12682.5981873
39938.5852971 12692.5981873
39938.5852971 12702.5981873
39938.5852971 12712.5981873
39938.5852971 12722.5981873
39938.5852971 12732.5981873
39938.5852971 12742.5981873
39938.5852971 12752.5981873
39938.5852971 12762.5981873
39938.5852971 12772.5981873
39938.5852971 12782.5981873
39938.5852971 12792.5981873
39938.5852971 12802.5981873
39938.5852971 12812.5981873
39938.5852971 12822.5981873
39938.5852971 12832.5981873
39938.5852971 12842.5981873
39938.5852971 12852.5981873
39938.5852971 12862.5981873
39938.5852971 12872.5981873
39938.5852971 12882.5981873
39938.5852971 12892.5981873
39938.5852971 12902.5981873
39938.5852971 12912.5981873
39938.5852971 12922.5981873
39938.5852971 12932.5981873
39938.5852971 12942.5981873
39938.5852971 12952.5981873
39938.5852971 12962.5981873
39938.5852971 12972.5981873
39938.5852971 12982.5981873
39938.5852971 12992.5981873
39938.5852971 13002.5981873
39938.5852971 13012.5981873
39938.5852971 13022.5981873
39938.5852971 13032.5981873
39938.5852971 13042.5981873
39938.5852971 13052.5981873
39938.5852971 13062.5981873
39938.5852971 13072.5981873
39938.5852971 13082.5981873
39938.5852971 13092.5981873
39938.5852971 13102.5981873
39938.5852971 13112.5981873
39938.5852971 13122.5981873
39938.5852971 13132.5981873
39938.5852971 13142.5981873
39938.5852971 13152.5981873
39938.5852971 13162.5981873
39938.5852971 13172.5981873
39938.5852971 13182.5981873
39938.5852971 13192.5981873
39938.5852971 13202.5981873
39938.5852971 13212.5981873
39938.5852971 13222.5981873
39938.5852971 13232.5981873
39938.5852971 13242.5981873
39938.5852971 13252.5981873
39938.5852971 13262.5981873
39938.5852971 13272.5981873
39938.5852971 13282.5981873
39938.5852971 13292.5981873
39948.5852971 12392.5981873
39948.5852971 12402.5981873
39948.5852971 12412.5981873
39948.5852971 12422.5981873
39948.5852971 12432.5981873
39948.5852971 12442.5981873
39948.5852971 12452.5981873
39948.5852971 12462.5981873
39948.5852971 12472.5981873
39948.5852971 12482.5981873
39948.5852971 12492.5981873
39948.5852971 12502.5981873
39948.5852971 12512.5981873
39948.5852971 12522.5981873
39948.5852971 12532.5981873
39948.5852971 12542.5981873
39948.5852971 12552.5981873
39948.5852971 12562.5981873
39948.5852971 12572.5981873
39948.5852971 12582.5981873
39948.5852971 12592.5981873
39948.5852971 12602.5981873
39948.5852971 12612.5981873
39948.5852971 12622.5981873
39948.5852971 12632.5981873
39948.5852971 12642.5981873
39948.5852971 12652.5981873
39948.5852971 12662.5981873
39948.5852971 12672.5981873
39948.5852971 12682.5981873
39948.5852971 12692.5981873
39948.5852971 12702.5981873
39948.5852971 12712.5981873
39948.5852971 12722.5981873
39948.5852971 12732.5981873
39948.5852971 12742.5981873
39948.5852971 12752.5981873
39948.5852971 12762.5981873
39948.5852971 12772.5981873
39948.5852971 12782.5981873
39948.5852971 12792.5981873
39948.5852971 12802.5981873
39948.5852971 12812.5981873
39948.5852971 12822.5981873
39948.5852971 12832.5981873
39948.5852971 12842.5981873
39948.5852971 12852.5981873
39948.5852971 12862.5981873
39948.5852971 12872.5981873
39948.5852971 12882.5981873
39948.5852971 12892.5981873
39948.5852971 12902.5981873
39948.5852971 12912.5981873
39948.5852971 12922.5981873
39948.5852971 12932.5981873
39948.5852971 12942.5981873
39948.5852971 12952.5981873
39948.5852971 12962.5981873
39948.5852971 12972.5981873
39948.5852971 12982.5981873
39948.5852971 12992.5981873
39948.5852971 13002.5981873
39948.5852971 13012.5981873
39948.5852971 13022.5981873
39948.5852971 13032.5981873
39948.5852971 13042.5981873
39948.5852971 13052.5981873
39948.5852971 13062.5981873
39948.5852971 13072.5981873
39948.5852971 13082.5981873
39948.5852971 13092.5981873
39948.5852971 13102.5981873
39948.5852971 13112.5981873
39948.5852971 13122.5981873
39948.5852971 13132.5981873
39948.5852971 13142.5981873
39948.5852971 13152.5981873
39948.5852971 13162.5981873
39948.5852971 13172.5981873
39948.5852971 13182.5981873
39948.5852971 13192.5981873
39948.5852971 13202.5981873
39948.5852971 13212.5981873
39948.5852971 13222.5981873
39948.5852971 13232.5981873
39948.5852971 13242.5981873
39948.5852971 13252.5981873
39948.5852971 13262.5981873
39948.5852971 13272.5981873
39948.5852971 13282.5981873
39948.5852971 13292.5981873
39958.5852971 12392.5981873
39958.5852971 12402.5981873
39958.5852971 12412.5981873
39958.5852971 12422.5981873
39958.5852971 12432.5981873
39958.5852971 12442.5981873
39958.5852971 12452.5981873
39958.5852971 12462.5981873
39958.5852971 12472.5981873
39958.5852971 12482.5981873
39958.5852971 12492.5981873
39958.5852971 12502.5981873
39958.5852971 12512.5981873
39958.5852971 12522.5981873
39958.5852971 12532.5981873
39958.5852971 12542.5981873
39958.5852971 12552.5981873
39958.5852971 12562.5981873
39958.5852971 12572.5981873
39958.5852971 12582.5981873
39958.5852971 12592.5981873
39958.5852971 12602.5981873
39958.5852971 12612.5981873
39958.5852971 12622.5981873
39958.5852971 12632.5981873
39958.5852971 12642.5981873
39958.5852971 12652.5981873
39958.5852971 12662.5981873
39958.5852971 12672.5981873
39958.5852971 12682.5981873
39958.5852971 12692.5981873
39958.5852971 12702.5981873
39958.5852971 12712.5981873
39958.5852971 12722.5981873
39958.5852971 12732.5981873
39958.5852971 12742.5981873
39958.5852971 12752.5981873
39958.5852971 12762.5981873
39958.5852971 12772.5981873
39958.5852971 12782.5981873
39958.5852971 12792.5981873
39958.5852971 12802.5981873
39958.5852971 12812.5981873
39958.5852971 12822.5981873
39958.5852971 12832.5981873
39958.5852971 12842.5981873
39958.5852971 12852.5981873
39958.5852971 12862.5981873
39958.5852971 12872.5981873
39958.5852971 12882.5981873
39958.5852971 12892.5981873
39958.5852971 12902.5981873
39958.5852971 12912.5981873
39958.5852971 12922.5981873
39958.5852971 12932.5981873
39958.5852971 12942.5981873
39958.5852971 12952.5981873
39958.5852971 12962.5981873
39958.5852971 12972.5981873
39958.5852971 12982.5981873
39958.5852971 12992.5981873
39958.5852971 13002.5981873
39958.5852971 13012.5981873
39958.5852971 13022.5981873
39958.5852971 13032.5981873
39958.5852971 13042.5981873
39958.5852971 13052.5981873
39958.5852971 13062.5981873
39958.5852971 13072.5981873
39958.5852971 13082.5981873
39958.5852971 13092.5981873
39958.5852971 13102.5981873
39958.5852971 13112.5981873
39958.5852971 13122.5981873
39958.5852971 13132.5981873
39958.5852971 13142.5981873
39958.5852971 13152.5981873
39958.5852971 13162.5981873
39958.5852971 13172.5981873
39958.5852971 13182.5981873
39958.5852971 13192.5981873
39958.5852971 13202.5981873
39958.5852971 13212.5981873
39958.5852971 13222.5981873
39958.5852971 13232.5981873
39958.5852971 13242.5981873
39958.5852971 13252.5981873
39958.5852971 13262.5981873
39958.5852971 13272.5981873
39958.5852971 13282.5981873
39958.5852971 13292.5981873
39968.5852971 12392.5981873
39968.5852971 12402.5981873
39968.5852971 12412.5981873
39968.5852971 12422.5981873
39968.5852971 12432.5981873
39968.5852971 12442.5981873
39968.5852971 12452.5981873
39968.5852971 12462.5981873
39968.5852971 12472.5981873
39968.5852971 12482.5981873
39968.5852971 12492.5981873
39968.5852971 12502.5981873
39968.5852971 12512.5981873
39968.5852971 12522.5981873
39968.5852971 12532.5981873
39968.5852971 12542.5981873
39968.5852971 12552.5981873
39968.5852971 12562.5981873
39968.5852971 12572.5981873
39968.5852971 12582.5981873
39968.5852971 12592.5981873
39968.5852971 12602.5981873
39968.5852971 12612.5981873
39968.5852971 12622.5981873
39968.5852971 12632.5981873
39968.5852971 12642.5981873
39968.5852971 12652.5981873
39968.5852971 12662.5981873
39968.5852971 12672.5981873
39968.5852971 12682.5981873
39968.5852971 12692.5981873
39968.5852971 12702.5981873
39968.5852971 12712.5981873
39968.5852971 12722.5981873
39968.5852971 12732.5981873
39968.5852971 12742.5981873
39968.5852971 12752.5981873
39968.5852971 12762.5981873
39968.5852971 12772.5981873
39968.5852971 12782.5981873
39968.5852971 12792.5981873
39968.5852971 12802.5981873
39968.5852971 12812.5981873
39968.5852971 12822.5981873
39968.5852971 12832.5981873
39968.5852971 12842.5981873
39968.5852971 12852.5981873
39968.5852971 12862.5981873
39968.5852971 12872.5981873
39968.5852971 12882.5981873
39968.5852971 12892.5981873
39968.5852971 12902.5981873
39968.5852971 12912.5981873
39968.5852971 12922.5981873
39968.5852971 12932.5981873
39968.5852971 12942.5981873
39968.5852971 12952.5981873
39968.5852971 12962.5981873
39968.5852971 12972.5981873
39968.5852971 12982.5981873
39968.5852971 12992.5981873
39968.5852971 13002.5981873
39968.5852971 13012.5981873
39968.5852971 13022.5981873
39968.5852971 13032.5981873
39968.5852971 13042.5981873
39968.5852971 13052.5981873
39968.5852971 13062.5981873
39968.5852971 13072.5981873
39968.5852971 13082.5981873
39968.5852971 13092.5981873
39968.5852971 13102.5981873
39968.5852971 13112.5981873
39968.5852971 13122.5981873
39968.5852971 13132.5981873
39968.5852971 13142.5981873
39968.5852971 13152.5981873
39968.5852971 13162.5981873
39968.5852971 13172.5981873
39968.5852971 13182.5981873
39968.5852971 13192.5981873
39968.5852971 13202.5981873
39968.5852971 13212.5981873
39968.5852971 13222.5981873
39968.5852971 13232.5981873
39968.5852971 13242.5981873
39968.5852971 13252.5981873
39968.5852971 13262.5981873
39968.5852971 13272.5981873
39968.5852971 13282.5981873
39968.5852971 13292.5981873
39978.5852971 12392.5981873
39978.5852971 12402.5981873
39978.5852971 12412.5981873
39978.5852971 12422.5981873
39978.5852971 12432.5981873
39978.5852971 12442.5981873
39978.5852971 12452.5981873
39978.5852971 12462.5981873
39978.5852971 12472.5981873
39978.5852971 12482.5981873
39978.5852971 12492.5981873
39978.5852971 12502.5981873
39978.5852971 12512.5981873
39978.5852971 12522.5981873
39978.5852971 12532.5981873
39978.5852971 12542.5981873
39978.5852971 12552.5981873
39978.5852971 12562.5981873
39978.5852971 12572.5981873
39978.5852971 12582.5981873
39978.5852971 12592.5981873
39978.5852971 12602.5981873
39978.5852971 12612.5981873
39978.5852971 12622.5981873
39978.5852971 12632.5981873
39978.5852971 12642.5981873
39978.5852971 12652.5981873
39978.5852971 12662.5981873
39978.5852971 12672.5981873
39978.5852971 12682.5981873
39978.5852971 12692.5981873
39978.5852971 12702.5981873
39978.5852971 12712.5981873
39978.5852971 12722.5981873
39978.5852971 12732.5981873
39978.5852971 12742.5981873
39978.5852971 12752.5981873
39978.5852971 12762.5981873
39978.5852971 12772.5981873
39978.5852971 12782.5981873
39978.5852971 12792.5981873
39978.5852971 12802.5981873
39978.5852971 12812.5981873
39978.5852971 12822.5981873
39978.5852971 12832.5981873
39978.5852971 12842.5981873
39978.5852971 12852.5981873
39978.5852971 12862.5981873
39978.5852971 12872.5981873
39978.5852971 12882.5981873
39978.5852971 12892.5981873
39978.5852971 12902.5981873
39978.5852971 12912.5981873
39978.5852971 12922.5981873
39978.5852971 12932.5981873
39978.5852971 12942.5981873
39978.5852971 12952.5981873
39978.5852971 12962.5981873
39978.5852971 12972.5981873
39978.5852971 12982.5981873
39978.5852971 12992.5981873
39978.5852971 13002.5981873
39978.5852971 13012.5981873
39978.5852971 13022.5981873
39978.5852971 13032.5981873
39978.5852971 13042.5981873
39978.5852971 13052.5981873
39978.5852971 13062.5981873
39978.5852971 13072.5981873
39978.5852971 13082.5981873
39978.5852971 13092.5981873
39978.5852971 13102.5981873
39978.5852971 13112.5981873
39978.5852971 13122.5981873
39978.5852971 13132.5981873
39978.5852971 13142.5981873
39978.5852971 13152.5981873
39978.5852971 13162.5981873
39978.5852971 13172.5981873
39978.5852971 13182.5981873
39978.5852971 13192.5981873
39978.5852971 13202.5981873
39978.5852971 13212.5981873
39978.5852971 13222.5981873
39978.5852971 13232.5981873
39978.5852971 13242.5981873
39978.5852971 13252.5981873
39978.5852971 13262.5981873
39978.5852971 13272.5981873
39978.5852971 13282.5981873
39978.5852971 13292.5981873
39988.5852971 12392.5981873
39988.5852971 12402.5981873
39988.5852971 12412.5981873
39988.5852971 12422.5981873
39988.5852971 12432.5981873
39988.5852971 12442.5981873
39988.5852971 12452.5981873
39988.5852971 12462.5981873
39988.5852971 12472.5981873
39988.5852971 12482.5981873
39988.5852971 12492.5981873
39988.5852971 12502.5981873
39988.5852971 12512.5981873
39988.5852971 12522.5981873
39988.5852971 12532.5981873
39988.5852971 12542.5981873
39988.5852971 12552.5981873
39988.5852971 12562.5981873
39988.5852971 12572.5981873
39988.5852971 12582.5981873
39988.5852971 12592.5981873
39988.5852971 12602.5981873
39988.5852971 12612.5981873
39988.5852971 12622.5981873
39988.5852971 12632.5981873
39988.5852971 12642.5981873
39988.5852971 12652.5981873
39988.5852971 12662.5981873
39988.5852971 12672.5981873
39988.5852971 12682.5981873
39988.5852971 12692.5981873
39988.5852971 12702.5981873
39988.5852971 12712.5981873
39988.5852971 12722.5981873
39988.5852971 12732.5981873
39988.5852971 12742.5981873
39988.5852971 12752.5981873
39988.5852971 12762.5981873
39988.5852971 12772.5981873
39988.5852971 12782.5981873
39988.5852971 12792.5981873
39988.5852971 12802.5981873
39988.5852971 12812.5981873
39988.5852971 12822.5981873
39988.5852971 12832.5981873
39988.5852971 12842.5981873
39988.5852971 12852.5981873
39988.5852971 12862.5981873
39988.5852971 12872.5981873
39988.5852971 12882.5981873
39988.5852971 12892.5981873
39988.5852971 12902.5981873
39988.5852971 12912.5981873
39988.5852971 12922.5981873
39988.5852971 12932.5981873
39988.5852971 12942.5981873
39988.5852971 12952.5981873
39988.5852971 12962.5981873
39988.5852971 12972.5981873
39988.5852971 12982.5981873
39988.5852971 12992.5981873
39988.5852971 13002.5981873
39988.5852971 13012.5981873
39988.5852971 13022.5981873
39988.5852971 13032.5981873
39988.5852971 13042.5981873
39988.5852971 13052.5981873
39988.5852971 13062.5981873
39988.5852971 13072.5981873
39988.5852971 13082.5981873
39988.5852971 13092.5981873
39988.5852971 13102.5981873
39988.5852971 13112.5981873
39988.5852971 13122.5981873
39988.5852971 13132.5981873
39988.5852971 13142.5981873
39988.5852971 13152.5981873
39988.5852971 13162.5981873
39988.5852971 13172.5981873
39988.5852971 13182.5981873
39988.5852971 13192.5981873
39988.5852971 13202.5981873
39988.5852971 13212.5981873
39988.5852971 13222.5981873
39988.5852971 13232.5981873
39988.5852971 13242.5981873
39988.5852971 13252.5981873
39988.5852971 13262.5981873
39988.5852971 13272.5981873
39988.5852971 13282.5981873
39988.5852971 13292.5981873
39998.5852971 12392.5981873
39998.5852971 12402.5981873
39998.5852971 12412.5981873
39998.5852971 12422.5981873
39998.5852971 12432.5981873
39998.5852971 12442.5981873
39998.5852971 12452.5981873
39998.5852971 12462.5981873
39998.5852971 12472.5981873
39998.5852971 12482.5981873
39998.5852971 12492.5981873
39998.5852971 12502.5981873
39998.5852971 12512.5981873
39998.5852971 12522.5981873
39998.5852971 12532.5981873
39998.5852971 12542.5981873
39998.5852971 12552.5981873
39998.5852971 12562.5981873
39998.5852971 12572.5981873
39998.5852971 12582.5981873
39998.5852971 12592.5981873
39998.5852971 12602.5981873
39998.5852971 12612.5981873
39998.5852971 12622.5981873
39998.5852971 12632.5981873
39998.5852971 12642.5981873
39998.5852971 12652.5981873
39998.5852971 12662.5981873
39998.5852971 12672.5981873
39998.5852971 12682.5981873
39998.5852971 12692.5981873
39998.5852971 12702.5981873
39998.5852971 12712.5981873
39998.5852971 12722.5981873
39998.5852971 12732.5981873
39998.5852971 12742.5981873
39998.5852971 12752.5981873
39998.5852971 12762.5981873
39998.5852971 12772.5981873
39998.5852971 12782.5981873
39998.5852971 12792.5981873
39998.5852971 12802.5981873
39998.5852971 12812.5981873
39998.5852971 12822.5981873
39998.5852971 12832.5981873
39998.5852971 12842.5981873
39998.5852971 12852.5981873
39998.5852971 12862.5981873
39998.5852971 12872.5981873
39998.5852971 12882.5981873
39998.5852971 12892.5981873
39998.5852971 12902.5981873
39998.5852971 12912.5981873
39998.5852971 12922.5981873
39998.5852971 12932.5981873
39998.5852971 12942.5981873
39998.5852971 12952.5981873
39998.5852971 12962.5981873
39998.5852971 12972.5981873
39998.5852971 12982.5981873
39998.5852971 12992.5981873
39998.5852971 13002.5981873
39998.5852971 13012.5981873
39998.5852971 13022.5981873
39998.5852971 13032.5981873
39998.5852971 13042.5981873
39998.5852971 13052.5981873
39998.5852971 13062.5981873
39998.5852971 13072.5981873
39998.5852971 13082.5981873
39998.5852971 13092.5981873
39998.5852971 13102.5981873
39998.5852971 13112.5981873
39998.5852971 13122.5981873
39998.5852971 13132.5981873
39998.5852971 13142.5981873
39998.5852971 13152.5981873
39998.5852971 13162.5981873
39998.5852971 13172.5981873
39998.5852971 13182.5981873
39998.5852971 13192.5981873
39998.5852971 13202.5981873
39998.5852971 13212.5981873
39998.5852971 13222.5981873
39998.5852971 13232.5981873
39998.5852971 13242.5981873
39998.5852971 13252.5981873
39998.5852971 13262.5981873
39998.5852971 13272.5981873
39998.5852971 13282.5981873
39998.5852971 13292.5981873
40008.5852971 12392.5981873
40008.5852971 12402.5981873
40008.5852971 12412.5981873
40008.5852971 12422.5981873
40008.5852971 12432.5981873
40008.5852971 12442.5981873
40008.5852971 12452.5981873
40008.5852971 12462.5981873
40008.5852971 12472.5981873
40008.5852971 12482.5981873
40008.5852971 12492.5981873
40008.5852971 12502.5981873
40008.5852971 12512.5981873
40008.5852971 12522.5981873
40008.5852971 12532.5981873
40008.5852971 12542.5981873
40008.5852971 12552.5981873
40008.5852971 12562.5981873
40008.5852971 12572.5981873
40008.5852971 12582.5981873
40008.5852971 12592.5981873
40008.5852971 12602.5981873
40008.5852971 12612.5981873
40008.5852971 12622.5981873
40008.5852971 12632.5981873
40008.5852971 12642.5981873
40008.5852971 12652.5981873
40008.5852971 12662.5981873
40008.5852971 12672.5981873
40008.5852971 12682.5981873
40008.5852971 12692.5981873
40008.5852971 12702.5981873
40008.5852971 12712.5981873
40008.5852971 12722.5981873
40008.5852971 12732.5981873
40008.5852971 12742.5981873
40008.5852971 12752.5981873
40008.5852971 12762.5981873
40008.5852971 12772.5981873
40008.5852971 12782.5981873
40008.5852971 12792.5981873
40008.5852971 12802.5981873
40008.5852971 12812.5981873
40008.5852971 12822.5981873
40008.5852971 12832.5981873
40008.5852971 12842.5981873
40008.5852971 12852.5981873
40008.5852971 12862.5981873
40008.5852971 12872.5981873
40008.5852971 12882.5981873
40008.5852971 12892.5981873
40008.5852971 12902.5981873
40008.5852971 12912.5981873
40008.5852971 12922.5981873
40008.5852971 12932.5981873
40008.5852971 12942.5981873
40008.5852971 12952.5981873
40008.5852971 12962.5981873
40008.5852971 12972.5981873
40008.5852971 12982.5981873
40008.5852971 12992.5981873
40008.5852971 13002.5981873
40008.5852971 13012.5981873
40008.5852971 13022.5981873
40008.5852971 13032.5981873
40008.5852971 13042.5981873
40008.5852971 13052.5981873
40008.5852971 13062.5981873
40008.5852971 13072.5981873
40008.5852971 13082.5981873
40008.5852971 13092.5981873
40008.5852971 13102.5981873
40008.5852971 13112.5981873
40008.5852971 13122.5981873
40008.5852971 13132.5981873
40008.5852971 13142.5981873
40008.5852971 13152.5981873
40008.5852971 13162.5981873
40008.5852971 13172.5981873
40008.5852971 13182.5981873
40008.5852971 13192.5981873
40008.5852971 13202.5981873
40008.5852971 13212.5981873
40008.5852971 13222.5981873
40008.5852971 13232.5981873
40008.5852971 13242.5981873
40008.5852971 13252.5981873
40008.5852971 13262.5981873
40008.5852971 13272.5981873
40008.5852971 13282.5981873
40008.5852971 13292.5981873
40018.5852971 12392.5981873
40018.5852971 12402.5981873
40018.5852971 12412.5981873
40018.5852971 12422.5981873
40018.5852971 12432.5981873
40018.5852971 12442.5981873
40018.5852971 12452.5981873
40018.5852971 12462.5981873
40018.5852971 12472.5981873
40018.5852971 12482.5981873
40018.5852971 12492.5981873
40018.5852971 12502.5981873
40018.5852971 12512.5981873
40018.5852971 12522.5981873
40018.5852971 12532.5981873
40018.5852971 12542.5981873
40018.5852971 12552.5981873
40018.5852971 12562.5981873
40018.5852971 12572.5981873
40018.5852971 12582.5981873
40018.5852971 12592.5981873
40018.5852971 12602.5981873
40018.5852971 12612.5981873
40018.5852971 12622.5981873
40018.5852971 12632.5981873
40018.5852971 12642.5981873
40018.5852971 12652.5981873
40018.5852971 12662.5981873
40018.5852971 12672.5981873
40018.5852971 12682.5981873
40018.5852971 12692.5981873
40018.5852971 12702.5981873
40018.5852971 12712.5981873
40018.5852971 12722.5981873
40018.5852971 12732.5981873
40018.5852971 12742.5981873
40018.5852971 12752.5981873
40018.5852971 12762.5981873
40018.5852971 12772.5981873
40018.5852971 12782.5981873
40018.5852971 12792.5981873
40018.5852971 12802.5981873
40018.5852971 12812.5981873
40018.5852971 12822.5981873
40018.5852971 12832.5981873
40018.5852971 12842.5981873
40018.5852971 12852.5981873
40018.5852971 12862.5981873
40018.5852971 12872.5981873
40018.5852971 12882.5981873
40018.5852971 12892.5981873
40018.5852971 12902.5981873
40018.5852971 12912.5981873
40018.5852971 12922.5981873
40018.5852971 12932.5981873
40018.5852971 12942.5981873
40018.5852971 12952.5981873
40018.5852971 12962.5981873
40018.5852971 12972.5981873
40018.5852971 12982.5981873
40018.5852971 12992.5981873
40018.5852971 13002.5981873
40018.5852971 13012.5981873
40018.5852971 13022.5981873
40018.5852971 13032.5981873
40018.5852971 13042.5981873
40018.5852971 13052.5981873
40018.5852971 13062.5981873
40018.5852971 13072.5981873
40018.5852971 13082.5981873
40018.5852971 13092.5981873
40018.5852971 13102.5981873
40018.5852971 13112.5981873
40018.5852971 13122.5981873
40018.5852971 13132.5981873
40018.5852971 13142.5981873
40018.5852971 13152.5981873
40018.5852971 13162.5981873
40018.5852971 13172.5981873
40018.5852971 13182.5981873
40018.5852971 13192.5981873
40018.5852971 13202.5981873
40018.5852971 13212.5981873
40018.5852971 13222.5981873
40018.5852971 13232.5981873
40018.5852971 13242.5981873
40018.5852971 13252.5981873
40018.5852971 13262.5981873
40018.5852971 13272.5981873
40018.5852971 13282.5981873
40018.5852971 13292.5981873
40028.5852971 12392.5981873
40028.5852971 12402.5981873
40028.5852971 12412.5981873
40028.5852971 12422.5981873
40028.5852971 12432.5981873
40028.5852971 12442.5981873
40028.5852971 12452.5981873
40028.5852971 12462.5981873
40028.5852971 12472.5981873
40028.5852971 12482.5981873
40028.5852971 12492.5981873
40028.5852971 12502.5981873
40028.5852971 12512.5981873
40028.5852971 12522.5981873
40028.5852971 12532.5981873
40028.5852971 12542.5981873
40028.5852971 12552.5981873
40028.5852971 12562.5981873
40028.5852971 12572.5981873
40028.5852971 12582.5981873
40028.5852971 12592.5981873
40028.5852971 12602.5981873
40028.5852971 12612.5981873
40028.5852971 12622.5981873
40028.5852971 12632.5981873
40028.5852971 12642.5981873
40028.5852971 12652.5981873
40028.5852971 12662.5981873
40028.5852971 12672.5981873
40028.5852971 12682.5981873
40028.5852971 12692.5981873
40028.5852971 12702.5981873
40028.5852971 12712.5981873
40028.5852971 12722.5981873
40028.5852971 12732.5981873
40028.5852971 12742.5981873
40028.5852971 12752.5981873
40028.5852971 12762.5981873
40028.5852971 12772.5981873
40028.5852971 12782.5981873
40028.5852971 12792.5981873
40028.5852971 12802.5981873
40028.5852971 12812.5981873
40028.5852971 12822.5981873
40028.5852971 12832.5981873
40028.5852971 12842.5981873
40028.5852971 12852.5981873
40028.5852971 12862.5981873
40028.5852971 12872.5981873
40028.5852971 12882.5981873
40028.5852971 12892.5981873
40028.5852971 12902.5981873
40028.5852971 12912.5981873
40028.5852971 12922.5981873
40028.5852971 12932.5981873
40028.5852971 12942.5981873
40028.5852971 12952.5981873
40028.5852971 12962.5981873
40028.5852971 12972.5981873
40028.5852971 12982.5981873
40028.5852971 12992.5981873
40028.5852971 13002.5981873
40028.5852971 13012.5981873
40028.5852971 13022.5981873
40028.5852971 13032.5981873
40028.5852971 13042.5981873
40028.5852971 13052.5981873
40028.5852971 13062.5981873
40028.5852971 13072.5981873
40028.5852971 13082.5981873
40028.5852971 13092.5981873
40028.5852971 13102.5981873
40028.5852971 13112.5981873
40028.5852971 13122.5981873
40028.5852971 13132.5981873
40028.5852971 13142.5981873
40028.5852971 13152.5981873
40028.5852971 13162.5981873
40028.5852971 13172.5981873
40028.5852971 13182.5981873
40028.5852971 13192.5981873
40028.5852971 13202.5981873
40028.5852971 13212.5981873
40028.5852971 13222.5981873
40028.5852971 13232.5981873
40028.5852971 13242.5981873
40028.5852971 13252.5981873
40028.5852971 13262.5981873
40028.5852971 13272.5981873
40028.5852971 13282.5981873
40028.5852971 13292.5981873
40038.5852971 12392.5981873
40038.5852971 12402.5981873
40038.5852971 12412.5981873
40038.5852971 12422.5981873
40038.5852971 12432.5981873
40038.5852971 12442.5981873
40038.5852971 12452.5981873
40038.5852971 12462.5981873
40038.5852971 12472.5981873
40038.5852971 12482.5981873
40038.5852971 12492.5981873
40038.5852971 12502.5981873
40038.5852971 12512.5981873
40038.5852971 12522.5981873
40038.5852971 12532.5981873
40038.5852971 12542.5981873
40038.5852971 12552.5981873
40038.5852971 12562.5981873
40038.5852971 12572.5981873
40038.5852971 12582.5981873
40038.5852971 12592.5981873
40038.5852971 12602.5981873
40038.5852971 12612.5981873
40038.5852971 12622.5981873
40038.5852971 12632.5981873
40038.5852971 12642.5981873
40038.5852971 12652.5981873
40038.5852971 12662.5981873
40038.5852971 12672.5981873
40038.5852971 12682.5981873
40038.5852971 12692.5981873
40038.5852971 12702.5981873
40038.5852971 12712.5981873
40038.5852971 12722.5981873
40038.5852971 12732.5981873
40038.5852971 12742.5981873
40038.5852971 12752.5981873
40038.5852971 12762.5981873
40038.5852971 12772.5981873
40038.5852971 12782.5981873
40038.5852971 12792.5981873
40038.5852971 12802.5981873
40038.5852971 12812.5981873
40038.5852971 12822.5981873
40038.5852971 12832.5981873
40038.5852971 12842.5981873
40038.5852971 12852.5981873
40038.5852971 12862.5981873
40038.5852971 12872.5981873
40038.5852971 12882.5981873
40038.5852971 12892.5981873
40038.5852971 12902.5981873
40038.5852971 12912.5981873
40038.5852971 12922.5981873
40038.5852971 12932.5981873
40038.5852971 12942.5981873
40038.5852971 12952.5981873
40038.5852971 12962.5981873
40038.5852971 12972.5981873
40038.5852971 12982.5981873
40038.5852971 12992.5981873
40038.5852971 13002.5981873
40038.5852971 13012.5981873
40038.5852971 13022.5981873
40038.5852971 13032.5981873
40038.5852971 13042.5981873
40038.5852971 13052.5981873
40038.5852971 13062.5981873
40038.5852971 13072.5981873
40038.5852971 13082.5981873
40038.5852971 13092.5981873
40038.5852971 13102.5981873
40038.5852971 13112.5981873
40038.5852971 13122.5981873
40038.5852971 13132.5981873
40038.5852971 13142.5981873
40038.5852971 13152.5981873
40038.5852971 13162.5981873
40038.5852971 13172.5981873
40038.5852971 13182.5981873
40038.5852971 13192.5981873
40038.5852971 13202.5981873
40038.5852971 13212.5981873
40038.5852971 13222.5981873
40038.5852971 13232.5981873
40038.5852971 13242.5981873
40038.5852971 13252.5981873
40038.5852971 13262.5981873
40038.5852971 13272.5981873
40038.5852971 13282.5981873
40038.5852971 13292.5981873
40048.5852971 12392.5981873
40048.5852971 12402.5981873
40048.5852971 12412.5981873
40048.5852971 12422.5981873
40048.5852971 12432.5981873
40048.5852971 12442.5981873
40048.5852971 12452.5981873
40048.5852971 12462.5981873
40048.5852971 12472.5981873
40048.5852971 12482.5981873
40048.5852971 12492.5981873
40048.5852971 12502.5981873
40048.5852971 12512.5981873
40048.5852971 12522.5981873
40048.5852971 12532.5981873
40048.5852971 12542.5981873
40048.5852971 12552.5981873
40048.5852971 12562.5981873
40048.5852971 12572.5981873
40048.5852971 12582.5981873
40048.5852971 12592.5981873
40048.5852971 12602.5981873
40048.5852971 12612.5981873
40048.5852971 12622.5981873
40048.5852971 12632.5981873
40048.5852971 12642.5981873
40048.5852971 12652.5981873
40048.5852971 12662.5981873
40048.5852971 12672.5981873
40048.5852971 12682.5981873
40048.5852971 12692.5981873
40048.5852971 12702.5981873
40048.5852971 12712.5981873
40048.5852971 12722.5981873
40048.5852971 12732.5981873
40048.5852971 12742.5981873
40048.5852971 12752.5981873
40048.5852971 12762.5981873
40048.5852971 12772.5981873
40048.5852971 12782.5981873
40048.5852971 12792.5981873
40048.5852971 12802.5981873
40048.5852971 12812.5981873
40048.5852971 12822.5981873
40048.5852971 12832.5981873
40048.5852971 12842.5981873
40048.5852971 12852.5981873
40048.5852971 12862.5981873
40048.5852971 12872.5981873
40048.5852971 12882.5981873
40048.5852971 12892.5981873
40048.5852971 12902.5981873
40048.5852971 12912.5981873
40048.5852971 12922.5981873
40048.5852971 12932.5981873
40048.5852971 12942.5981873
40048.5852971 12952.5981873
40048.5852971 12962.5981873
40048.5852971 12972.5981873
40048.5852971 12982.5981873
40048.5852971 12992.5981873
40048.5852971 13002.5981873
40048.5852971 13012.5981873
40048.5852971 13022.5981873
40048.5852971 13032.5981873
40048.5852971 13042.5981873
40048.5852971 13052.5981873
40048.5852971 13062.5981873
40048.5852971 13072.5981873
40048.5852971 13082.5981873
40048.5852971 13092.5981873
40048.5852971 13102.5981873
40048.5852971 13112.5981873
40048.5852971 13122.5981873
40048.5852971 13132.5981873
40048.5852971 13142.5981873
40048.5852971 13152.5981873
40048.5852971 13162.5981873
40048.5852971 13172.5981873
40048.5852971 13182.5981873
40048.5852971 13192.5981873
40048.5852971 13202.5981873
40048.5852971 13212.5981873
40048.5852971 13222.5981873
40048.5852971 13232.5981873
40048.5852971 13242.5981873
40048.5852971 13252.5981873
40048.5852971 13262.5981873
40048.5852971 13272.5981873
40048.5852971 13282.5981873
40048.5852971 13292.5981873
40058.5852971 12392.5981873
40058.5852971 12402.5981873
40058.5852971 12412.5981873
40058.5852971 12422.5981873
40058.5852971 12432.5981873
40058.5852971 12442.5981873
40058.5852971 12452.5981873
40058.5852971 12462.5981873
40058.5852971 12472.5981873
40058.5852971 12482.5981873
40058.5852971 12492.5981873
40058.5852971 12502.5981873
40058.5852971 12512.5981873
40058.5852971 12522.5981873
40058.5852971 12532.5981873
40058.5852971 12542.5981873
40058.5852971 12552.5981873
40058.5852971 12562.5981873
40058.5852971 12572.5981873
40058.5852971 12582.5981873
40058.5852971 12592.5981873
40058.5852971 12602.5981873
40058.5852971 12612.5981873
40058.5852971 12622.5981873
40058.5852971 12632.5981873
40058.5852971 12642.5981873
40058.5852971 12652.5981873
40058.5852971 12662.5981873
40058.5852971 12672.5981873
40058.5852971 12682.5981873
40058.5852971 12692.5981873
40058.5852971 12702.5981873
40058.5852971 12712.5981873
40058.5852971 12722.5981873
40058.5852971 12732.5981873
40058.5852971 12742.5981873
40058.5852971 12752.5981873
40058.5852971 12762.5981873
40058.5852971 12772.5981873
40058.5852971 12782.5981873
40058.5852971 12792.5981873
40058.5852971 12802.5981873
40058.5852971 12812.5981873
40058.5852971 12822.5981873
40058.5852971 12832.5981873
40058.5852971 12842.5981873
40058.5852971 12852.5981873
40058.5852971 12862.5981873
40058.5852971 12872.5981873
40058.5852971 12882.5981873
40058.5852971 12892.5981873
40058.5852971 12902.5981873
40058.5852971 12912.5981873
40058.5852971 12922.5981873
40058.5852971 12932.5981873
40058.5852971 12942.5981873
40058.5852971 12952.5981873
40058.5852971 12962.5981873
40058.5852971 12972.5981873
40058.5852971 12982.5981873
40058.5852971 12992.5981873
40058.5852971 13002.5981873
40058.5852971 13012.5981873
40058.5852971 13022.5981873
40058.5852971 13032.5981873
40058.5852971 13042.5981873
40058.5852971 13052.5981873
40058.5852971 13062.5981873
40058.5852971 13072.5981873
40058.5852971 13082.5981873
40058.5852971 13092.5981873
40058.5852971 13102.5981873
40058.5852971 13112.5981873
40058.5852971 13122.5981873
40058.5852971 13132.5981873
40058.5852971 13142.5981873
40058.5852971 13152.5981873
40058.5852971 13162.5981873
40058.5852971 13172.5981873
40058.5852971 13182.5981873
40058.5852971 13192.5981873
40058.5852971 13202.5981873
40058.5852971 13212.5981873
40058.5852971 13222.5981873
40058.5852971 13232.5981873
40058.5852971 13242.5981873
40058.5852971 13252.5981873
40058.5852971 13262.5981873
40058.5852971 13272.5981873
40058.5852971 13282.5981873
40058.5852971 13292.5981873
40068.5852971 12392.5981873
40068.5852971 12402.5981873
40068.5852971 12412.5981873
40068.5852971 12422.5981873
40068.5852971 12432.5981873
40068.5852971 12442.5981873
40068.5852971 12452.5981873
40068.5852971 12462.5981873
40068.5852971 12472.5981873
40068.5852971 12482.5981873
40068.5852971 12492.5981873
40068.5852971 12502.5981873
40068.5852971 12512.5981873
40068.5852971 12522.5981873
40068.5852971 12532.5981873
40068.5852971 12542.5981873
40068.5852971 12552.5981873
40068.5852971 12562.5981873
40068.5852971 12572.5981873
40068.5852971 12582.5981873
40068.5852971 12592.5981873
40068.5852971 12602.5981873
40068.5852971 12612.5981873
40068.5852971 12622.5981873
40068.5852971 12632.5981873
40068.5852971 12642.5981873
40068.5852971 12652.5981873
40068.5852971 12662.5981873
40068.5852971 12672.5981873
40068.5852971 12682.5981873
40068.5852971 12692.5981873
40068.5852971 12702.5981873
40068.5852971 12712.5981873
40068.5852971 12722.5981873
40068.5852971 12732.5981873
40068.5852971 12742.5981873
40068.5852971 12752.5981873
40068.5852971 12762.5981873
40068.5852971 12772.5981873
40068.5852971 12782.5981873
40068.5852971 12792.5981873
40068.5852971 12802.5981873
40068.5852971 12812.5981873
40068.5852971 12822.5981873
40068.5852971 12832.5981873
40068.5852971 12842.5981873
40068.5852971 12852.5981873
40068.5852971 12862.5981873
40068.5852971 12872.5981873
40068.5852971 12882.5981873
40068.5852971 12892.5981873
40068.5852971 12902.5981873
40068.5852971 12912.5981873
40068.5852971 12922.5981873
40068.5852971 12932.5981873
40068.5852971 12942.5981873
40068.5852971 12952.5981873
40068.5852971 12962.5981873
40068.5852971 12972.5981873
40068.5852971 12982.5981873
40068.5852971 12992.5981873
40068.5852971 13002.5981873
40068.5852971 13012.5981873
40068.5852971 13022.5981873
40068.5852971 13032.5981873
40068.5852971 13042.5981873
40068.5852971 13052.5981873
40068.5852971 13062.5981873
40068.5852971 13072.5981873
40068.5852971 13082.5981873
40068.5852971 13092.5981873
40068.5852971 13102.5981873
40068.5852971 13112.5981873
40068.5852971 13122.5981873
40068.5852971 13132.5981873
40068.5852971 13142.5981873
40068.5852971 13152.5981873
40068.5852971 13162.5981873
40068.5852971 13172.5981873
40068.5852971 13182.5981873
40068.5852971 13192.5981873
40068.5852971 13202.5981873
40068.5852971 13212.5981873
40068.5852971 13222.5981873
40068.5852971 13232.5981873
40068.5852971 13242.5981873
40068.5852971 13252.5981873
40068.5852971 13262.5981873
40068.5852971 13272.5981873
40068.5852971 13282.5981873
40068.5852971 13292.5981873
40078.5852971 12392.5981873
40078.5852971 12402.5981873
40078.5852971 12412.5981873
40078.5852971 12422.5981873
40078.5852971 12432.5981873
40078.5852971 12442.5981873
40078.5852971 12452.5981873
40078.5852971 12462.5981873
40078.5852971 12472.5981873
40078.5852971 12482.5981873
40078.5852971 12492.5981873
40078.5852971 12502.5981873
40078.5852971 12512.5981873
40078.5852971 12522.5981873
40078.5852971 12532.5981873
40078.5852971 12542.5981873
40078.5852971 12552.5981873
40078.5852971 12562.5981873
40078.5852971 12572.5981873
40078.5852971 12582.5981873
40078.5852971 12592.5981873
40078.5852971 12602.5981873
40078.5852971 12612.5981873
40078.5852971 12622.5981873
40078.5852971 12632.5981873
40078.5852971 12642.5981873
40078.5852971 12652.5981873
40078.5852971 12662.5981873
40078.5852971 12672.5981873
40078.5852971 12682.5981873
40078.5852971 12692.5981873
40078.5852971 12702.5981873
40078.5852971 12712.5981873
40078.5852971 12722.5981873
40078.5852971 12732.5981873
40078.5852971 12742.5981873
40078.5852971 12752.5981873
40078.5852971 12762.5981873
40078.5852971 12772.5981873
40078.5852971 12782.5981873
40078.5852971 12792.5981873
40078.5852971 12802.5981873
40078.5852971 12812.5981873
40078.5852971 12822.5981873
40078.5852971 12832.5981873
40078.5852971 12842.5981873
40078.5852971 12852.5981873
40078.5852971 12862.5981873
40078.5852971 12872.5981873
40078.5852971 12882.5981873
40078.5852971 12892.5981873
40078.5852971 12902.5981873
40078.5852971 12912.5981873
40078.5852971 12922.5981873
40078.5852971 12932.5981873
40078.5852971 12942.5981873
40078.5852971 12952.5981873
40078.5852971 12962.5981873
40078.5852971 12972.5981873
40078.5852971 12982.5981873
40078.5852971 12992.5981873
40078.5852971 13002.5981873
40078.5852971 13012.5981873
40078.5852971 13022.5981873
40078.5852971 13032.5981873
40078.5852971 13042.5981873
40078.5852971 13052.5981873
40078.5852971 13062.5981873
40078.5852971 13072.5981873
40078.5852971 13082.5981873
40078.5852971 13092.5981873
40078.5852971 13102.5981873
40078.5852971 13112.5981873
40078.5852971 13122.5981873
40078.5852971 13132.5981873
40078.5852971 13142.5981873
40078.5852971 13152.5981873
40078.5852971 13162.5981873
40078.5852971 13172.5981873
40078.5852971 13182.5981873
40078.5852971 13192.5981873
40078.5852971 13202.5981873
40078.5852971 13212.5981873
40078.5852971 13222.5981873
40078.5852971 13232.5981873
40078.5852971 13242.5981873
40078.5852971 13252.5981873
40078.5852971 13262.5981873
40078.5852971 13272.5981873
40078.5852971 13282.5981873
40078.5852971 13292.5981873
40088.5852971 12392.5981873
40088.5852971 12402.5981873
40088.5852971 12412.5981873
40088.5852971 12422.5981873
40088.5852971 12432.5981873
40088.5852971 12442.5981873
40088.5852971 12452.5981873
40088.5852971 12462.5981873
40088.5852971 12472.5981873
40088.5852971 12482.5981873
40088.5852971 12492.5981873
40088.5852971 12502.5981873
40088.5852971 12512.5981873
40088.5852971 12522.5981873
40088.5852971 12532.5981873
40088.5852971 12542.5981873
40088.5852971 12552.5981873
40088.5852971 12562.5981873
40088.5852971 12572.5981873
40088.5852971 12582.5981873
40088.5852971 12592.5981873
40088.5852971 12602.5981873
40088.5852971 12612.5981873
40088.5852971 12622.5981873
40088.5852971 12632.5981873
40088.5852971 12642.5981873
40088.5852971 12652.5981873
40088.5852971 12662.5981873
40088.5852971 12672.5981873
40088.5852971 12682.5981873
40088.5852971 12692.5981873
40088.5852971 12702.5981873
40088.5852971 12712.5981873
40088.5852971 12722.5981873
40088.5852971 12732.5981873
40088.5852971 12742.5981873
40088.5852971 12752.5981873
40088.5852971 12762.5981873
40088.5852971 12772.5981873
40088.5852971 12782.5981873
40088.5852971 12792.5981873
40088.5852971 12802.5981873
40088.5852971 12812.5981873
40088.5852971 12822.5981873
40088.5852971 12832.5981873
40088.5852971 12842.5981873
40088.5852971 12852.5981873
40088.5852971 12862.5981873
40088.5852971 12872.5981873
40088.5852971 12882.5981873
40088.5852971 12892.5981873
40088.5852971 12902.5981873
40088.5852971 12912.5981873
40088.5852971 12922.5981873
40088.5852971 12932.5981873
40088.5852971 12942.5981873
40088.5852971 12952.5981873
40088.5852971 12962.5981873
40088.5852971 12972.5981873
40088.5852971 12982.5981873
40088.5852971 12992.5981873
40088.5852971 13002.5981873
40088.5852971 13012.5981873
40088.5852971 13022.5981873
40088.5852971 13032.5981873
40088.5852971 13042.5981873
40088.5852971 13052.5981873
40088.5852971 13062.5981873
40088.5852971 13072.5981873
40088.5852971 13082.5981873
40088.5852971 13092.5981873
40088.5852971 13102.5981873
40088.5852971 13112.5981873
40088.5852971 13122.5981873
40088.5852971 13132.5981873
40088.5852971 13142.5981873
40088.5852971 13152.5981873
40088.5852971 13162.5981873
40088.5852971 13172.5981873
40088.5852971 13182.5981873
40088.5852971 13192.5981873
40088.5852971 13202.5981873
40088.5852971 13212.5981873
40088.5852971 13222.5981873
40088.5852971 13232.5981873
40088.5852971 13242.5981873
40088.5852971 13252.5981873
40088.5852971 13262.5981873
40088.5852971 13272.5981873
40088.5852971 13282.5981873
40088.5852971 13292.5981873
40098.5852971 12392.5981873
40098.5852971 12402.5981873
40098.5852971 12412.5981873
40098.5852971 12422.5981873
40098.5852971 12432.5981873
40098.5852971 12442.5981873
40098.5852971 12452.5981873
40098.5852971 12462.5981873
40098.5852971 12472.5981873
40098.5852971 12482.5981873
40098.5852971 12492.5981873
40098.5852971 12502.5981873
40098.5852971 12512.5981873
40098.5852971 12522.5981873
40098.5852971 12532.5981873
40098.5852971 12542.5981873
40098.5852971 12552.5981873
40098.5852971 12562.5981873
40098.5852971 12572.5981873
40098.5852971 12582.5981873
40098.5852971 12592.5981873
40098.5852971 12602.5981873
40098.5852971 12612.5981873
40098.5852971 12622.5981873
40098.5852971 12632.5981873
40098.5852971 12642.5981873
40098.5852971 12652.5981873
40098.5852971 12662.5981873
40098.5852971 12672.5981873
40098.5852971 12682.5981873
40098.5852971 12692.5981873
40098.5852971 12702.5981873
40098.5852971 12712.5981873
40098.5852971 12722.5981873
40098.5852971 12732.5981873
40098.5852971 12742.5981873
40098.5852971 12752.5981873
40098.5852971 12762.5981873
40098.5852971 12772.5981873
40098.5852971 12782.5981873
40098.5852971 12792.5981873
40098.5852971 12802.5981873
40098.5852971 12812.5981873
40098.5852971 12822.5981873
40098.5852971 12832.5981873
40098.5852971 12842.5981873
40098.5852971 12852.5981873
40098.5852971 12862.5981873
40098.5852971 12872.5981873
40098.5852971 12882.5981873
40098.5852971 12892.5981873
40098.5852971 12902.5981873
40098.5852971 12912.5981873
40098.5852971 12922.5981873
40098.5852971 12932.5981873
40098.5852971 12942.5981873
40098.5852971 12952.5981873
40098.5852971 12962.5981873
40098.5852971 12972.5981873
40098.5852971 12982.5981873
40098.5852971 12992.5981873
40098.5852971 13002.5981873
40098.5852971 13012.5981873
40098.5852971 13022.5981873
40098.5852971 13032.5981873
40098.5852971 13042.5981873
40098.5852971 13052.5981873
40098.5852971 13062.5981873
40098.5852971 13072.5981873
40098.5852971 13082.5981873
40098.5852971 13092.5981873
40098.5852971 13102.5981873
40098.5852971 13112.5981873
40098.5852971 13122.5981873
40098.5852971 13132.5981873
40098.5852971 13142.5981873
40098.5852971 13152.5981873
40098.5852971 13162.5981873
40098.5852971 13172.5981873
40098.5852971 13182.5981873
40098.5852971 13192.5981873
40098.5852971 13202.5981873
40098.5852971 13212.5981873
40098.5852971 13222.5981873
40098.5852971 13232.5981873
40098.5852971 13242.5981873
40098.5852971 13252.5981873
40098.5852971 13262.5981873
40098.5852971 13272.5981873
40098.5852971 13282.5981873
40098.5852971 13292.5981873
40108.5852971 12392.5981873
40108.5852971 12402.5981873
40108.5852971 12412.5981873
40108.5852971 12422.5981873
40108.5852971 12432.5981873
40108.5852971 12442.5981873
40108.5852971 12452.5981873
40108.5852971 12462.5981873
40108.5852971 12472.5981873
40108.5852971 12482.5981873
40108.5852971 12492.5981873
40108.5852971 12502.5981873
40108.5852971 12512.5981873
40108.5852971 12522.5981873
40108.5852971 12532.5981873
40108.5852971 12542.5981873
40108.5852971 12552.5981873
40108.5852971 12562.5981873
40108.5852971 12572.5981873
40108.5852971 12582.5981873
40108.5852971 12592.5981873
40108.5852971 12602.5981873
40108.5852971 12612.5981873
40108.5852971 12622.5981873
40108.5852971 12632.5981873
40108.5852971 12642.5981873
40108.5852971 12652.5981873
40108.5852971 12662.5981873
40108.5852971 12672.5981873
40108.5852971 12682.5981873
40108.5852971 12692.5981873
40108.5852971 12702.5981873
40108.5852971 12712.5981873
40108.5852971 12722.5981873
40108.5852971 12732.5981873
40108.5852971 12742.5981873
40108.5852971 12752.5981873
40108.5852971 12762.5981873
40108.5852971 12772.5981873
40108.5852971 12782.5981873
40108.5852971 12792.5981873
40108.5852971 12802.5981873
40108.5852971 12812.5981873
40108.5852971 12822.5981873
40108.5852971 12832.5981873
40108.5852971 12842.5981873
40108.5852971 12852.5981873
40108.5852971 12862.5981873
40108.5852971 12872.5981873
40108.5852971 12882.5981873
40108.5852971 12892.5981873
40108.5852971 12902.5981873
40108.5852971 12912.5981873
40108.5852971 12922.5981873
40108.5852971 12932.5981873
40108.5852971 12942.5981873
40108.5852971 12952.5981873
40108.5852971 12962.5981873
40108.5852971 12972.5981873
40108.5852971 12982.5981873
40108.5852971 12992.5981873
40108.5852971 13002.5981873
40108.5852971 13012.5981873
40108.5852971 13022.5981873
40108.5852971 13032.5981873
40108.5852971 13042.5981873
40108.5852971 13052.5981873
40108.5852971 13062.5981873
40108.5852971 13072.5981873
40108.5852971 13082.5981873
40108.5852971 13092.5981873
40108.5852971 13102.5981873
40108.5852971 13112.5981873
40108.5852971 13122.5981873
40108.5852971 13132.5981873
40108.5852971 13142.5981873
40108.5852971 13152.5981873
40108.5852971 13162.5981873
40108.5852971 13172.5981873
40108.5852971 13182.5981873
40108.5852971 13192.5981873
40108.5852971 13202.5981873
40108.5852971 13212.5981873
40108.5852971 13222.5981873
40108.5852971 13232.5981873
40108.5852971 13242.5981873
40108.5852971 13252.5981873
40108.5852971 13262.5981873
40108.5852971 13272.5981873
40108.5852971 13282.5981873
40108.5852971 13292.5981873
40118.5852971 12392.5981873
40118.5852971 12402.5981873
40118.5852971 12412.5981873
40118.5852971 12422.5981873
40118.5852971 12432.5981873
40118.5852971 12442.5981873
40118.5852971 12452.5981873
40118.5852971 12462.5981873
40118.5852971 12472.5981873
40118.5852971 12482.5981873
40118.5852971 12492.5981873
40118.5852971 12502.5981873
40118.5852971 12512.5981873
40118.5852971 12522.5981873
40118.5852971 12532.5981873
40118.5852971 12542.5981873
40118.5852971 12552.5981873
40118.5852971 12562.5981873
40118.5852971 12572.5981873
40118.5852971 12582.5981873
40118.5852971 12592.5981873
40118.5852971 12602.5981873
40118.5852971 12612.5981873
40118.5852971 12622.5981873
40118.5852971 12632.5981873
40118.5852971 12642.5981873
40118.5852971 12652.5981873
40118.5852971 12662.5981873
40118.5852971 12672.5981873
40118.5852971 12682.5981873
40118.5852971 12692.5981873
40118.5852971 12702.5981873
40118.5852971 12712.5981873
40118.5852971 12722.5981873
40118.5852971 12732.5981873
40118.5852971 12742.5981873
40118.5852971 12752.5981873
40118.5852971 12762.5981873
40118.5852971 12772.5981873
40118.5852971 12782.5981873
40118.5852971 12792.5981873
40118.5852971 12802.5981873
40118.5852971 12812.5981873
40118.5852971 12822.5981873
40118.5852971 12832.5981873
40118.5852971 12842.5981873
40118.5852971 12852.5981873
40118.5852971 12862.5981873
40118.5852971 12872.5981873
40118.5852971 12882.5981873
40118.5852971 12892.5981873
40118.5852971 12902.5981873
40118.5852971 12912.5981873
40118.5852971 12922.5981873
40118.5852971 12932.5981873
40118.5852971 12942.5981873
40118.5852971 12952.5981873
40118.5852971 12962.5981873
40118.5852971 12972.5981873
40118.5852971 12982.5981873
40118.5852971 12992.5981873
40118.5852971 13002.5981873
40118.5852971 13012.5981873
40118.5852971 13022.5981873
40118.5852971 13032.5981873
40118.5852971 13042.5981873
40118.5852971 13052.5981873
40118.5852971 13062.5981873
40118.5852971 13072.5981873
40118.5852971 13082.5981873
40118.5852971 13092.5981873
40118.5852971 13102.5981873
40118.5852971 13112.5981873
40118.5852971 13122.5981873
40118.5852971 13132.5981873
40118.5852971 13142.5981873
40118.5852971 13152.5981873
40118.5852971 13162.5981873
40118.5852971 13172.5981873
40118.5852971 13182.5981873
40118.5852971 13192.5981873
40118.5852971 13202.5981873
40118.5852971 13212.5981873
40118.5852971 13222.5981873
40118.5852971 13232.5981873
40118.5852971 13242.5981873
40118.5852971 13252.5981873
40118.5852971 13262.5981873
40118.5852971 13272.5981873
40118.5852971 13282.5981873
40118.5852971 13292.5981873
40128.5852971 12392.5981873
40128.5852971 12402.5981873
40128.5852971 12412.5981873
40128.5852971 12422.5981873
40128.5852971 12432.5981873
40128.5852971 12442.5981873
40128.5852971 12452.5981873
40128.5852971 12462.5981873
40128.5852971 12472.5981873
40128.5852971 12482.5981873
40128.5852971 12492.5981873
40128.5852971 12502.5981873
40128.5852971 12512.5981873
40128.5852971 12522.5981873
40128.5852971 12532.5981873
40128.5852971 12542.5981873
40128.5852971 12552.5981873
40128.5852971 12562.5981873
40128.5852971 12572.5981873
40128.5852971 12582.5981873
40128.5852971 12592.5981873
40128.5852971 12602.5981873
40128.5852971 12612.5981873
40128.5852971 12622.5981873
40128.5852971 12632.5981873
40128.5852971 12642.5981873
40128.5852971 12652.5981873
40128.5852971 12662.5981873
40128.5852971 12672.5981873
40128.5852971 12682.5981873
40128.5852971 12692.5981873
40128.5852971 12702.5981873
40128.5852971 12712.5981873
40128.5852971 12722.5981873
40128.5852971 12732.5981873
40128.5852971 12742.5981873
40128.5852971 12752.5981873
40128.5852971 12762.5981873
40128.5852971 12772.5981873
40128.5852971 12782.5981873
40128.5852971 12792.5981873
40128.5852971 12802.5981873
40128.5852971 12812.5981873
40128.5852971 12822.5981873
40128.5852971 12832.5981873
40128.5852971 12842.5981873
40128.5852971 12852.5981873
40128.5852971 12862.5981873
40128.5852971 12872.5981873
40128.5852971 12882.5981873
40128.5852971 12892.5981873
40128.5852971 12902.5981873
40128.5852971 12912.5981873
40128.5852971 12922.5981873
40128.5852971 12932.5981873
40128.5852971 12942.5981873
40128.5852971 12952.5981873
40128.5852971 12962.5981873
40128.5852971 12972.5981873
40128.5852971 12982.5981873
40128.5852971 12992.5981873
40128.5852971 13002.5981873
40128.5852971 13012.5981873
40128.5852971 13022.5981873
40128.5852971 13032.5981873
40128.5852971 13042.5981873
40128.5852971 13052.5981873
40128.5852971 13062.5981873
40128.5852971 13072.5981873
40128.5852971 13082.5981873
40128.5852971 13092.5981873
40128.5852971 13102.5981873
40128.5852971 13112.5981873
40128.5852971 13122.5981873
40128.5852971 13132.5981873
40128.5852971 13142.5981873
40128.5852971 13152.5981873
40128.5852971 13162.5981873
40128.5852971 13172.5981873
40128.5852971 13182.5981873
40128.5852971 13192.5981873
40128.5852971 13202.5981873
40128.5852971 13212.5981873
40128.5852971 13222.5981873
40128.5852971 13232.5981873
40128.5852971 13242.5981873
40128.5852971 13252.5981873
40128.5852971 13262.5981873
40128.5852971 13272.5981873
40128.5852971 13282.5981873
40128.5852971 13292.5981873
40138.5852971 12392.5981873
40138.5852971 12402.5981873
40138.5852971 12412.5981873
40138.5852971 12422.5981873
40138.5852971 12432.5981873
40138.5852971 12442.5981873
40138.5852971 12452.5981873
40138.5852971 12462.5981873
40138.5852971 12472.5981873
40138.5852971 12482.5981873
40138.5852971 12492.5981873
40138.5852971 12502.5981873
40138.5852971 12512.5981873
40138.5852971 12522.5981873
40138.5852971 12532.5981873
40138.5852971 12542.5981873
40138.5852971 12552.5981873
40138.5852971 12562.5981873
40138.5852971 12572.5981873
40138.5852971 12582.5981873
40138.5852971 12592.5981873
40138.5852971 12602.5981873
40138.5852971 12612.5981873
40138.5852971 12622.5981873
40138.5852971 12632.5981873
40138.5852971 12642.5981873
40138.5852971 12652.5981873
40138.5852971 12662.5981873
40138.5852971 12672.5981873
40138.5852971 12682.5981873
40138.5852971 12692.5981873
40138.5852971 12702.5981873
40138.5852971 12712.5981873
40138.5852971 12722.5981873
40138.5852971 12732.5981873
40138.5852971 12742.5981873
40138.5852971 12752.5981873
40138.5852971 12762.5981873
40138.5852971 12772.5981873
40138.5852971 12782.5981873
40138.5852971 12792.5981873
40138.5852971 12802.5981873
40138.5852971 12812.5981873
40138.5852971 12822.5981873
40138.5852971 12832.5981873
40138.5852971 12842.5981873
40138.5852971 12852.5981873
40138.5852971 12862.5981873
40138.5852971 12872.5981873
40138.5852971 12882.5981873
40138.5852971 12892.5981873
40138.5852971 12902.5981873
40138.5852971 12912.5981873
40138.5852971 12922.5981873
40138.5852971 12932.5981873
40138.5852971 12942.5981873
40138.5852971 12952.5981873
40138.5852971 12962.5981873
40138.5852971 12972.5981873
40138.5852971 12982.5981873
40138.5852971 12992.5981873
40138.5852971 13002.5981873
40138.5852971 13012.5981873
40138.5852971 13022.5981873
40138.5852971 13032.5981873
40138.5852971 13042.5981873
40138.5852971 13052.5981873
40138.5852971 13062.5981873
40138.5852971 13072.5981873
40138.5852971 13082.5981873
40138.5852971 13092.5981873
40138.5852971 13102.5981873
40138.5852971 13112.5981873
40138.5852971 13122.5981873
40138.5852971 13132.5981873
40138.5852971 13142.5981873
40138.5852971 13152.5981873
40138.5852971 13162.5981873
40138.5852971 13172.5981873
40138.5852971 13182.5981873
40138.5852971 13192.5981873
40138.5852971 13202.5981873
40138.5852971 13212.5981873
40138.5852971 13222.5981873
40138.5852971 13232.5981873
40138.5852971 13242.5981873
40138.5852971 13252.5981873
40138.5852971 13262.5981873
40138.5852971 13272.5981873
40138.5852971 13282.5981873
40138.5852971 13292.5981873
40148.5852971 12392.5981873
40148.5852971 12402.5981873
40148.5852971 12412.5981873
40148.5852971 12422.5981873
40148.5852971 12432.5981873
40148.5852971 12442.5981873
40148.5852971 12452.5981873
40148.5852971 12462.5981873
40148.5852971 12472.5981873
40148.5852971 12482.5981873
40148.5852971 12492.5981873
40148.5852971 12502.5981873
40148.5852971 12512.5981873
40148.5852971 12522.5981873
40148.5852971 12532.5981873
40148.5852971 12542.5981873
40148.5852971 12552.5981873
40148.5852971 12562.5981873
40148.5852971 12572.5981873
40148.5852971 12582.5981873
40148.5852971 12592.5981873
40148.5852971 12602.5981873
40148.5852971 12612.5981873
40148.5852971 12622.5981873
40148.5852971 12632.5981873
40148.5852971 12642.5981873
40148.5852971 12652.5981873
40148.5852971 12662.5981873
40148.5852971 12672.5981873
40148.5852971 12682.5981873
40148.5852971 12692.5981873
40148.5852971 12702.5981873
40148.5852971 12712.5981873
40148.5852971 12722.5981873
40148.5852971 12732.5981873
40148.5852971 12742.5981873
40148.5852971 12752.5981873
40148.5852971 12762.5981873
40148.5852971 12772.5981873
40148.5852971 12782.5981873
40148.5852971 12792.5981873
40148.5852971 12802.5981873
40148.5852971 12812.5981873
40148.5852971 12822.5981873
40148.5852971 12832.5981873
40148.5852971 12842.5981873
40148.5852971 12852.5981873
40148.5852971 12862.5981873
40148.5852971 12872.5981873
40148.5852971 12882.5981873
40148.5852971 12892.5981873
40148.5852971 12902.5981873
40148.5852971 12912.5981873
40148.5852971 12922.5981873
40148.5852971 12932.5981873
40148.5852971 12942.5981873
40148.5852971 12952.5981873
40148.5852971 12962.5981873
40148.5852971 12972.5981873
40148.5852971 12982.5981873
40148.5852971 12992.5981873
40148.5852971 13002.5981873
40148.5852971 13012.5981873
40148.5852971 13022.5981873
40148.5852971 13032.5981873
40148.5852971 13042.5981873
40148.5852971 13052.5981873
40148.5852971 13062.5981873
40148.5852971 13072.5981873
40148.5852971 13082.5981873
40148.5852971 13092.5981873
40148.5852971 13102.5981873
40148.5852971 13112.5981873
40148.5852971 13122.5981873
40148.5852971 13132.5981873
40148.5852971 13142.5981873
40148.5852971 13152.5981873
40148.5852971 13162.5981873
40148.5852971 13172.5981873
40148.5852971 13182.5981873
40148.5852971 13192.5981873
40148.5852971 13202.5981873
40148.5852971 13212.5981873
40148.5852971 13222.5981873
40148.5852971 13232.5981873
40148.5852971 13242.5981873
40148.5852971 13252.5981873
40148.5852971 13262.5981873
40148.5852971 13272.5981873
40148.5852971 13282.5981873
40148.5852971 13292.5981873
40158.5852971 12392.5981873
40158.5852971 12402.5981873
40158.5852971 12412.5981873
40158.5852971 12422.5981873
40158.5852971 12432.5981873
40158.5852971 12442.5981873
40158.5852971 12452.5981873
40158.5852971 12462.5981873
40158.5852971 12472.5981873
40158.5852971 12482.5981873
40158.5852971 12492.5981873
40158.5852971 12502.5981873
40158.5852971 12512.5981873
40158.5852971 12522.5981873
40158.5852971 12532.5981873
40158.5852971 12542.5981873
40158.5852971 12552.5981873
40158.5852971 12562.5981873
40158.5852971 12572.5981873
40158.5852971 12582.5981873
40158.5852971 12592.5981873
40158.5852971 12602.5981873
40158.5852971 12612.5981873
40158.5852971 12622.5981873
40158.5852971 12632.5981873
40158.5852971 12642.5981873
40158.5852971 12652.5981873
40158.5852971 12662.5981873
40158.5852971 12672.5981873
40158.5852971 12682.5981873
40158.5852971 12692.5981873
40158.5852971 12702.5981873
40158.5852971 12712.5981873
40158.5852971 12722.5981873
40158.5852971 12732.5981873
40158.5852971 12742.5981873
40158.5852971 12752.5981873
40158.5852971 12762.5981873
40158.5852971 12772.5981873
40158.5852971 12782.5981873
40158.5852971 12792.5981873
40158.5852971 12802.5981873
40158.5852971 12812.5981873
40158.5852971 12822.5981873
40158.5852971 12832.5981873
40158.5852971 12842.5981873
40158.5852971 12852.5981873
40158.5852971 12862.5981873
40158.5852971 12872.5981873
40158.5852971 12882.5981873
40158.5852971 12892.5981873
40158.5852971 12902.5981873
40158.5852971 12912.5981873
40158.5852971 12922.5981873
40158.5852971 12932.5981873
40158.5852971 12942.5981873
40158.5852971 12952.5981873
40158.5852971 12962.5981873
40158.5852971 12972.5981873
40158.5852971 12982.5981873
40158.5852971 12992.5981873
40158.5852971 13002.5981873
40158.5852971 13012.5981873
40158.5852971 13022.5981873
40158.5852971 13032.5981873
40158.5852971 13042.5981873
40158.5852971 13052.5981873
40158.5852971 13062.5981873
40158.5852971 13072.5981873
40158.5852971 13082.5981873
40158.5852971 13092.5981873
40158.5852971 13102.5981873
40158.5852971 13112.5981873
40158.5852971 13122.5981873
40158.5852971 13132.5981873
40158.5852971 13142.5981873
40158.5852971 13152.5981873
40158.5852971 13162.5981873
40158.5852971 13172.5981873
40158.5852971 13182.5981873
40158.5852971 13192.5981873
40158.5852971 13202.5981873
40158.5852971 13212.5981873
40158.5852971 13222.5981873
40158.5852971 13232.5981873
40158.5852971 13242.5981873
40158.5852971 13252.5981873
40158.5852971 13262.5981873
40158.5852971 13272.5981873
40158.5852971 13282.5981873
40158.5852971 13292.5981873
40168.5852971 12392.5981873
40168.5852971 12402.5981873
40168.5852971 12412.5981873
40168.5852971 12422.5981873
40168.5852971 12432.5981873
40168.5852971 12442.5981873
40168.5852971 12452.5981873
40168.5852971 12462.5981873
40168.5852971 12472.5981873
40168.5852971 12482.5981873
40168.5852971 12492.5981873
40168.5852971 12502.5981873
40168.5852971 12512.5981873
40168.5852971 12522.5981873
40168.5852971 12532.5981873
40168.5852971 12542.5981873
40168.5852971 12552.5981873
40168.5852971 12562.5981873
40168.5852971 12572.5981873
40168.5852971 12582.5981873
40168.5852971 12592.5981873
40168.5852971 12602.5981873
40168.5852971 12612.5981873
40168.5852971 12622.5981873
40168.5852971 12632.5981873
40168.5852971 12642.5981873
40168.5852971 12652.5981873
40168.5852971 12662.5981873
40168.5852971 12672.5981873
40168.5852971 12682.5981873
40168.5852971 12692.5981873
40168.5852971 12702.5981873
40168.5852971 12712.5981873
40168.5852971 12722.5981873
40168.5852971 12732.5981873
40168.5852971 12742.5981873
40168.5852971 12752.5981873
40168.5852971 12762.5981873
40168.5852971 12772.5981873
40168.5852971 12782.5981873
40168.5852971 12792.5981873
40168.5852971 12802.5981873
40168.5852971 12812.5981873
40168.5852971 12822.5981873
40168.5852971 12832.5981873
40168.5852971 12842.5981873
40168.5852971 12852.5981873
40168.5852971 12862.5981873
40168.5852971 12872.5981873
40168.5852971 12882.5981873
40168.5852971 12892.5981873
40168.5852971 12902.5981873
40168.5852971 12912.5981873
40168.5852971 12922.5981873
40168.5852971 12932.5981873
40168.5852971 12942.5981873
40168.5852971 12952.5981873
40168.5852971 12962.5981873
40168.5852971 12972.5981873
40168.5852971 12982.5981873
40168.5852971 12992.5981873
40168.5852971 13002.5981873
40168.5852971 13012.5981873
40168.5852971 13022.5981873
40168.5852971 13032.5981873
40168.5852971 13042.5981873
40168.5852971 13052.5981873
40168.5852971 13062.5981873
40168.5852971 13072.5981873
40168.5852971 13082.5981873
40168.5852971 13092.5981873
40168.5852971 13102.5981873
40168.5852971 13112.5981873
40168.5852971 13122.5981873
40168.5852971 13132.5981873
40168.5852971 13142.5981873
40168.5852971 13152.5981873
40168.5852971 13162.5981873
40168.5852971 13172.5981873
40168.5852971 13182.5981873
40168.5852971 13192.5981873
40168.5852971 13202.5981873
40168.5852971 13212.5981873
40168.5852971 13222.5981873
40168.5852971 13232.5981873
40168.5852971 13242.5981873
40168.5852971 13252.5981873
40168.5852971 13262.5981873
40168.5852971 13272.5981873
40168.5852971 13282.5981873
40168.5852971 13292.5981873
40178.5852971 12392.5981873
40178.5852971 12402.5981873
40178.5852971 12412.5981873
40178.5852971 12422.5981873
40178.5852971 12432.5981873
40178.5852971 12442.5981873
40178.5852971 12452.5981873
40178.5852971 12462.5981873
40178.5852971 12472.5981873
40178.5852971 12482.5981873
40178.5852971 12492.5981873
40178.5852971 12502.5981873
40178.5852971 12512.5981873
40178.5852971 12522.5981873
40178.5852971 12532.5981873
40178.5852971 12542.5981873
40178.5852971 12552.5981873
40178.5852971 12562.5981873
40178.5852971 12572.5981873
40178.5852971 12582.5981873
40178.5852971 12592.5981873
40178.5852971 12602.5981873
40178.5852971 12612.5981873
40178.5852971 12622.5981873
40178.5852971 12632.5981873
40178.5852971 12642.5981873
40178.5852971 12652.5981873
40178.5852971 12662.5981873
40178.5852971 12672.5981873
40178.5852971 12682.5981873
40178.5852971 12692.5981873
40178.5852971 12702.5981873
40178.5852971 12712.5981873
40178.5852971 12722.5981873
40178.5852971 12732.5981873
40178.5852971 12742.5981873
40178.5852971 12752.5981873
40178.5852971 12762.5981873
40178.5852971 12772.5981873
40178.5852971 12782.5981873
40178.5852971 12792.5981873
40178.5852971 12802.5981873
40178.5852971 12812.5981873
40178.5852971 12822.5981873
40178.5852971 12832.5981873
40178.5852971 12842.5981873
40178.5852971 12852.5981873
40178.5852971 12862.5981873
40178.5852971 12872.5981873
40178.5852971 12882.5981873
40178.5852971 12892.5981873
40178.5852971 12902.5981873
40178.5852971 12912.5981873
40178.5852971 12922.5981873
40178.5852971 12932.5981873
40178.5852971 12942.5981873
40178.5852971 12952.5981873
40178.5852971 12962.5981873
40178.5852971 12972.5981873
40178.5852971 12982.5981873
40178.5852971 12992.5981873
40178.5852971 13002.5981873
40178.5852971 13012.5981873
40178.5852971 13022.5981873
40178.5852971 13032.5981873
40178.5852971 13042.5981873
40178.5852971 13052.5981873
40178.5852971 13062.5981873
40178.5852971 13072.5981873
40178.5852971 13082.5981873
40178.5852971 13092.5981873
40178.5852971 13102.5981873
40178.5852971 13112.5981873
40178.5852971 13122.5981873
40178.5852971 13132.5981873
40178.5852971 13142.5981873
40178.5852971 13152.5981873
40178.5852971 13162.5981873
40178.5852971 13172.5981873
40178.5852971 13182.5981873
40178.5852971 13192.5981873
40178.5852971 13202.5981873
40178.5852971 13212.5981873
40178.5852971 13222.5981873
40178.5852971 13232.5981873
40178.5852971 13242.5981873
40178.5852971 13252.5981873
40178.5852971 13262.5981873
40178.5852971 13272.5981873
40178.5852971 13282.5981873
40178.5852971 13292.5981873
40188.5852971 12392.5981873
40188.5852971 12402.5981873
40188.5852971 12412.5981873
40188.5852971 12422.5981873
40188.5852971 12432.5981873
40188.5852971 12442.5981873
40188.5852971 12452.5981873
40188.5852971 12462.5981873
40188.5852971 12472.5981873
40188.5852971 12482.5981873
40188.5852971 12492.5981873
40188.5852971 12502.5981873
40188.5852971 12512.5981873
40188.5852971 12522.5981873
40188.5852971 12532.5981873
40188.5852971 12542.5981873
40188.5852971 12552.5981873
40188.5852971 12562.5981873
40188.5852971 12572.5981873
40188.5852971 12582.5981873
40188.5852971 12592.5981873
40188.5852971 12602.5981873
40188.5852971 12612.5981873
40188.5852971 12622.5981873
40188.5852971 12632.5981873
40188.5852971 12642.5981873
40188.5852971 12652.5981873
40188.5852971 12662.5981873
40188.5852971 12672.5981873
40188.5852971 12682.5981873
40188.5852971 12692.5981873
40188.5852971 12702.5981873
40188.5852971 12712.5981873
40188.5852971 12722.5981873
40188.5852971 12732.5981873
40188.5852971 12742.5981873
40188.5852971 12752.5981873
40188.5852971 12762.5981873
40188.5852971 12772.5981873
40188.5852971 12782.5981873
40188.5852971 12792.5981873
40188.5852971 12802.5981873
40188.5852971 12812.5981873
40188.5852971 12822.5981873
40188.5852971 12832.5981873
40188.5852971 12842.5981873
40188.5852971 12852.5981873
40188.5852971 12862.5981873
40188.5852971 12872.5981873
40188.5852971 12882.5981873
40188.5852971 12892.5981873
40188.5852971 12902.5981873
40188.5852971 12912.5981873
40188.5852971 12922.5981873
40188.5852971 12932.5981873
40188.5852971 12942.5981873
40188.5852971 12952.5981873
40188.5852971 12962.5981873
40188.5852971 12972.5981873
40188.5852971 12982.5981873
40188.5852971 12992.5981873
40188.5852971 13002.5981873
40188.5852971 13012.5981873
40188.5852971 13022.5981873
40188.5852971 13032.5981873
40188.5852971 13042.5981873
40188.5852971 13052.5981873
40188.5852971 13062.5981873
40188.5852971 13072.5981873
40188.5852971 13082.5981873
40188.5852971 13092.5981873
40188.5852971 13102.5981873
40188.5852971 13112.5981873
40188.5852971 13122.5981873
40188.5852971 13132.5981873
40188.5852971 13142.5981873
40188.5852971 13152.5981873
40188.5852971 13162.5981873
40188.5852971 13172.5981873
40188.5852971 13182.5981873
40188.5852971 13192.5981873
40188.5852971 13202.5981873
40188.5852971 13212.5981873
40188.5852971 13222.5981873
40188.5852971 13232.5981873
40188.5852971 13242.5981873
40188.5852971 13252.5981873
40188.5852971 13262.5981873
40188.5852971 13272.5981873
40188.5852971 13282.5981873
40188.5852971 13292.5981873
40198.5852971 12392.5981873
40198.5852971 12402.5981873
40198.5852971 12412.5981873
40198.5852971 12422.5981873
40198.5852971 12432.5981873
40198.5852971 12442.5981873
40198.5852971 12452.5981873
40198.5852971 12462.5981873
40198.5852971 12472.5981873
40198.5852971 12482.5981873
40198.5852971 12492.5981873
40198.5852971 12502.5981873
40198.5852971 12512.5981873
40198.5852971 12522.5981873
40198.5852971 12532.5981873
40198.5852971 12542.5981873
40198.5852971 12552.5981873
40198.5852971 12562.5981873
40198.5852971 12572.5981873
40198.5852971 12582.5981873
40198.5852971 12592.5981873
40198.5852971 12602.5981873
40198.5852971 12612.5981873
40198.5852971 12622.5981873
40198.5852971 12632.5981873
40198.5852971 12642.5981873
40198.5852971 12652.5981873
40198.5852971 12662.5981873
40198.5852971 12672.5981873
40198.5852971 12682.5981873
40198.5852971 12692.5981873
40198.5852971 12702.5981873
40198.5852971 12712.5981873
40198.5852971 12722.5981873
40198.5852971 12732.5981873
40198.5852971 12742.5981873
40198.5852971 12752.5981873
40198.5852971 12762.5981873
40198.5852971 12772.5981873
40198.5852971 12782.5981873
40198.5852971 12792.5981873
40198.5852971 12802.5981873
40198.5852971 12812.5981873
40198.5852971 12822.5981873
40198.5852971 12832.5981873
40198.5852971 12842.5981873
40198.5852971 12852.5981873
40198.5852971 12862.5981873
40198.5852971 12872.5981873
40198.5852971 12882.5981873
40198.5852971 12892.5981873
40198.5852971 12902.5981873
40198.5852971 12912.5981873
40198.5852971 12922.5981873
40198.5852971 12932.5981873
40198.5852971 12942.5981873
40198.5852971 12952.5981873
40198.5852971 12962.5981873
40198.5852971 12972.5981873
40198.5852971 12982.5981873
40198.5852971 12992.5981873
40198.5852971 13002.5981873
40198.5852971 13012.5981873
40198.5852971 13022.5981873
40198.5852971 13032.5981873
40198.5852971 13042.5981873
40198.5852971 13052.5981873
40198.5852971 13062.5981873
40198.5852971 13072.5981873
40198.5852971 13082.5981873
40198.5852971 13092.5981873
40198.5852971 13102.5981873
40198.5852971 13112.5981873
40198.5852971 13122.5981873
40198.5852971 13132.5981873
40198.5852971 13142.5981873
40198.5852971 13152.5981873
40198.5852971 13162.5981873
40198.5852971 13172.5981873
40198.5852971 13182.5981873
40198.5852971 13192.5981873
40198.5852971 13202.5981873
40198.5852971 13212.5981873
40198.5852971 13222.5981873
40198.5852971 13232.5981873
40198.5852971 13242.5981873
40198.5852971 13252.5981873
40198.5852971 13262.5981873
40198.5852971 13272.5981873
40198.5852971 13282.5981873
40198.5852971 13292.5981873
40208.5852971 12392.5981873
40208.5852971 12402.5981873
40208.5852971 12412.5981873
40208.5852971 12422.5981873
40208.5852971 12432.5981873
40208.5852971 12442.5981873
40208.5852971 12452.5981873
40208.5852971 12462.5981873
40208.5852971 12472.5981873
40208.5852971 12482.5981873
40208.5852971 12492.5981873
40208.5852971 12502.5981873
40208.5852971 12512.5981873
40208.5852971 12522.5981873
40208.5852971 12532.5981873
40208.5852971 12542.5981873
40208.5852971 12552.5981873
40208.5852971 12562.5981873
40208.5852971 12572.5981873
40208.5852971 12582.5981873
40208.5852971 12592.5981873
40208.5852971 12602.5981873
40208.5852971 12612.5981873
40208.5852971 12622.5981873
40208.5852971 12632.5981873
40208.5852971 12642.5981873
40208.5852971 12652.5981873
40208.5852971 12662.5981873
40208.5852971 12672.5981873
40208.5852971 12682.5981873
40208.5852971 12692.5981873
40208.5852971 12702.5981873
40208.5852971 12712.5981873
40208.5852971 12722.5981873
40208.5852971 12732.5981873
40208.5852971 12742.5981873
40208.5852971 12752.5981873
40208.5852971 12762.5981873
40208.5852971 12772.5981873
40208.5852971 12782.5981873
40208.5852971 12792.5981873
40208.5852971 12802.5981873
40208.5852971 12812.5981873
40208.5852971 12822.5981873
40208.5852971 12832.5981873
40208.5852971 12842.5981873
40208.5852971 12852.5981873
40208.5852971 12862.5981873
40208.5852971 12872.5981873
40208.5852971 12882.5981873
40208.5852971 12892.5981873
40208.5852971 12902.5981873
40208.5852971 12912.5981873
40208.5852971 12922.5981873
40208.5852971 12932.5981873
40208.5852971 12942.5981873
40208.5852971 12952.5981873
40208.5852971 12962.5981873
40208.5852971 12972.5981873
40208.5852971 12982.5981873
40208.5852971 12992.5981873
40208.5852971 13002.5981873
40208.5852971 13012.5981873
40208.5852971 13022.5981873
40208.5852971 13032.5981873
40208.5852971 13042.5981873
40208.5852971 13052.5981873
40208.5852971 13062.5981873
40208.5852971 13072.5981873
40208.5852971 13082.5981873
40208.5852971 13092.5981873
40208.5852971 13102.5981873
40208.5852971 13112.5981873
40208.5852971 13122.5981873
40208.5852971 13132.5981873
40208.5852971 13142.5981873
40208.5852971 13152.5981873
40208.5852971 13162.5981873
40208.5852971 13172.5981873
40208.5852971 13182.5981873
40208.5852971 13192.5981873
40208.5852971 13202.5981873
40208.5852971 13212.5981873
40208.5852971 13222.5981873
40208.5852971 13232.5981873
40208.5852971 13242.5981873
40208.5852971 13252.5981873
40208.5852971 13262.5981873
40208.5852971 13272.5981873
40208.5852971 13282.5981873
40208.5852971 13292.5981873
40218.5852971 12392.5981873
40218.5852971 12402.5981873
40218.5852971 12412.5981873
40218.5852971 12422.5981873
40218.5852971 12432.5981873
40218.5852971 12442.5981873
40218.5852971 12452.5981873
40218.5852971 12462.5981873
40218.5852971 12472.5981873
40218.5852971 12482.5981873
40218.5852971 12492.5981873
40218.5852971 12502.5981873
40218.5852971 12512.5981873
40218.5852971 12522.5981873
40218.5852971 12532.5981873
40218.5852971 12542.5981873
40218.5852971 12552.5981873
40218.5852971 12562.5981873
40218.5852971 12572.5981873
40218.5852971 12582.5981873
40218.5852971 12592.5981873
40218.5852971 12602.5981873
40218.5852971 12612.5981873
40218.5852971 12622.5981873
40218.5852971 12632.5981873
40218.5852971 12642.5981873
40218.5852971 12652.5981873
40218.5852971 12662.5981873
40218.5852971 12672.5981873
40218.5852971 12682.5981873
40218.5852971 12692.5981873
40218.5852971 12702.5981873
40218.5852971 12712.5981873
40218.5852971 12722.5981873
40218.5852971 12732.5981873
40218.5852971 12742.5981873
40218.5852971 12752.5981873
40218.5852971 12762.5981873
40218.5852971 12772.5981873
40218.5852971 12782.5981873
40218.5852971 12792.5981873
40218.5852971 12802.5981873
40218.5852971 12812.5981873
40218.5852971 12822.5981873
40218.5852971 12832.5981873
40218.5852971 12842.5981873
40218.5852971 12852.5981873
40218.5852971 12862.5981873
40218.5852971 12872.5981873
40218.5852971 12882.5981873
40218.5852971 12892.5981873
40218.5852971 12902.5981873
40218.5852971 12912.5981873
40218.5852971 12922.5981873
40218.5852971 12932.5981873
40218.5852971 12942.5981873
40218.5852971 12952.5981873
40218.5852971 12962.5981873
40218.5852971 12972.5981873
40218.5852971 12982.5981873
40218.5852971 12992.5981873
40218.5852971 13002.5981873
40218.5852971 13012.5981873
40218.5852971 13022.5981873
40218.5852971 13032.5981873
40218.5852971 13042.5981873
40218.5852971 13052.5981873
40218.5852971 13062.5981873
40218.5852971 13072.5981873
40218.5852971 13082.5981873
40218.5852971 13092.5981873
40218.5852971 13102.5981873
40218.5852971 13112.5981873
40218.5852971 13122.5981873
40218.5852971 13132.5981873
40218.5852971 13142.5981873
40218.5852971 13152.5981873
40218.5852971 13162.5981873
40218.5852971 13172.5981873
40218.5852971 13182.5981873
40218.5852971 13192.5981873
40218.5852971 13202.5981873
40218.5852971 13212.5981873
40218.5852971 13222.5981873
40218.5852971 13232.5981873
40218.5852971 13242.5981873
40218.5852971 13252.5981873
40218.5852971 13262.5981873
40218.5852971 13272.5981873
40218.5852971 13282.5981873
40218.5852971 13292.5981873
40228.5852971 12392.5981873
40228.5852971 12402.5981873
40228.5852971 12412.5981873
40228.5852971 12422.5981873
40228.5852971 12432.5981873
40228.5852971 12442.5981873
40228.5852971 12452.5981873
40228.5852971 12462.5981873
40228.5852971 12472.5981873
40228.5852971 12482.5981873
40228.5852971 12492.5981873
40228.5852971 12502.5981873
40228.5852971 12512.5981873
40228.5852971 12522.5981873
40228.5852971 12532.5981873
40228.5852971 12542.5981873
40228.5852971 12552.5981873
40228.5852971 12562.5981873
40228.5852971 12572.5981873
40228.5852971 12582.5981873
40228.5852971 12592.5981873
40228.5852971 12602.5981873
40228.5852971 12612.5981873
40228.5852971 12622.5981873
40228.5852971 12632.5981873
40228.5852971 12642.5981873
40228.5852971 12652.5981873
40228.5852971 12662.5981873
40228.5852971 12672.5981873
40228.5852971 12682.5981873
40228.5852971 12692.5981873
40228.5852971 12702.5981873
40228.5852971 12712.5981873
40228.5852971 12722.5981873
40228.5852971 12732.5981873
40228.5852971 12742.5981873
40228.5852971 12752.5981873
40228.5852971 12762.5981873
40228.5852971 12772.5981873
40228.5852971 12782.5981873
40228.5852971 12792.5981873
40228.5852971 12802.5981873
40228.5852971 12812.5981873
40228.5852971 12822.5981873
40228.5852971 12832.5981873
40228.5852971 12842.5981873
40228.5852971 12852.5981873
40228.5852971 12862.5981873
40228.5852971 12872.5981873
40228.5852971 12882.5981873
40228.5852971 12892.5981873
40228.5852971 12902.5981873
40228.5852971 12912.5981873
40228.5852971 12922.5981873
40228.5852971 12932.5981873
40228.5852971 12942.5981873
40228.5852971 12952.5981873
40228.5852971 12962.5981873
40228.5852971 12972.5981873
40228.5852971 12982.5981873
40228.5852971 12992.5981873
40228.5852971 13002.5981873
40228.5852971 13012.5981873
40228.5852971 13022.5981873
40228.5852971 13032.5981873
40228.5852971 13042.5981873
40228.5852971 13052.5981873
40228.5852971 13062.5981873
40228.5852971 13072.5981873
40228.5852971 13082.5981873
40228.5852971 13092.5981873
40228.5852971 13102.5981873
40228.5852971 13112.5981873
40228.5852971 13122.5981873
40228.5852971 13132.5981873
40228.5852971 13142.5981873
40228.5852971 13152.5981873
40228.5852971 13162.5981873
40228.5852971 13172.5981873
40228.5852971 13182.5981873
40228.5852971 13192.5981873
40228.5852971 13202.5981873
40228.5852971 13212.5981873
40228.5852971 13222.5981873
40228.5852971 13232.5981873
40228.5852971 13242.5981873
40228.5852971 13252.5981873
40228.5852971 13262.5981873
40228.5852971 13272.5981873
40228.5852971 13282.5981873
40228.5852971 13292.5981873
40238.5852971 12392.5981873
40238.5852971 12402.5981873
40238.5852971 12412.5981873
40238.5852971 12422.5981873
40238.5852971 12432.5981873
40238.5852971 12442.5981873
40238.5852971 12452.5981873
40238.5852971 12462.5981873
40238.5852971 12472.5981873
40238.5852971 12482.5981873
40238.5852971 12492.5981873
40238.5852971 12502.5981873
40238.5852971 12512.5981873
40238.5852971 12522.5981873
40238.5852971 12532.5981873
40238.5852971 12542.5981873
40238.5852971 12552.5981873
40238.5852971 12562.5981873
40238.5852971 12572.5981873
40238.5852971 12582.5981873
40238.5852971 12592.5981873
40238.5852971 12602.5981873
40238.5852971 12612.5981873
40238.5852971 12622.5981873
40238.5852971 12632.5981873
40238.5852971 12642.5981873
40238.5852971 12652.5981873
40238.5852971 12662.5981873
40238.5852971 12672.5981873
40238.5852971 12682.5981873
40238.5852971 12692.5981873
40238.5852971 12702.5981873
40238.5852971 12712.5981873
40238.5852971 12722.5981873
40238.5852971 12732.5981873
40238.5852971 12742.5981873
40238.5852971 12752.5981873
40238.5852971 12762.5981873
40238.5852971 12772.5981873
40238.5852971 12782.5981873
40238.5852971 12792.5981873
40238.5852971 12802.5981873
40238.5852971 12812.5981873
40238.5852971 12822.5981873
40238.5852971 12832.5981873
40238.5852971 12842.5981873
40238.5852971 12852.5981873
40238.5852971 12862.5981873
40238.5852971 12872.5981873
40238.5852971 12882.5981873
40238.5852971 12892.5981873
40238.5852971 12902.5981873
40238.5852971 12912.5981873
40238.5852971 12922.5981873
40238.5852971 12932.5981873
40238.5852971 12942.5981873
40238.5852971 12952.5981873
40238.5852971 12962.5981873
40238.5852971 12972.5981873
40238.5852971 12982.5981873
40238.5852971 12992.5981873
40238.5852971 13002.5981873
40238.5852971 13012.5981873
40238.5852971 13022.5981873
40238.5852971 13032.5981873
40238.5852971 13042.5981873
40238.5852971 13052.5981873
40238.5852971 13062.5981873
40238.5852971 13072.5981873
40238.5852971 13082.5981873
40238.5852971 13092.5981873
40238.5852971 13102.5981873
40238.5852971 13112.5981873
40238.5852971 13122.5981873
40238.5852971 13132.5981873
40238.5852971 13142.5981873
40238.5852971 13152.5981873
40238.5852971 13162.5981873
40238.5852971 13172.5981873
40238.5852971 13182.5981873
40238.5852971 13192.5981873
40238.5852971 13202.5981873
40238.5852971 13212.5981873
40238.5852971 13222.5981873
40238.5852971 13232.5981873
40238.5852971 13242.5981873
40238.5852971 13252.5981873
40238.5852971 13262.5981873
40238.5852971 13272.5981873
40238.5852971 13282.5981873
40238.5852971 13292.5981873
40248.5852971 12392.5981873
40248.5852971 12402.5981873
40248.5852971 12412.5981873
40248.5852971 12422.5981873
40248.5852971 12432.5981873
40248.5852971 12442.5981873
40248.5852971 12452.5981873
40248.5852971 12462.5981873
40248.5852971 12472.5981873
40248.5852971 12482.5981873
40248.5852971 12492.5981873
40248.5852971 12502.5981873
40248.5852971 12512.5981873
40248.5852971 12522.5981873
40248.5852971 12532.5981873
40248.5852971 12542.5981873
40248.5852971 12552.5981873
40248.5852971 12562.5981873
40248.5852971 12572.5981873
40248.5852971 12582.5981873
40248.5852971 12592.5981873
40248.5852971 12602.5981873
40248.5852971 12612.5981873
40248.5852971 12622.5981873
40248.5852971 12632.5981873
40248.5852971 12642.5981873
40248.5852971 12652.5981873
40248.5852971 12662.5981873
40248.5852971 12672.5981873
40248.5852971 12682.5981873
40248.5852971 12692.5981873
40248.5852971 12702.5981873
40248.5852971 12712.5981873
40248.5852971 12722.5981873
40248.5852971 12732.5981873
40248.5852971 12742.5981873
40248.5852971 12752.5981873
40248.5852971 12762.5981873
40248.5852971 12772.5981873
40248.5852971 12782.5981873
40248.5852971 12792.5981873
40248.5852971 12802.5981873
40248.5852971 12812.5981873
40248.5852971 12822.5981873
40248.5852971 12832.5981873
40248.5852971 12842.5981873
40248.5852971 12852.5981873
40248.5852971 12862.5981873
40248.5852971 12872.5981873
40248.5852971 12882.5981873
40248.5852971 12892.5981873
40248.5852971 12902.5981873
40248.5852971 12912.5981873
40248.5852971 12922.5981873
40248.5852971 12932.5981873
40248.5852971 12942.5981873
40248.5852971 12952.5981873
40248.5852971 12962.5981873
40248.5852971 12972.5981873
40248.5852971 12982.5981873
40248.5852971 12992.5981873
40248.5852971 13002.5981873
40248.5852971 13012.5981873
40248.5852971 13022.5981873
40248.5852971 13032.5981873
40248.5852971 13042.5981873
40248.5852971 13052.5981873
40248.5852971 13062.5981873
40248.5852971 13072.5981873
40248.5852971 13082.5981873
40248.5852971 13092.5981873
40248.5852971 13102.5981873
40248.5852971 13112.5981873
40248.5852971 13122.5981873
40248.5852971 13132.5981873
40248.5852971 13142.5981873
40248.5852971 13152.5981873
40248.5852971 13162.5981873
40248.5852971 13172.5981873
40248.5852971 13182.5981873
40248.5852971 13192.5981873
40248.5852971 13202.5981873
40248.5852971 13212.5981873
40248.5852971 13222.5981873
40248.5852971 13232.5981873
40248.5852971 13242.5981873
40248.5852971 13252.5981873
40248.5852971 13262.5981873
40248.5852971 13272.5981873
40248.5852971 13282.5981873
40248.5852971 13292.5981873
40258.5852971 12392.5981873
40258.5852971 12402.5981873
40258.5852971 12412.5981873
40258.5852971 12422.5981873
40258.5852971 12432.5981873
40258.5852971 12442.5981873
40258.5852971 12452.5981873
40258.5852971 12462.5981873
40258.5852971 12472.5981873
40258.5852971 12482.5981873
40258.5852971 12492.5981873
40258.5852971 12502.5981873
40258.5852971 12512.5981873
40258.5852971 12522.5981873
40258.5852971 12532.5981873
40258.5852971 12542.5981873
40258.5852971 12552.5981873
40258.5852971 12562.5981873
40258.5852971 12572.5981873
40258.5852971 12582.5981873
40258.5852971 12592.5981873
40258.5852971 12602.5981873
40258.5852971 12612.5981873
40258.5852971 12622.5981873
40258.5852971 12632.5981873
40258.5852971 12642.5981873
40258.5852971 12652.5981873
40258.5852971 12662.5981873
40258.5852971 12672.5981873
40258.5852971 12682.5981873
40258.5852971 12692.5981873
40258.5852971 12702.5981873
40258.5852971 12712.5981873
40258.5852971 12722.5981873
40258.5852971 12732.5981873
40258.5852971 12742.5981873
40258.5852971 12752.5981873
40258.5852971 12762.5981873
40258.5852971 12772.5981873
40258.5852971 12782.5981873
40258.5852971 12792.5981873
40258.5852971 12802.5981873
40258.5852971 12812.5981873
40258.5852971 12822.5981873
40258.5852971 12832.5981873
40258.5852971 12842.5981873
40258.5852971 12852.5981873
40258.5852971 12862.5981873
40258.5852971 12872.5981873
40258.5852971 12882.5981873
40258.5852971 12892.5981873
40258.5852971 12902.5981873
40258.5852971 12912.5981873
40258.5852971 12922.5981873
40258.5852971 12932.5981873
40258.5852971 12942.5981873
40258.5852971 12952.5981873
40258.5852971 12962.5981873
40258.5852971 12972.5981873
40258.5852971 12982.5981873
40258.5852971 12992.5981873
40258.5852971 13002.5981873
40258.5852971 13012.5981873
40258.5852971 13022.5981873
40258.5852971 13032.5981873
40258.5852971 13042.5981873
40258.5852971 13052.5981873
40258.5852971 13062.5981873
40258.5852971 13072.5981873
40258.5852971 13082.5981873
40258.5852971 13092.5981873
40258.5852971 13102.5981873
40258.5852971 13112.5981873
40258.5852971 13122.5981873
40258.5852971 13132.5981873
40258.5852971 13142.5981873
40258.5852971 13152.5981873
40258.5852971 13162.5981873
40258.5852971 13172.5981873
40258.5852971 13182.5981873
40258.5852971 13192.5981873
40258.5852971 13202.5981873
40258.5852971 13212.5981873
40258.5852971 13222.5981873
40258.5852971 13232.5981873
40258.5852971 13242.5981873
40258.5852971 13252.5981873
40258.5852971 13262.5981873
40258.5852971 13272.5981873
40258.5852971 13282.5981873
40258.5852971 13292.5981873
40258.5852971 13302.5981873
40268.5852971 12392.5981873
40268.5852971 12402.5981873
40268.5852971 12412.5981873
40268.5852971 12422.5981873
40268.5852971 12432.5981873
40268.5852971 12442.5981873
40268.5852971 12452.5981873
40268.5852971 12462.5981873
40268.5852971 12472.5981873
40268.5852971 12482.5981873
40268.5852971 12492.5981873
40268.5852971 12502.5981873
40268.5852971 12512.5981873
40268.5852971 12522.5981873
40268.5852971 12532.5981873
40268.5852971 12542.5981873
40268.5852971 12552.5981873
40268.5852971 12562.5981873
40268.5852971 12572.5981873
40268.5852971 12582.5981873
40268.5852971 12592.5981873
40268.5852971 12602.5981873
40268.5852971 12612.5981873
40268.5852971 12622.5981873
40268.5852971 12632.5981873
40268.5852971 12642.5981873
40268.5852971 12652.5981873
40268.5852971 12662.5981873
40268.5852971 12672.5981873
40268.5852971 12682.5981873
40268.5852971 12692.5981873
40268.5852971 12702.5981873
40268.5852971 12712.5981873
40268.5852971 12722.5981873
40268.5852971 12732.5981873
40268.5852971 12742.5981873
40268.5852971 12752.5981873
40268.5852971 12762.5981873
40268.5852971 12772.5981873
40268.5852971 12782.5981873
40268.5852971 12792.5981873
40268.5852971 12802.5981873
40268.5852971 12812.5981873
40268.5852971 12822.5981873
40268.5852971 12832.5981873
40268.5852971 12842.5981873
40268.5852971 12852.5981873
40268.5852971 12862.5981873
40268.5852971 12872.5981873
40268.5852971 12882.5981873
40268.5852971 12892.5981873
40268.5852971 12902.5981873
40268.5852971 12912.5981873
40268.5852971 12922.5981873
40268.5852971 12932.5981873
40268.5852971 12942.5981873
40268.5852971 12952.5981873
40268.5852971 12962.5981873
40268.5852971 12972.5981873
40268.5852971 12982.5981873
40268.5852971 12992.5981873
40268.5852971 13002.5981873
40268.5852971 13012.5981873
40268.5852971 13022.5981873
40268.5852971 13032.5981873
40268.5852971 13042.5981873
40268.5852971 13052.5981873
40268.5852971 13062.5981873
40268.5852971 13072.5981873
40268.5852971 13082.5981873
40268.5852971 13092.5981873
40268.5852971 13102.5981873
40268.5852971 13112.5981873
40268.5852971 13122.5981873
40268.5852971 13132.5981873
40268.5852971 13142.5981873
40268.5852971 13152.5981873
40268.5852971 13162.5981873
40268.5852971 13172.5981873
40268.5852971 13182.5981873
40268.5852971 13192.5981873
40268.5852971 13202.5981873
40268.5852971 13212.5981873
40268.5852971 13222.5981873
40268.5852971 13232.5981873
40268.5852971 13242.5981873
40268.5852971 13252.5981873
40268.5852971 13262.5981873
40268.5852971 13272.5981873
40268.5852971 13282.5981873
40268.5852971 13292.5981873
40268.5852971 13302.5981873
40278.5852971 12392.5981873
40278.5852971 12402.5981873
40278.5852971 12412.5981873
40278.5852971 12422.5981873
40278.5852971 12432.5981873
40278.5852971 12442.5981873
40278.5852971 12452.5981873
40278.5852971 12462.5981873
40278.5852971 12472.5981873
40278.5852971 12482.5981873
40278.5852971 12492.5981873
40278.5852971 12502.5981873
40278.5852971 12512.5981873
40278.5852971 12522.5981873
40278.5852971 12532.5981873
40278.5852971 12542.5981873
40278.5852971 12552.5981873
40278.5852971 12562.5981873
40278.5852971 12572.5981873
40278.5852971 12582.5981873
40278.5852971 12592.5981873
40278.5852971 12602.5981873
40278.5852971 12612.5981873
40278.5852971 12622.5981873
40278.5852971 12632.5981873
40278.5852971 12642.5981873
40278.5852971 12652.5981873
40278.5852971 12662.5981873
40278.5852971 12672.5981873
40278.5852971 12682.5981873
40278.5852971 12692.5981873
40278.5852971 12702.5981873
40278.5852971 12712.5981873
40278.5852971 12722.5981873
40278.5852971 12732.5981873
40278.5852971 12742.5981873
40278.5852971 12752.5981873
40278.5852971 12762.5981873
40278.5852971 12772.5981873
40278.5852971 12782.5981873
40278.5852971 12792.5981873
40278.5852971 12802.5981873
40278.5852971 12812.5981873
40278.5852971 12822.5981873
40278.5852971 12832.5981873
40278.5852971 12842.5981873
40278.5852971 12852.5981873
40278.5852971 12862.5981873
40278.5852971 12872.5981873
40278.5852971 12882.5981873
40278.5852971 12892.5981873
40278.5852971 12902.5981873
40278.5852971 12912.5981873
40278.5852971 12922.5981873
40278.5852971 12932.5981873
40278.5852971 12942.5981873
40278.5852971 12952.5981873
40278.5852971 12962.5981873
40278.5852971 12972.5981873
40278.5852971 12982.5981873
40278.5852971 12992.5981873
40278.5852971 13002.5981873
40278.5852971 13012.5981873
40278.5852971 13022.5981873
40278.5852971 13032.5981873
40278.5852971 13042.5981873
40278.5852971 13052.5981873
40278.5852971 13062.5981873
40278.5852971 13072.5981873
40278.5852971 13082.5981873
40278.5852971 13092.5981873
40278.5852971 13102.5981873
40278.5852971 13112.5981873
40278.5852971 13122.5981873
40278.5852971 13132.5981873
40278.5852971 13142.5981873
40278.5852971 13152.5981873
40278.5852971 13162.5981873
40278.5852971 13172.5981873
40278.5852971 13182.5981873
40278.5852971 13192.5981873
40278.5852971 13202.5981873
40278.5852971 13212.5981873
40278.5852971 13222.5981873
40278.5852971 13232.5981873
40278.5852971 13242.5981873
40278.5852971 13252.5981873
40278.5852971 13262.5981873
40278.5852971 13272.5981873
40278.5852971 13282.5981873
40278.5852971 13292.5981873
40278.5852971 13302.5981873
40288.5852971 12392.5981873
40288.5852971 12402.5981873
40288.5852971 12412.5981873
40288.5852971 12422.5981873
40288.5852971 12432.5981873
40288.5852971 12442.5981873
40288.5852971 12452.5981873
40288.5852971 12462.5981873
40288.5852971 12472.5981873
40288.5852971 12482.5981873
40288.5852971 12492.5981873
40288.5852971 12502.5981873
40288.5852971 12512.5981873
40288.5852971 12522.5981873
40288.5852971 12532.5981873
40288.5852971 12542.5981873
40288.5852971 12552.5981873
40288.5852971 12562.5981873
40288.5852971 12572.5981873
40288.5852971 12582.5981873
40288.5852971 12592.5981873
40288.5852971 12602.5981873
40288.5852971 12612.5981873
40288.5852971 12622.5981873
40288.5852971 12632.5981873
40288.5852971 12642.5981873
40288.5852971 12652.5981873
40288.5852971 12662.5981873
40288.5852971 12672.5981873
40288.5852971 12682.5981873
40288.5852971 12692.5981873
40288.5852971 12702.5981873
40288.5852971 12712.5981873
40288.5852971 12722.5981873
40288.5852971 12732.5981873
40288.5852971 12742.5981873
40288.5852971 12752.5981873
40288.5852971 12762.5981873
40288.5852971 12772.5981873
40288.5852971 12782.5981873
40288.5852971 12792.5981873
40288.5852971 12802.5981873
40288.5852971 12812.5981873
40288.5852971 12822.5981873
40288.5852971 12832.5981873
40288.5852971 12842.5981873
40288.5852971 12852.5981873
40288.5852971 12862.5981873
40288.5852971 12872.5981873
40288.5852971 12882.5981873
40288.5852971 12892.5981873
40288.5852971 12902.5981873
40288.5852971 12912.5981873
40288.5852971 12922.5981873
40288.5852971 12932.5981873
40288.5852971 12942.5981873
40288.5852971 12952.5981873
40288.5852971 12962.5981873
40288.5852971 12972.5981873
40288.5852971 12982.5981873
40288.5852971 12992.5981873
40288.5852971 13002.5981873
40288.5852971 13012.5981873
40288.5852971 13022.5981873
40288.5852971 13032.5981873
40288.5852971 13042.5981873
40288.5852971 13052.5981873
40288.5852971 13062.5981873
40288.5852971 13072.5981873
40288.5852971 13082.5981873
40288.5852971 13092.5981873
40288.5852971 13102.5981873
40288.5852971 13112.5981873
40288.5852971 13122.5981873
40288.5852971 13132.5981873
40288.5852971 13142.5981873
40288.5852971 13152.5981873
40288.5852971 13162.5981873
40288.5852971 13172.5981873
40288.5852971 13182.5981873
40288.5852971 13192.5981873
40288.5852971 13202.5981873
40288.5852971 13212.5981873
40288.5852971 13222.5981873
40288.5852971 13232.5981873
40288.5852971 13242.5981873
40288.5852971 13252.5981873
40288.5852971 13262.5981873
40288.5852971 13272.5981873
40288.5852971 13282.5981873
40288.5852971 13292.5981873
40288.5852971 13302.5981873
40298.5852971 12392.5981873
40298.5852971 12402.5981873
40298.5852971 12412.5981873
40298.5852971 12422.5981873
40298.5852971 12432.5981873
40298.5852971 12442.5981873
40298.5852971 12452.5981873
40298.5852971 12462.5981873
40298.5852971 12472.5981873
40298.5852971 12482.5981873
40298.5852971 12492.5981873
40298.5852971 12502.5981873
40298.5852971 12512.5981873
40298.5852971 12522.5981873
40298.5852971 12532.5981873
40298.5852971 12542.5981873
40298.5852971 12552.5981873
40298.5852971 12562.5981873
40298.5852971 12572.5981873
40298.5852971 12582.5981873
40298.5852971 12592.5981873
40298.5852971 12602.5981873
40298.5852971 12612.5981873
40298.5852971 12622.5981873
40298.5852971 12632.5981873
40298.5852971 12642.5981873
40298.5852971 12652.5981873
40298.5852971 12662.5981873
40298.5852971 12672.5981873
40298.5852971 12682.5981873
40298.5852971 12692.5981873
40298.5852971 12702.5981873
40298.5852971 12712.5981873
40298.5852971 12722.5981873
40298.5852971 12732.5981873
40298.5852971 12742.5981873
40298.5852971 12752.5981873
40298.5852971 12762.5981873
40298.5852971 12772.5981873
40298.5852971 12782.5981873
40298.5852971 12792.5981873
40298.5852971 12802.5981873
40298.5852971 12812.5981873
40298.5852971 12822.5981873
40298.5852971 12832.5981873
40298.5852971 12842.5981873
40298.5852971 12852.5981873
40298.5852971 12862.5981873
40298.5852971 12872.5981873
40298.5852971 12882.5981873
40298.5852971 12892.5981873
40298.5852971 12902.5981873
40298.5852971 12912.5981873
40298.5852971 12922.5981873
40298.5852971 12932.5981873
40298.5852971 12942.5981873
40298.5852971 12952.5981873
40298.5852971 12962.5981873
40298.5852971 12972.5981873
40298.5852971 12982.5981873
40298.5852971 12992.5981873
40298.5852971 13002.5981873
40298.5852971 13012.5981873
40298.5852971 13022.5981873
40298.5852971 13032.5981873
40298.5852971 13042.5981873
40298.5852971 13052.5981873
40298.5852971 13062.5981873
40298.5852971 13072.5981873
40298.5852971 13082.5981873
40298.5852971 13092.5981873
40298.5852971 13102.5981873
40298.5852971 13112.5981873
40298.5852971 13122.5981873
40298.5852971 13132.5981873
40298.5852971 13142.5981873
40298.5852971 13152.5981873
40298.5852971 13162.5981873
40298.5852971 13172.5981873
40298.5852971 13182.5981873
40298.5852971 13192.5981873
40298.5852971 13202.5981873
40298.5852971 13212.5981873
40298.5852971 13222.5981873
40298.5852971 13232.5981873
40298.5852971 13242.5981873
40298.5852971 13252.5981873
40298.5852971 13262.5981873
40298.5852971 13272.5981873
40298.5852971 13282.5981873
40298.5852971 13292.5981873
40298.5852971 13302.5981873
40308.5852971 12392.5981873
40308.5852971 12402.5981873
40308.5852971 12412.5981873
40308.5852971 12422.5981873
40308.5852971 12432.5981873
40308.5852971 12442.5981873
40308.5852971 12452.5981873
40308.5852971 12462.5981873
40308.5852971 12472.5981873
40308.5852971 12482.5981873
40308.5852971 12492.5981873
40308.5852971 12502.5981873
40308.5852971 12512.5981873
40308.5852971 12522.5981873
40308.5852971 12532.5981873
40308.5852971 12542.5981873
40308.5852971 12552.5981873
40308.5852971 12562.5981873
40308.5852971 12572.5981873
40308.5852971 12582.5981873
40308.5852971 12592.5981873
40308.5852971 12602.5981873
40308.5852971 12612.5981873
40308.5852971 12622.5981873
40308.5852971 12632.5981873
40308.5852971 12642.5981873
40308.5852971 12652.5981873
40308.5852971 12662.5981873
40308.5852971 12672.5981873
40308.5852971 12682.5981873
40308.5852971 12692.5981873
40308.5852971 12702.5981873
40308.5852971 12712.5981873
40308.5852971 12722.5981873
40308.5852971 12732.5981873
40308.5852971 12742.5981873
40308.5852971 12752.5981873
40308.5852971 12762.5981873
40308.5852971 12772.5981873
40308.5852971 12782.5981873
40308.5852971 12792.5981873
40308.5852971 12802.5981873
40308.5852971 12812.5981873
40308.5852971 12822.5981873
40308.5852971 12832.5981873
40308.5852971 12842.5981873
40308.5852971 12852.5981873
40308.5852971 12862.5981873
40308.5852971 12872.5981873
40308.5852971 12882.5981873
40308.5852971 12892.5981873
40308.5852971 12902.5981873
40308.5852971 12912.5981873
40308.5852971 12922.5981873
40308.5852971 12932.5981873
40308.5852971 12942.5981873
40308.5852971 12952.5981873
40308.5852971 12962.5981873
40308.5852971 12972.5981873
40308.5852971 12982.5981873
40308.5852971 12992.5981873
40308.5852971 13002.5981873
40308.5852971 13012.5981873
40308.5852971 13022.5981873
40308.5852971 13032.5981873
40308.5852971 13042.5981873
40308.5852971 13052.5981873
40308.5852971 13062.5981873
40308.5852971 13072.5981873
40308.5852971 13082.5981873
40308.5852971 13092.5981873
40308.5852971 13102.5981873
40308.5852971 13112.5981873
40308.5852971 13122.5981873
40308.5852971 13132.5981873
40308.5852971 13142.5981873
40308.5852971 13152.5981873
40308.5852971 13162.5981873
40308.5852971 13172.5981873
40308.5852971 13182.5981873
40308.5852971 13192.5981873
40308.5852971 13202.5981873
40308.5852971 13212.5981873
40308.5852971 13222.5981873
40308.5852971 13232.5981873
40308.5852971 13242.5981873
40308.5852971 13252.5981873
40308.5852971 13262.5981873
40308.5852971 13272.5981873
40308.5852971 13282.5981873
40308.5852971 13292.5981873
40308.5852971 13302.5981873
40318.5852971 12392.5981873
40318.5852971 12402.5981873
40318.5852971 12412.5981873
40318.5852971 12422.5981873
40318.5852971 12432.5981873
40318.5852971 12442.5981873
40318.5852971 12452.5981873
40318.5852971 12462.5981873
40318.5852971 12472.5981873
40318.5852971 12482.5981873
40318.5852971 12492.5981873
40318.5852971 12502.5981873
40318.5852971 12512.5981873
40318.5852971 12522.5981873
40318.5852971 12532.5981873
40318.5852971 12542.5981873
40318.5852971 12552.5981873
40318.5852971 12562.5981873
40318.5852971 12572.5981873
40318.5852971 12582.5981873
40318.5852971 12592.5981873
40318.5852971 12602.5981873
40318.5852971 12612.5981873
40318.5852971 12622.5981873
40318.5852971 12632.5981873
40318.5852971 12642.5981873
40318.5852971 12652.5981873
40318.5852971 12662.5981873
40318.5852971 12672.5981873
40318.5852971 12682.5981873
40318.5852971 12692.5981873
40318.5852971 12702.5981873
40318.5852971 12712.5981873
40318.5852971 12722.5981873
40318.5852971 12732.5981873
40318.5852971 12742.5981873
40318.5852971 12752.5981873
40318.5852971 12762.5981873
40318.5852971 12772.5981873
40318.5852971 12782.5981873
40318.5852971 12792.5981873
40318.5852971 12802.5981873
40318.5852971 12812.5981873
40318.5852971 12822.5981873
40318.5852971 12832.5981873
40318.5852971 12842.5981873
40318.5852971 12852.5981873
40318.5852971 12862.5981873
40318.5852971 12872.5981873
40318.5852971 12882.5981873
40318.5852971 12892.5981873
40318.5852971 12902.5981873
40318.5852971 12912.5981873
40318.5852971 12922.5981873
40318.5852971 12932.5981873
40318.5852971 12942.5981873
40318.5852971 12952.5981873
40318.5852971 12962.5981873
40318.5852971 12972.5981873
40318.5852971 12982.5981873
40318.5852971 12992.5981873
40318.5852971 13002.5981873
40318.5852971 13012.5981873
40318.5852971 13022.5981873
40318.5852971 13032.5981873
40318.5852971 13042.5981873
40318.5852971 13052.5981873
40318.5852971 13062.5981873
40318.5852971 13072.5981873
40318.5852971 13082.5981873
40318.5852971 13092.5981873
40318.5852971 13102.5981873
40318.5852971 13112.5981873
40318.5852971 13122.5981873
40318.5852971 13132.5981873
40318.5852971 13142.5981873
40318.5852971 13152.5981873
40318.5852971 13162.5981873
40318.5852971 13172.5981873
40318.5852971 13182.5981873
40318.5852971 13192.5981873
40318.5852971 13202.5981873
40318.5852971 13212.5981873
40318.5852971 13222.5981873
40318.5852971 13232.5981873
40318.5852971 13242.5981873
40318.5852971 13252.5981873
40318.5852971 13262.5981873
40318.5852971 13272.5981873
40318.5852971 13282.5981873
40318.5852971 13292.5981873
40318.5852971 13302.5981873
40328.5852971 12392.5981873
40328.5852971 12402.5981873
40328.5852971 12412.5981873
40328.5852971 12422.5981873
40328.5852971 12432.5981873
40328.5852971 12442.5981873
40328.5852971 12452.5981873
40328.5852971 12462.5981873
40328.5852971 12472.5981873
40328.5852971 12482.5981873
40328.5852971 12492.5981873
40328.5852971 12502.5981873
40328.5852971 12512.5981873
40328.5852971 12522.5981873
40328.5852971 12532.5981873
40328.5852971 12542.5981873
40328.5852971 12552.5981873
40328.5852971 12562.5981873
40328.5852971 12572.5981873
40328.5852971 12582.5981873
40328.5852971 12592.5981873
40328.5852971 12602.5981873
40328.5852971 12612.5981873
40328.5852971 12622.5981873
40328.5852971 12632.5981873
40328.5852971 12642.5981873
40328.5852971 12652.5981873
40328.5852971 12662.5981873
40328.5852971 12672.5981873
40328.5852971 12682.5981873
40328.5852971 12692.5981873
40328.5852971 12702.5981873
40328.5852971 12712.5981873
40328.5852971 12722.5981873
40328.5852971 12732.5981873
40328.5852971 12742.5981873
40328.5852971 12752.5981873
40328.5852971 12762.5981873
40328.5852971 12772.5981873
40328.5852971 12782.5981873
40328.5852971 12792.5981873
40328.5852971 12802.5981873
40328.5852971 12812.5981873
40328.5852971 12822.5981873
40328.5852971 12832.5981873
40328.5852971 12842.5981873
40328.5852971 12852.5981873
40328.5852971 12862.5981873
40328.5852971 12872.5981873
40328.5852971 12882.5981873
40328.5852971 12892.5981873
40328.5852971 12902.5981873
40328.5852971 12912.5981873
40328.5852971 12922.5981873
40328.5852971 12932.5981873
40328.5852971 12942.5981873
40328.5852971 12952.5981873
40328.5852971 12962.5981873
40328.5852971 12972.5981873
40328.5852971 12982.5981873
40328.5852971 12992.5981873
40328.5852971 13002.5981873
40328.5852971 13012.5981873
40328.5852971 13022.5981873
40328.5852971 13032.5981873
40328.5852971 13042.5981873
40328.5852971 13052.5981873
40328.5852971 13062.5981873
40328.5852971 13072.5981873
40328.5852971 13082.5981873
40328.5852971 13092.5981873
40328.5852971 13102.5981873
40328.5852971 13112.5981873
40328.5852971 13122.5981873
40328.5852971 13132.5981873
40328.5852971 13142.5981873
40328.5852971 13152.5981873
40328.5852971 13162.5981873
40328.5852971 13172.5981873
40328.5852971 13182.5981873
40328.5852971 13192.5981873
40328.5852971 13202.5981873
40328.5852971 13212.5981873
40328.5852971 13222.5981873
40328.5852971 13232.5981873
40328.5852971 13242.5981873
40328.5852971 13252.5981873
40328.5852971 13262.5981873
40328.5852971 13272.5981873
40328.5852971 13282.5981873
40328.5852971 13292.5981873
40328.5852971 13302.5981873
40338.5852971 12392.5981873
40338.5852971 12402.5981873
40338.5852971 12412.5981873
40338.5852971 12422.5981873
40338.5852971 12432.5981873
40338.5852971 12442.5981873
40338.5852971 12452.5981873
40338.5852971 12462.5981873
40338.5852971 12472.5981873
40338.5852971 12482.5981873
40338.5852971 12492.5981873
40338.5852971 12502.5981873
40338.5852971 12512.5981873
40338.5852971 12522.5981873
40338.5852971 12532.5981873
40338.5852971 12542.5981873
40338.5852971 12552.5981873
40338.5852971 12562.5981873
40338.5852971 12572.5981873
40338.5852971 12582.5981873
40338.5852971 12592.5981873
40338.5852971 12602.5981873
40338.5852971 12612.5981873
40338.5852971 12622.5981873
40338.5852971 12632.5981873
40338.5852971 12642.5981873
40338.5852971 12652.5981873
40338.5852971 12662.5981873
40338.5852971 12672.5981873
40338.5852971 12682.5981873
40338.5852971 12692.5981873
40338.5852971 12702.5981873
40338.5852971 12712.5981873
40338.5852971 12722.5981873
40338.5852971 12732.5981873
40338.5852971 12742.5981873
40338.5852971 12752.5981873
40338.5852971 12762.5981873
40338.5852971 12772.5981873
40338.5852971 12782.5981873
40338.5852971 12792.5981873
40338.5852971 12802.5981873
40338.5852971 12812.5981873
40338.5852971 12822.5981873
40338.5852971 12832.5981873
40338.5852971 12842.5981873
40338.5852971 12852.5981873
40338.5852971 12862.5981873
40338.5852971 12872.5981873
40338.5852971 12882.5981873
40338.5852971 12892.5981873
40338.5852971 12902.5981873
40338.5852971 12912.5981873
40338.5852971 12922.5981873
40338.5852971 12932.5981873
40338.5852971 12942.5981873
40338.5852971 12952.5981873
40338.5852971 12962.5981873
40338.5852971 12972.5981873
40338.5852971 12982.5981873
40338.5852971 12992.5981873
40338.5852971 13002.5981873
40338.5852971 13012.5981873
40338.5852971 13022.5981873
40338.5852971 13032.5981873
40338.5852971 13042.5981873
40338.5852971 13052.5981873
40338.5852971 13062.5981873
40338.5852971 13072.5981873
40338.5852971 13082.5981873
40338.5852971 13092.5981873
40338.5852971 13102.5981873
40338.5852971 13112.5981873
40338.5852971 13122.5981873
40338.5852971 13132.5981873
40338.5852971 13142.5981873
40338.5852971 13152.5981873
40338.5852971 13162.5981873
40338.5852971 13172.5981873
40338.5852971 13182.5981873
40338.5852971 13192.5981873
40338.5852971 13202.5981873
40338.5852971 13212.5981873
40338.5852971 13222.5981873
40338.5852971 13232.5981873
40338.5852971 13242.5981873
40338.5852971 13252.5981873
40338.5852971 13262.5981873
40338.5852971 13272.5981873
40338.5852971 13282.5981873
40338.5852971 13292.5981873
40338.5852971 13302.5981873
40348.5852971 12392.5981873
40348.5852971 12402.5981873
40348.5852971 12412.5981873
40348.5852971 12422.5981873
40348.5852971 12432.5981873
40348.5852971 12442.5981873
40348.5852971 12452.5981873
40348.5852971 12462.5981873
40348.5852971 12472.5981873
40348.5852971 12482.5981873
40348.5852971 12492.5981873
40348.5852971 12502.5981873
40348.5852971 12512.5981873
40348.5852971 12522.5981873
40348.5852971 12532.5981873
40348.5852971 12542.5981873
40348.5852971 12552.5981873
40348.5852971 12562.5981873
40348.5852971 12572.5981873
40348.5852971 12582.5981873
40348.5852971 12592.5981873
40348.5852971 12602.5981873
40348.5852971 12612.5981873
40348.5852971 12622.5981873
40348.5852971 12632.5981873
40348.5852971 12642.5981873
40348.5852971 12652.5981873
40348.5852971 12662.5981873
40348.5852971 12672.5981873
40348.5852971 12682.5981873
40348.5852971 12692.5981873
40348.5852971 12702.5981873
40348.5852971 12712.5981873
40348.5852971 12722.5981873
40348.5852971 12732.5981873
40348.5852971 12742.5981873
40348.5852971 12752.5981873
40348.5852971 12762.5981873
40348.5852971 12772.5981873
40348.5852971 12782.5981873
40348.5852971 12792.5981873
40348.5852971 12802.5981873
40348.5852971 12812.5981873
40348.5852971 12822.5981873
40348.5852971 12832.5981873
40348.5852971 12842.5981873
40348.5852971 12852.5981873
40348.5852971 12862.5981873
40348.5852971 12872.5981873
40348.5852971 12882.5981873
40348.5852971 12892.5981873
40348.5852971 12902.5981873
40348.5852971 12912.5981873
40348.5852971 12922.5981873
40348.5852971 12932.5981873
40348.5852971 12942.5981873
40348.5852971 12952.5981873
40348.5852971 12962.5981873
40348.5852971 12972.5981873
40348.5852971 12982.5981873
40348.5852971 12992.5981873
40348.5852971 13002.5981873
40348.5852971 13012.5981873
40348.5852971 13022.5981873
40348.5852971 13032.5981873
40348.5852971 13042.5981873
40348.5852971 13052.5981873
40348.5852971 13062.5981873
40348.5852971 13072.5981873
40348.5852971 13082.5981873
40348.5852971 13092.5981873
40348.5852971 13102.5981873
40348.5852971 13112.5981873
40348.5852971 13122.5981873
40348.5852971 13132.5981873
40348.5852971 13142.5981873
40348.5852971 13152.5981873
40348.5852971 13162.5981873
40348.5852971 13172.5981873
40348.5852971 13182.5981873
40348.5852971 13192.5981873
40348.5852971 13202.5981873
40348.5852971 13212.5981873
40348.5852971 13222.5981873
40348.5852971 13232.5981873
40348.5852971 13242.5981873
40348.5852971 13252.5981873
40348.5852971 13262.5981873
40348.5852971 13272.5981873
40348.5852971 13282.5981873
40348.5852971 13292.5981873
40348.5852971 13302.5981873
40358.5852971 12392.5981873
40358.5852971 12402.5981873
40358.5852971 12412.5981873
40358.5852971 12422.5981873
40358.5852971 12432.5981873
40358.5852971 12442.5981873
40358.5852971 12452.5981873
40358.5852971 12462.5981873
40358.5852971 12472.5981873
40358.5852971 12482.5981873
40358.5852971 12492.5981873
40358.5852971 12502.5981873
40358.5852971 12512.5981873
40358.5852971 12522.5981873
40358.5852971 12532.5981873
40358.5852971 12542.5981873
40358.5852971 12552.5981873
40358.5852971 12562.5981873
40358.5852971 12572.5981873
40358.5852971 12582.5981873
40358.5852971 12592.5981873
40358.5852971 12602.5981873
40358.5852971 12612.5981873
40358.5852971 12622.5981873
40358.5852971 12632.5981873
40358.5852971 12642.5981873
40358.5852971 12652.5981873
40358.5852971 12662.5981873
40358.5852971 12672.5981873
40358.5852971 12682.5981873
40358.5852971 12692.5981873
40358.5852971 12702.5981873
40358.5852971 12712.5981873
40358.5852971 12722.5981873
40358.5852971 12732.5981873
40358.5852971 12742.5981873
40358.5852971 12752.5981873
40358.5852971 12762.5981873
40358.5852971 12772.5981873
40358.5852971 12782.5981873
40358.5852971 12792.5981873
40358.5852971 12802.5981873
40358.5852971 12812.5981873
40358.5852971 12822.5981873
40358.5852971 12832.5981873
40358.5852971 12842.5981873
40358.5852971 12852.5981873
40358.5852971 12862.5981873
40358.5852971 12872.5981873
40358.5852971 12882.5981873
40358.5852971 12892.5981873
40358.5852971 12902.5981873
40358.5852971 12912.5981873
40358.5852971 12922.5981873
40358.5852971 12932.5981873
40358.5852971 12942.5981873
40358.5852971 12952.5981873
40358.5852971 12962.5981873
40358.5852971 12972.5981873
40358.5852971 12982.5981873
40358.5852971 12992.5981873
40358.5852971 13002.5981873
40358.5852971 13012.5981873
40358.5852971 13022.5981873
40358.5852971 13032.5981873
40358.5852971 13042.5981873
40358.5852971 13052.5981873
40358.5852971 13062.5981873
40358.5852971 13072.5981873
40358.5852971 13082.5981873
40358.5852971 13092.5981873
40358.5852971 13102.5981873
40358.5852971 13112.5981873
40358.5852971 13122.5981873
40358.5852971 13132.5981873
40358.5852971 13142.5981873
40358.5852971 13152.5981873
40358.5852971 13162.5981873
40358.5852971 13172.5981873
40358.5852971 13182.5981873
40358.5852971 13192.5981873
40358.5852971 13202.5981873
40358.5852971 13212.5981873
40358.5852971 13222.5981873
40358.5852971 13232.5981873
40358.5852971 13242.5981873
40358.5852971 13252.5981873
40358.5852971 13262.5981873
40358.5852971 13272.5981873
40358.5852971 13282.5981873
40358.5852971 13292.5981873
40358.5852971 13302.5981873
40368.5852971 12392.5981873
40368.5852971 12402.5981873
40368.5852971 12412.5981873
40368.5852971 12422.5981873
40368.5852971 12432.5981873
40368.5852971 12442.5981873
40368.5852971 12452.5981873
40368.5852971 12462.5981873
40368.5852971 12472.5981873
40368.5852971 12482.5981873
40368.5852971 12492.5981873
40368.5852971 12502.5981873
40368.5852971 12512.5981873
40368.5852971 12522.5981873
40368.5852971 12532.5981873
40368.5852971 12542.5981873
40368.5852971 12552.5981873
40368.5852971 12562.5981873
40368.5852971 12572.5981873
40368.5852971 12582.5981873
40368.5852971 12592.5981873
40368.5852971 12602.5981873
40368.5852971 12612.5981873
40368.5852971 12622.5981873
40368.5852971 12632.5981873
40368.5852971 12642.5981873
40368.5852971 12652.5981873
40368.5852971 12662.5981873
40368.5852971 12672.5981873
40368.5852971 12682.5981873
40368.5852971 12692.5981873
40368.5852971 12702.5981873
40368.5852971 12712.5981873
40368.5852971 12722.5981873
40368.5852971 12732.5981873
40368.5852971 12742.5981873
40368.5852971 12752.5981873
40368.5852971 12762.5981873
40368.5852971 12772.5981873
40368.5852971 12782.5981873
40368.5852971 12792.5981873
40368.5852971 12802.5981873
40368.5852971 12812.5981873
40368.5852971 12822.5981873
40368.5852971 12832.5981873
40368.5852971 12842.5981873
40368.5852971 12852.5981873
40368.5852971 12862.5981873
40368.5852971 12872.5981873
40368.5852971 12882.5981873
40368.5852971 12892.5981873
40368.5852971 12902.5981873
40368.5852971 12912.5981873
40368.5852971 12922.5981873
40368.5852971 12932.5981873
40368.5852971 12942.5981873
40368.5852971 12952.5981873
40368.5852971 12962.5981873
40368.5852971 12972.5981873
40368.5852971 12982.5981873
40368.5852971 12992.5981873
40368.5852971 13002.5981873
40368.5852971 13012.5981873
40368.5852971 13022.5981873
40368.5852971 13032.5981873
40368.5852971 13042.5981873
40368.5852971 13052.5981873
40368.5852971 13062.5981873
40368.5852971 13072.5981873
40368.5852971 13082.5981873
40368.5852971 13092.5981873
40368.5852971 13102.5981873
40368.5852971 13112.5981873
40368.5852971 13122.5981873
40368.5852971 13132.5981873
40368.5852971 13142.5981873
40368.5852971 13152.5981873
40368.5852971 13162.5981873
40368.5852971 13172.5981873
40368.5852971 13182.5981873
40368.5852971 13192.5981873
40368.5852971 13202.5981873
40368.5852971 13212.5981873
40368.5852971 13222.5981873
40368.5852971 13232.5981873
40368.5852971 13242.5981873
40368.5852971 13252.5981873
40368.5852971 13262.5981873
40368.5852971 13272.5981873
40368.5852971 13282.5981873
40368.5852971 13292.5981873
40368.5852971 13302.5981873
40378.5852971 12392.5981873
40378.5852971 12402.5981873
40378.5852971 12412.5981873
40378.5852971 12422.5981873
40378.5852971 12432.5981873
40378.5852971 12442.5981873
40378.5852971 12452.5981873
40378.5852971 12462.5981873
40378.5852971 12472.5981873
40378.5852971 12482.5981873
40378.5852971 12492.5981873
40378.5852971 12502.5981873
40378.5852971 12512.5981873
40378.5852971 12522.5981873
40378.5852971 12532.5981873
40378.5852971 12542.5981873
40378.5852971 12552.5981873
40378.5852971 12562.5981873
40378.5852971 12572.5981873
40378.5852971 12582.5981873
40378.5852971 12592.5981873
40378.5852971 12602.5981873
40378.5852971 12612.5981873
40378.5852971 12622.5981873
40378.5852971 12632.5981873
40378.5852971 12642.5981873
40378.5852971 12652.5981873
40378.5852971 12662.5981873
40378.5852971 12672.5981873
40378.5852971 12682.5981873
40378.5852971 12692.5981873
40378.5852971 12702.5981873
40378.5852971 12712.5981873
40378.5852971 12722.5981873
40378.5852971 12732.5981873
40378.5852971 12742.5981873
40378.5852971 12752.5981873
40378.5852971 12762.5981873
40378.5852971 12772.5981873
40378.5852971 12782.5981873
40378.5852971 12792.5981873
40378.5852971 12802.5981873
40378.5852971 12812.5981873
40378.5852971 12822.5981873
40378.5852971 12832.5981873
40378.5852971 12842.5981873
40378.5852971 12852.5981873
40378.5852971 12862.5981873
40378.5852971 12872.5981873
40378.5852971 12882.5981873
40378.5852971 12892.5981873
40378.5852971 12902.5981873
40378.5852971 12912.5981873
40378.5852971 12922.5981873
40378.5852971 12932.5981873
40378.5852971 12942.5981873
40378.5852971 12952.5981873
40378.5852971 12962.5981873
40378.5852971 12972.5981873
40378.5852971 12982.5981873
40378.5852971 12992.5981873
40378.5852971 13002.5981873
40378.5852971 13012.5981873
40378.5852971 13022.5981873
40378.5852971 13032.5981873
40378.5852971 13042.5981873
40378.5852971 13052.5981873
40378.5852971 13062.5981873
40378.5852971 13072.5981873
40378.5852971 13082.5981873
40378.5852971 13092.5981873
40378.5852971 13102.5981873
40378.5852971 13112.5981873
40378.5852971 13122.5981873
40378.5852971 13132.5981873
40378.5852971 13142.5981873
40378.5852971 13152.5981873
40378.5852971 13162.5981873
40378.5852971 13172.5981873
40378.5852971 13182.5981873
40378.5852971 13192.5981873
40378.5852971 13202.5981873
40378.5852971 13212.5981873
40378.5852971 13222.5981873
40378.5852971 13232.5981873
40378.5852971 13242.5981873
40378.5852971 13252.5981873
40378.5852971 13262.5981873
40378.5852971 13272.5981873
40378.5852971 13282.5981873
40378.5852971 13292.5981873
40378.5852971 13302.5981873
40388.5852971 12392.5981873
40388.5852971 12402.5981873
40388.5852971 12412.5981873
40388.5852971 12422.5981873
40388.5852971 12432.5981873
40388.5852971 12442.5981873
40388.5852971 12452.5981873
40388.5852971 12462.5981873
40388.5852971 12472.5981873
40388.5852971 12482.5981873
40388.5852971 12492.5981873
40388.5852971 12502.5981873
40388.5852971 12512.5981873
40388.5852971 12522.5981873
40388.5852971 12532.5981873
40388.5852971 12542.5981873
40388.5852971 12552.5981873
40388.5852971 12562.5981873
40388.5852971 12572.5981873
40388.5852971 12582.5981873
40388.5852971 12592.5981873
40388.5852971 12602.5981873
40388.5852971 12612.5981873
40388.5852971 12622.5981873
40388.5852971 12632.5981873
40388.5852971 12642.5981873
40388.5852971 12652.5981873
40388.5852971 12662.5981873
40388.5852971 12672.5981873
40388.5852971 12682.5981873
40388.5852971 12692.5981873
40388.5852971 12702.5981873
40388.5852971 12712.5981873
40388.5852971 12722.5981873
40388.5852971 12732.5981873
40388.5852971 12742.5981873
40388.5852971 12752.5981873
40388.5852971 12762.5981873
40388.5852971 12772.5981873
40388.5852971 12782.5981873
40388.5852971 12792.5981873
40388.5852971 12802.5981873
40388.5852971 12812.5981873
40388.5852971 12822.5981873
40388.5852971 12832.5981873
40388.5852971 12842.5981873
40388.5852971 12852.5981873
40388.5852971 12862.5981873
40388.5852971 12872.5981873
40388.5852971 12882.5981873
40388.5852971 12892.5981873
40388.5852971 12902.5981873
40388.5852971 12912.5981873
40388.5852971 12922.5981873
40388.5852971 12932.5981873
40388.5852971 12942.5981873
40388.5852971 12952.5981873
40388.5852971 12962.5981873
40388.5852971 12972.5981873
40388.5852971 12982.5981873
40388.5852971 12992.5981873
40388.5852971 13002.5981873
40388.5852971 13012.5981873
40388.5852971 13022.5981873
40388.5852971 13032.5981873
40388.5852971 13042.5981873
40388.5852971 13052.5981873
40388.5852971 13062.5981873
40388.5852971 13072.5981873
40388.5852971 13082.5981873
40388.5852971 13092.5981873
40388.5852971 13102.5981873
40388.5852971 13112.5981873
40388.5852971 13122.5981873
40388.5852971 13132.5981873
40388.5852971 13142.5981873
40388.5852971 13152.5981873
40388.5852971 13162.5981873
40388.5852971 13172.5981873
40388.5852971 13182.5981873
40388.5852971 13192.5981873
40388.5852971 13202.5981873
40388.5852971 13212.5981873
40388.5852971 13222.5981873
40388.5852971 13232.5981873
40388.5852971 13242.5981873
40388.5852971 13252.5981873
40388.5852971 13262.5981873
40388.5852971 13272.5981873
40388.5852971 13282.5981873
40388.5852971 13292.5981873
40388.5852971 13302.5981873
40398.5852971 12392.5981873
40398.5852971 12402.5981873
40398.5852971 12412.5981873
40398.5852971 12422.5981873
40398.5852971 12432.5981873
40398.5852971 12442.5981873
40398.5852971 12452.5981873
40398.5852971 12462.5981873
40398.5852971 12472.5981873
40398.5852971 12482.5981873
40398.5852971 12492.5981873
40398.5852971 12502.5981873
40398.5852971 12512.5981873
40398.5852971 12522.5981873
40398.5852971 12532.5981873
40398.5852971 12542.5981873
40398.5852971 12552.5981873
40398.5852971 12562.5981873
40398.5852971 12572.5981873
40398.5852971 12582.5981873
40398.5852971 12592.5981873
40398.5852971 12602.5981873
40398.5852971 12612.5981873
40398.5852971 12622.5981873
40398.5852971 12632.5981873
40398.5852971 12642.5981873
40398.5852971 12652.5981873
40398.5852971 12662.5981873
40398.5852971 12672.5981873
40398.5852971 12682.5981873
40398.5852971 12692.5981873
40398.5852971 12702.5981873
40398.5852971 12712.5981873
40398.5852971 12722.5981873
40398.5852971 12732.5981873
40398.5852971 12742.5981873
40398.5852971 12752.5981873
40398.5852971 12762.5981873
40398.5852971 12772.5981873
40398.5852971 12782.5981873
40398.5852971 12792.5981873
40398.5852971 12802.5981873
40398.5852971 12812.5981873
40398.5852971 12822.5981873
40398.5852971 12832.5981873
40398.5852971 12842.5981873
40398.5852971 12852.5981873
40398.5852971 12862.5981873
40398.5852971 12872.5981873
40398.5852971 12882.5981873
40398.5852971 12892.5981873
40398.5852971 12902.5981873
40398.5852971 12912.5981873
40398.5852971 12922.5981873
40398.5852971 12932.5981873
40398.5852971 12942.5981873
40398.5852971 12952.5981873
40398.5852971 12962.5981873
40398.5852971 12972.5981873
40398.5852971 12982.5981873
40398.5852971 12992.5981873
40398.5852971 13002.5981873
40398.5852971 13012.5981873
40398.5852971 13022.5981873
40398.5852971 13032.5981873
40398.5852971 13042.5981873
40398.5852971 13052.5981873
40398.5852971 13062.5981873
40398.5852971 13072.5981873
40398.5852971 13082.5981873
40408.5852971 12392.5981873
40408.5852971 12402.5981873
40408.5852971 12412.5981873
40408.5852971 12422.5981873
40408.5852971 12432.5981873
40408.5852971 12442.5981873
40408.5852971 12452.5981873
40408.5852971 12462.5981873
40408.5852971 12472.5981873
40408.5852971 12482.5981873
40408.5852971 12492.5981873
40408.5852971 12502.5981873
40408.5852971 12512.5981873
40408.5852971 12522.5981873
40408.5852971 12532.5981873
40408.5852971 12542.5981873
40408.5852971 12552.5981873
40408.5852971 12562.5981873
40408.5852971 12572.5981873
40408.5852971 12582.5981873
40408.5852971 12592.5981873
40408.5852971 12602.5981873
40408.5852971 12612.5981873
40408.5852971 12622.5981873
40408.5852971 12632.5981873
40408.5852971 12642.5981873
40408.5852971 12652.5981873
40408.5852971 12662.5981873
40408.5852971 12672.5981873
40408.5852971 12682.5981873
40408.5852971 12692.5981873
40408.5852971 12702.5981873
40408.5852971 12712.5981873
