1492.32153059 1328.93657736
1492.32153059 1428.93657736
1492.32153059 1528.93657736
1492.32153059 1628.93657736
1492.32153059 1728.93657736
1492.32153059 1828.93657736
1492.32153059 1928.93657736
1492.32153059 2028.93657736
1492.32153059 2128.93657736
1492.32153059 2228.93657736
1492.32153059 2328.93657736
1492.32153059 2428.93657736
1492.32153059 2528.93657736
1492.32153059 2628.93657736
1492.32153059 2728.93657736
1492.32153059 2828.93657736
1492.32153059 2928.93657736
1492.32153059 3028.93657736
1492.32153059 3128.93657736
1492.32153059 3228.93657736
1492.32153059 3328.93657736
1492.32153059 3428.93657736
1492.32153059 3528.93657736
1492.32153059 3628.93657736
1492.32153059 3728.93657736
1492.32153059 3828.93657736
1492.32153059 3928.93657736
1492.32153059 4028.93657736
1492.32153059 4128.93657736
1492.32153059 4228.93657736
1492.32153059 4328.93657736
1492.32153059 4428.93657736
1492.32153059 4528.93657736
1492.32153059 4628.93657736
1492.32153059 4728.93657736
1492.32153059 4828.93657736
1492.32153059 4928.93657736
1492.32153059 5028.93657736
1492.32153059 5128.93657736
1492.32153059 5228.93657736
1492.32153059 5328.93657736
1492.32153059 5428.93657736
1492.32153059 5528.93657736
1492.32153059 5628.93657736
1592.32153059 1328.93657736
1592.32153059 1428.93657736
1592.32153059 1528.93657736
1592.32153059 1628.93657736
1592.32153059 1728.93657736
1592.32153059 1828.93657736
1592.32153059 1928.93657736
1592.32153059 2028.93657736
1592.32153059 2128.93657736
1592.32153059 2228.93657736
1592.32153059 2328.93657736
1592.32153059 2428.93657736
1592.32153059 2528.93657736
1592.32153059 2628.93657736
1592.32153059 2728.93657736
1592.32153059 2828.93657736
1592.32153059 2928.93657736
1592.32153059 3028.93657736
1592.32153059 3128.93657736
1592.32153059 3228.93657736
1592.32153059 3328.93657736
1592.32153059 3428.93657736
1592.32153059 3528.93657736
1592.32153059 3628.93657736
1592.32153059 3728.93657736
1592.32153059 3828.93657736
1592.32153059 3928.93657736
1592.32153059 4028.93657736
1592.32153059 4128.93657736
1592.32153059 4228.93657736
1592.32153059 4328.93657736
1592.32153059 4428.93657736
1592.32153059 4528.93657736
1592.32153059 4628.93657736
1592.32153059 4728.93657736
1592.32153059 4828.93657736
1592.32153059 4928.93657736
1592.32153059 5028.93657736
1592.32153059 5128.93657736
1592.32153059 5228.93657736
1592.32153059 5328.93657736
1592.32153059 5428.93657736
1592.32153059 5528.93657736
1592.32153059 5628.93657736
1692.32153059 1328.93657736
1692.32153059 1428.93657736
1692.32153059 1528.93657736
1692.32153059 1628.93657736
1692.32153059 1728.93657736
1692.32153059 1828.93657736
1692.32153059 1928.93657736
1692.32153059 2028.93657736
1692.32153059 2128.93657736
1692.32153059 2228.93657736
1692.32153059 2328.93657736
1692.32153059 2428.93657736
1692.32153059 2528.93657736
1692.32153059 2628.93657736
1692.32153059 2728.93657736
1692.32153059 2828.93657736
1692.32153059 2928.93657736
1692.32153059 3028.93657736
1692.32153059 3128.93657736
1692.32153059 3228.93657736
1692.32153059 3328.93657736
1692.32153059 3428.93657736
1692.32153059 3528.93657736
1692.32153059 3628.93657736
1692.32153059 3728.93657736
1692.32153059 3828.93657736
1692.32153059 3928.93657736
1692.32153059 4028.93657736
1692.32153059 4128.93657736
1692.32153059 4228.93657736
1692.32153059 4328.93657736
1692.32153059 4428.93657736
1692.32153059 4528.93657736
1692.32153059 4628.93657736
1692.32153059 4728.93657736
1692.32153059 4828.93657736
1692.32153059 4928.93657736
1692.32153059 5028.93657736
1692.32153059 5128.93657736
1692.32153059 5228.93657736
1692.32153059 5328.93657736
1692.32153059 5428.93657736
1692.32153059 5528.93657736
1692.32153059 5628.93657736
1792.32153059 1328.93657736
1792.32153059 1428.93657736
1792.32153059 1528.93657736
1792.32153059 1628.93657736
1792.32153059 1728.93657736
1792.32153059 1828.93657736
1792.32153059 1928.93657736
1792.32153059 2028.93657736
1792.32153059 2128.93657736
1792.32153059 2228.93657736
1792.32153059 2328.93657736
1792.32153059 2428.93657736
1792.32153059 2528.93657736
1792.32153059 2628.93657736
1792.32153059 2728.93657736
1792.32153059 2828.93657736
1792.32153059 2928.93657736
1792.32153059 3028.93657736
1792.32153059 3128.93657736
1792.32153059 3228.93657736
1792.32153059 3328.93657736
1792.32153059 3428.93657736
1792.32153059 3528.93657736
1792.32153059 3628.93657736
1792.32153059 3728.93657736
1792.32153059 3828.93657736
1792.32153059 3928.93657736
1792.32153059 4028.93657736
1792.32153059 4128.93657736
1792.32153059 4228.93657736
1792.32153059 4328.93657736
1792.32153059 4428.93657736
1792.32153059 4528.93657736
1792.32153059 4628.93657736
1792.32153059 4728.93657736
1792.32153059 4828.93657736
1792.32153059 4928.93657736
1792.32153059 5028.93657736
1792.32153059 5128.93657736
1792.32153059 5228.93657736
1792.32153059 5328.93657736
1792.32153059 5428.93657736
1792.32153059 5528.93657736
1792.32153059 5628.93657736
1892.32153059 1328.93657736
1892.32153059 1428.93657736
1892.32153059 1528.93657736
1892.32153059 1628.93657736
1892.32153059 1728.93657736
1892.32153059 1828.93657736
1892.32153059 1928.93657736
1892.32153059 2028.93657736
1892.32153059 2128.93657736
1892.32153059 2228.93657736
1892.32153059 2328.93657736
1892.32153059 2428.93657736
1892.32153059 2528.93657736
1892.32153059 2628.93657736
1892.32153059 2728.93657736
1892.32153059 2828.93657736
1892.32153059 2928.93657736
1892.32153059 3028.93657736
1892.32153059 3128.93657736
1892.32153059 3228.93657736
1892.32153059 3328.93657736
1892.32153059 3428.93657736
1892.32153059 3528.93657736
1892.32153059 3628.93657736
1892.32153059 3728.93657736
1892.32153059 3828.93657736
1892.32153059 3928.93657736
1892.32153059 4028.93657736
1892.32153059 4128.93657736
1892.32153059 4228.93657736
1892.32153059 4328.93657736
1892.32153059 4428.93657736
1892.32153059 4528.93657736
1892.32153059 4628.93657736
1892.32153059 4728.93657736
1892.32153059 4828.93657736
1892.32153059 4928.93657736
1892.32153059 5028.93657736
1892.32153059 5128.93657736
1892.32153059 5228.93657736
1892.32153059 5328.93657736
1892.32153059 5428.93657736
1892.32153059 5528.93657736
1892.32153059 5628.93657736
1992.32153059 1328.93657736
1992.32153059 1428.93657736
1992.32153059 1528.93657736
1992.32153059 1628.93657736
1992.32153059 1728.93657736
1992.32153059 1828.93657736
1992.32153059 1928.93657736
1992.32153059 2028.93657736
1992.32153059 2128.93657736
1992.32153059 2228.93657736
1992.32153059 2328.93657736
1992.32153059 2428.93657736
1992.32153059 2528.93657736
1992.32153059 2628.93657736
1992.32153059 2728.93657736
1992.32153059 2828.93657736
1992.32153059 2928.93657736
1992.32153059 3028.93657736
1992.32153059 3128.93657736
1992.32153059 3228.93657736
1992.32153059 3328.93657736
1992.32153059 3428.93657736
1992.32153059 3528.93657736
1992.32153059 3628.93657736
1992.32153059 3728.93657736
1992.32153059 3828.93657736
1992.32153059 3928.93657736
1992.32153059 4028.93657736
1992.32153059 4128.93657736
1992.32153059 4228.93657736
1992.32153059 4328.93657736
1992.32153059 4428.93657736
1992.32153059 4528.93657736
1992.32153059 4628.93657736
1992.32153059 4728.93657736
1992.32153059 4828.93657736
1992.32153059 4928.93657736
1992.32153059 5028.93657736
1992.32153059 5128.93657736
1992.32153059 5228.93657736
1992.32153059 5328.93657736
1992.32153059 5428.93657736
1992.32153059 5528.93657736
1992.32153059 5628.93657736
2092.32153059 1328.93657736
2092.32153059 1428.93657736
2092.32153059 1528.93657736
2092.32153059 1628.93657736
2092.32153059 1728.93657736
2092.32153059 1828.93657736
2092.32153059 1928.93657736
2092.32153059 2028.93657736
2092.32153059 2128.93657736
2092.32153059 2228.93657736
2092.32153059 2328.93657736
2092.32153059 2428.93657736
2092.32153059 2528.93657736
2092.32153059 2628.93657736
2092.32153059 2728.93657736
2092.32153059 2828.93657736
2092.32153059 2928.93657736
2092.32153059 3028.93657736
2092.32153059 3128.93657736
2092.32153059 3228.93657736
2092.32153059 3328.93657736
2092.32153059 3428.93657736
2092.32153059 3528.93657736
2092.32153059 3628.93657736
2092.32153059 3728.93657736
2092.32153059 3828.93657736
2092.32153059 3928.93657736
2092.32153059 4028.93657736
2092.32153059 4128.93657736
2092.32153059 4228.93657736
2092.32153059 4328.93657736
2092.32153059 4428.93657736
2092.32153059 4528.93657736
2092.32153059 4628.93657736
2092.32153059 4728.93657736
2092.32153059 4828.93657736
2092.32153059 4928.93657736
2092.32153059 5028.93657736
2092.32153059 5128.93657736
2092.32153059 5228.93657736
2092.32153059 5328.93657736
2092.32153059 5428.93657736
2092.32153059 5528.93657736
2092.32153059 5628.93657736
2192.32153059 1328.93657736
2192.32153059 1428.93657736
2192.32153059 1528.93657736
2192.32153059 1628.93657736
2192.32153059 1728.93657736
2192.32153059 1828.93657736
2192.32153059 1928.93657736
2192.32153059 2028.93657736
2192.32153059 2128.93657736
2192.32153059 2228.93657736
2192.32153059 2328.93657736
2192.32153059 2428.93657736
2192.32153059 2528.93657736
2192.32153059 2628.93657736
2192.32153059 2728.93657736
2192.32153059 2828.93657736
2192.32153059 2928.93657736
2192.32153059 3028.93657736
2192.32153059 3128.93657736
2192.32153059 3228.93657736
2192.32153059 3328.93657736
2192.32153059 3428.93657736
2192.32153059 3528.93657736
2192.32153059 3628.93657736
2192.32153059 3728.93657736
2192.32153059 3828.93657736
2192.32153059 3928.93657736
2192.32153059 4028.93657736
2192.32153059 4128.93657736
2192.32153059 4228.93657736
2192.32153059 4328.93657736
2192.32153059 4428.93657736
2192.32153059 4528.93657736
2192.32153059 4628.93657736
2192.32153059 4728.93657736
2192.32153059 4828.93657736
2192.32153059 4928.93657736
2192.32153059 5028.93657736
2192.32153059 5128.93657736
2192.32153059 5228.93657736
2192.32153059 5328.93657736
2192.32153059 5428.93657736
2192.32153059 5528.93657736
2192.32153059 5628.93657736
2292.32153059 1328.93657736
2292.32153059 1428.93657736
2292.32153059 1528.93657736
2292.32153059 1628.93657736
2292.32153059 1728.93657736
2292.32153059 1828.93657736
2292.32153059 1928.93657736
2292.32153059 2028.93657736
2292.32153059 2128.93657736
2292.32153059 2228.93657736
2292.32153059 2328.93657736
2292.32153059 2428.93657736
2292.32153059 2528.93657736
2292.32153059 2628.93657736
2292.32153059 2728.93657736
2292.32153059 2828.93657736
2292.32153059 2928.93657736
2292.32153059 3028.93657736
2292.32153059 3128.93657736
2292.32153059 3228.93657736
2292.32153059 3328.93657736
2292.32153059 3428.93657736
2292.32153059 3528.93657736
2292.32153059 3628.93657736
2292.32153059 3728.93657736
2292.32153059 3828.93657736
2292.32153059 3928.93657736
2292.32153059 4028.93657736
2292.32153059 4128.93657736
2292.32153059 4228.93657736
2292.32153059 4328.93657736
2292.32153059 4428.93657736
2292.32153059 4528.93657736
2292.32153059 4628.93657736
2292.32153059 4728.93657736
2292.32153059 4828.93657736
2292.32153059 4928.93657736
2292.32153059 5028.93657736
2292.32153059 5128.93657736
2292.32153059 5228.93657736
2292.32153059 5328.93657736
2292.32153059 5428.93657736
2292.32153059 5528.93657736
2292.32153059 5628.93657736
2392.32153059 1328.93657736
2392.32153059 1428.93657736
2392.32153059 1528.93657736
2392.32153059 1628.93657736
2392.32153059 1728.93657736
2392.32153059 1828.93657736
2392.32153059 1928.93657736
2392.32153059 2028.93657736
2392.32153059 2128.93657736
2392.32153059 2228.93657736
2392.32153059 2328.93657736
2392.32153059 2428.93657736
2392.32153059 2528.93657736
2392.32153059 2628.93657736
2392.32153059 2728.93657736
2392.32153059 2828.93657736
2392.32153059 2928.93657736
2392.32153059 3028.93657736
2392.32153059 3128.93657736
2392.32153059 3228.93657736
2392.32153059 3328.93657736
2392.32153059 3428.93657736
2392.32153059 3528.93657736
2392.32153059 3628.93657736
2392.32153059 3728.93657736
2392.32153059 3828.93657736
2392.32153059 3928.93657736
2392.32153059 4028.93657736
2392.32153059 4128.93657736
2392.32153059 4228.93657736
2392.32153059 4328.93657736
2392.32153059 4428.93657736
2392.32153059 4528.93657736
2392.32153059 4628.93657736
2392.32153059 4728.93657736
2392.32153059 4828.93657736
2392.32153059 4928.93657736
2392.32153059 5028.93657736
2392.32153059 5128.93657736
2392.32153059 5228.93657736
2392.32153059 5328.93657736
2392.32153059 5428.93657736
2392.32153059 5528.93657736
2392.32153059 5628.93657736
2492.32153059 1328.93657736
2492.32153059 1428.93657736
2492.32153059 1528.93657736
2492.32153059 1628.93657736
2492.32153059 1728.93657736
2492.32153059 1828.93657736
2492.32153059 1928.93657736
2492.32153059 2028.93657736
2492.32153059 2128.93657736
2492.32153059 2228.93657736
2492.32153059 2328.93657736
2492.32153059 2428.93657736
2492.32153059 2528.93657736
2492.32153059 2628.93657736
2492.32153059 2728.93657736
2492.32153059 2828.93657736
2492.32153059 2928.93657736
2492.32153059 3028.93657736
2492.32153059 3128.93657736
2492.32153059 3228.93657736
2492.32153059 3328.93657736
2492.32153059 3428.93657736
2492.32153059 3528.93657736
2492.32153059 3628.93657736
2492.32153059 3728.93657736
2492.32153059 3828.93657736
2492.32153059 3928.93657736
2492.32153059 4028.93657736
2492.32153059 4128.93657736
2492.32153059 4228.93657736
2492.32153059 4328.93657736
2492.32153059 4428.93657736
2492.32153059 4528.93657736
2492.32153059 4628.93657736
2492.32153059 4728.93657736
2492.32153059 4828.93657736
2492.32153059 4928.93657736
2492.32153059 5028.93657736
2492.32153059 5128.93657736
2492.32153059 5228.93657736
2492.32153059 5328.93657736
2492.32153059 5428.93657736
2492.32153059 5528.93657736
2492.32153059 5628.93657736
2592.32153059 1328.93657736
2592.32153059 1428.93657736
2592.32153059 1528.93657736
2592.32153059 1628.93657736
2592.32153059 1728.93657736
2592.32153059 1828.93657736
2592.32153059 1928.93657736
2592.32153059 2028.93657736
2592.32153059 2128.93657736
2592.32153059 2228.93657736
2592.32153059 2328.93657736
2592.32153059 2428.93657736
2592.32153059 2528.93657736
2592.32153059 2628.93657736
2592.32153059 2728.93657736
2592.32153059 2828.93657736
2592.32153059 2928.93657736
2592.32153059 3028.93657736
2592.32153059 3128.93657736
2592.32153059 3228.93657736
2592.32153059 3328.93657736
2592.32153059 3428.93657736
2592.32153059 3528.93657736
2592.32153059 3628.93657736
2592.32153059 3728.93657736
2592.32153059 3828.93657736
2592.32153059 3928.93657736
2592.32153059 4028.93657736
2592.32153059 4128.93657736
2592.32153059 4228.93657736
2592.32153059 4328.93657736
2592.32153059 4428.93657736
2592.32153059 4528.93657736
2592.32153059 4628.93657736
2592.32153059 4728.93657736
2592.32153059 4828.93657736
2592.32153059 4928.93657736
2592.32153059 5028.93657736
2592.32153059 5128.93657736
2592.32153059 5228.93657736
2592.32153059 5328.93657736
2592.32153059 5428.93657736
2592.32153059 5528.93657736
2592.32153059 5628.93657736
2692.32153059 1328.93657736
2692.32153059 1428.93657736
2692.32153059 1528.93657736
2692.32153059 1628.93657736
2692.32153059 1728.93657736
2692.32153059 1828.93657736
2692.32153059 1928.93657736
2692.32153059 2028.93657736
2692.32153059 2128.93657736
2692.32153059 2228.93657736
2692.32153059 2328.93657736
2692.32153059 2428.93657736
2692.32153059 2528.93657736
2692.32153059 2628.93657736
2692.32153059 2728.93657736
2692.32153059 2828.93657736
2692.32153059 2928.93657736
2692.32153059 3028.93657736
2692.32153059 3128.93657736
2692.32153059 3228.93657736
2692.32153059 3328.93657736
2692.32153059 3428.93657736
2692.32153059 3528.93657736
2692.32153059 3628.93657736
2692.32153059 3728.93657736
2692.32153059 3828.93657736
2692.32153059 3928.93657736
2692.32153059 4028.93657736
2692.32153059 4128.93657736
2692.32153059 4228.93657736
2692.32153059 4328.93657736
2692.32153059 4428.93657736
2692.32153059 4528.93657736
2692.32153059 4628.93657736
2692.32153059 4728.93657736
2692.32153059 4828.93657736
2692.32153059 4928.93657736
2692.32153059 5028.93657736
2692.32153059 5128.93657736
2692.32153059 5228.93657736
2692.32153059 5328.93657736
2692.32153059 5428.93657736
2692.32153059 5528.93657736
2692.32153059 5628.93657736
2792.32153059 1328.93657736
2792.32153059 1428.93657736
2792.32153059 1528.93657736
2792.32153059 1628.93657736
2792.32153059 1728.93657736
2792.32153059 1828.93657736
2792.32153059 1928.93657736
2792.32153059 2028.93657736
2792.32153059 2128.93657736
2792.32153059 2228.93657736
2792.32153059 2328.93657736
2792.32153059 2428.93657736
2792.32153059 2528.93657736
2792.32153059 2628.93657736
2792.32153059 2728.93657736
2792.32153059 2828.93657736
2792.32153059 2928.93657736
2792.32153059 3028.93657736
2792.32153059 3128.93657736
2792.32153059 3228.93657736
2792.32153059 3328.93657736
2792.32153059 3428.93657736
2792.32153059 3528.93657736
2792.32153059 3628.93657736
2792.32153059 3728.93657736
2792.32153059 3828.93657736
2792.32153059 3928.93657736
2792.32153059 4028.93657736
2792.32153059 4128.93657736
2792.32153059 4228.93657736
2792.32153059 4328.93657736
2792.32153059 4428.93657736
2792.32153059 4528.93657736
2792.32153059 4628.93657736
2792.32153059 4728.93657736
2792.32153059 4828.93657736
2792.32153059 4928.93657736
2792.32153059 5028.93657736
2792.32153059 5128.93657736
2792.32153059 5228.93657736
2792.32153059 5328.93657736
2792.32153059 5428.93657736
2792.32153059 5528.93657736
2792.32153059 5628.93657736
2892.32153059 1328.93657736
2892.32153059 1428.93657736
2892.32153059 1528.93657736
2892.32153059 1628.93657736
2892.32153059 1728.93657736
2892.32153059 1828.93657736
2892.32153059 1928.93657736
2892.32153059 2028.93657736
2892.32153059 2128.93657736
2892.32153059 2228.93657736
2892.32153059 2328.93657736
2892.32153059 2428.93657736
2892.32153059 2528.93657736
2892.32153059 2628.93657736
2892.32153059 2728.93657736
2892.32153059 2828.93657736
2892.32153059 2928.93657736
2892.32153059 3028.93657736
2892.32153059 3128.93657736
2892.32153059 3228.93657736
2892.32153059 3328.93657736
2892.32153059 3428.93657736
2892.32153059 3528.93657736
2892.32153059 3628.93657736
2892.32153059 3728.93657736
2892.32153059 3828.93657736
2892.32153059 3928.93657736
2892.32153059 4028.93657736
2892.32153059 4128.93657736
2892.32153059 4228.93657736
2892.32153059 4328.93657736
2892.32153059 4428.93657736
2892.32153059 4528.93657736
2892.32153059 4628.93657736
2892.32153059 4728.93657736
2892.32153059 4828.93657736
2892.32153059 4928.93657736
2892.32153059 5028.93657736
2892.32153059 5128.93657736
2892.32153059 5228.93657736
2892.32153059 5328.93657736
2892.32153059 5428.93657736
2892.32153059 5528.93657736
2892.32153059 5628.93657736
2992.32153059 1328.93657736
2992.32153059 1428.93657736
2992.32153059 1528.93657736
2992.32153059 1628.93657736
2992.32153059 1728.93657736
2992.32153059 1828.93657736
2992.32153059 1928.93657736
2992.32153059 2028.93657736
2992.32153059 2128.93657736
2992.32153059 2228.93657736
2992.32153059 2328.93657736
2992.32153059 2428.93657736
2992.32153059 2528.93657736
2992.32153059 2628.93657736
2992.32153059 2728.93657736
2992.32153059 2828.93657736
2992.32153059 2928.93657736
2992.32153059 3028.93657736
2992.32153059 3128.93657736
2992.32153059 3228.93657736
2992.32153059 3328.93657736
2992.32153059 3428.93657736
2992.32153059 3528.93657736
2992.32153059 3628.93657736
2992.32153059 3728.93657736
2992.32153059 3828.93657736
2992.32153059 3928.93657736
2992.32153059 4028.93657736
2992.32153059 4128.93657736
2992.32153059 4228.93657736
2992.32153059 4328.93657736
2992.32153059 4428.93657736
2992.32153059 4528.93657736
2992.32153059 4628.93657736
2992.32153059 4728.93657736
2992.32153059 4828.93657736
2992.32153059 4928.93657736
2992.32153059 5028.93657736
2992.32153059 5128.93657736
2992.32153059 5228.93657736
2992.32153059 5328.93657736
2992.32153059 5428.93657736
2992.32153059 5528.93657736
2992.32153059 5628.93657736
3092.32153059 1328.93657736
3092.32153059 1428.93657736
3092.32153059 1528.93657736
3092.32153059 1628.93657736
3092.32153059 1728.93657736
3092.32153059 1828.93657736
3092.32153059 1928.93657736
3092.32153059 2028.93657736
3092.32153059 2128.93657736
3092.32153059 2228.93657736
3092.32153059 2328.93657736
3092.32153059 2428.93657736
3092.32153059 2528.93657736
3092.32153059 2628.93657736
3092.32153059 2728.93657736
3092.32153059 2828.93657736
3092.32153059 2928.93657736
3092.32153059 3028.93657736
3092.32153059 3128.93657736
3092.32153059 3228.93657736
3092.32153059 3328.93657736
3092.32153059 3428.93657736
3092.32153059 3528.93657736
3092.32153059 3628.93657736
3092.32153059 3728.93657736
3092.32153059 3828.93657736
3092.32153059 3928.93657736
3092.32153059 4028.93657736
3092.32153059 4128.93657736
3092.32153059 4228.93657736
3092.32153059 4328.93657736
3092.32153059 4428.93657736
3092.32153059 4528.93657736
3092.32153059 4628.93657736
3092.32153059 4728.93657736
3092.32153059 4828.93657736
3092.32153059 4928.93657736
3092.32153059 5028.93657736
3092.32153059 5128.93657736
3092.32153059 5228.93657736
3092.32153059 5328.93657736
3092.32153059 5428.93657736
3092.32153059 5528.93657736
3092.32153059 5628.93657736
3192.32153059 1328.93657736
3192.32153059 1428.93657736
3192.32153059 1528.93657736
3192.32153059 1628.93657736
3192.32153059 1728.93657736
3192.32153059 1828.93657736
3192.32153059 1928.93657736
3192.32153059 2028.93657736
3192.32153059 2128.93657736
3192.32153059 2228.93657736
3192.32153059 2328.93657736
3192.32153059 2428.93657736
3192.32153059 2528.93657736
3192.32153059 2628.93657736
3192.32153059 2728.93657736
3192.32153059 2828.93657736
3192.32153059 2928.93657736
3192.32153059 3028.93657736
3192.32153059 3128.93657736
3192.32153059 3228.93657736
3192.32153059 3328.93657736
3192.32153059 3428.93657736
3192.32153059 3528.93657736
3192.32153059 3628.93657736
3192.32153059 3728.93657736
3192.32153059 3828.93657736
3192.32153059 3928.93657736
3192.32153059 4028.93657736
3192.32153059 4128.93657736
3192.32153059 4228.93657736
3192.32153059 4328.93657736
3192.32153059 4428.93657736
3192.32153059 4528.93657736
3192.32153059 4628.93657736
3192.32153059 4728.93657736
3192.32153059 4828.93657736
3192.32153059 4928.93657736
3192.32153059 5028.93657736
3192.32153059 5128.93657736
3192.32153059 5228.93657736
3192.32153059 5328.93657736
3192.32153059 5428.93657736
3192.32153059 5528.93657736
3192.32153059 5628.93657736
3292.32153059 1328.93657736
3292.32153059 1428.93657736
3292.32153059 1528.93657736
3292.32153059 1628.93657736
3292.32153059 1728.93657736
3292.32153059 1828.93657736
3292.32153059 1928.93657736
3292.32153059 2028.93657736
3292.32153059 2128.93657736
3292.32153059 2228.93657736
3292.32153059 2328.93657736
3292.32153059 2428.93657736
3292.32153059 2528.93657736
3292.32153059 2628.93657736
3292.32153059 2728.93657736
3292.32153059 2828.93657736
3292.32153059 2928.93657736
3292.32153059 3028.93657736
3292.32153059 3128.93657736
3292.32153059 3228.93657736
3292.32153059 3328.93657736
3292.32153059 3428.93657736
3292.32153059 3528.93657736
3292.32153059 3628.93657736
3292.32153059 3728.93657736
3292.32153059 3828.93657736
3292.32153059 3928.93657736
3292.32153059 4028.93657736
3292.32153059 4128.93657736
3292.32153059 4228.93657736
3292.32153059 4328.93657736
3292.32153059 4428.93657736
3292.32153059 4528.93657736
3292.32153059 4628.93657736
3292.32153059 4728.93657736
3292.32153059 4828.93657736
3292.32153059 4928.93657736
3292.32153059 5028.93657736
3292.32153059 5128.93657736
3292.32153059 5228.93657736
3292.32153059 5328.93657736
3292.32153059 5428.93657736
3292.32153059 5528.93657736
3292.32153059 5628.93657736
3392.32153059 1328.93657736
3392.32153059 1428.93657736
3392.32153059 1528.93657736
3392.32153059 1628.93657736
3392.32153059 1728.93657736
3392.32153059 1828.93657736
3392.32153059 1928.93657736
3392.32153059 2028.93657736
3392.32153059 2128.93657736
3392.32153059 2228.93657736
3392.32153059 2328.93657736
3392.32153059 2428.93657736
3392.32153059 2528.93657736
3392.32153059 2628.93657736
3392.32153059 2728.93657736
3392.32153059 2828.93657736
3392.32153059 2928.93657736
3392.32153059 3028.93657736
3392.32153059 3128.93657736
3392.32153059 3228.93657736
3392.32153059 3328.93657736
3392.32153059 3428.93657736
3392.32153059 3528.93657736
3392.32153059 3628.93657736
3392.32153059 3728.93657736
3392.32153059 3828.93657736
3392.32153059 3928.93657736
3392.32153059 4028.93657736
3392.32153059 4128.93657736
3392.32153059 4228.93657736
3392.32153059 4328.93657736
3392.32153059 4428.93657736
3392.32153059 4528.93657736
3392.32153059 4628.93657736
3392.32153059 4728.93657736
3392.32153059 4828.93657736
3392.32153059 4928.93657736
3392.32153059 5028.93657736
3392.32153059 5128.93657736
3392.32153059 5228.93657736
3392.32153059 5328.93657736
3392.32153059 5428.93657736
3392.32153059 5528.93657736
3392.32153059 5628.93657736
3492.32153059 1328.93657736
3492.32153059 1428.93657736
3492.32153059 1528.93657736
3492.32153059 1628.93657736
3492.32153059 1728.93657736
3492.32153059 1828.93657736
3492.32153059 1928.93657736
3492.32153059 2028.93657736
3492.32153059 2128.93657736
3492.32153059 2228.93657736
3492.32153059 2328.93657736
3492.32153059 2428.93657736
3492.32153059 2528.93657736
3492.32153059 2628.93657736
3492.32153059 2728.93657736
3492.32153059 2828.93657736
3492.32153059 2928.93657736
3492.32153059 3028.93657736
3492.32153059 3128.93657736
3492.32153059 3228.93657736
3492.32153059 3328.93657736
3492.32153059 3428.93657736
3492.32153059 3528.93657736
3492.32153059 3628.93657736
3492.32153059 3728.93657736
3492.32153059 3828.93657736
3492.32153059 3928.93657736
3492.32153059 4028.93657736
3492.32153059 4128.93657736
3492.32153059 4228.93657736
3492.32153059 4328.93657736
3492.32153059 4428.93657736
3492.32153059 4528.93657736
3492.32153059 4628.93657736
3492.32153059 4728.93657736
3492.32153059 4828.93657736
3492.32153059 4928.93657736
3492.32153059 5028.93657736
3492.32153059 5128.93657736
3492.32153059 5228.93657736
3492.32153059 5328.93657736
3492.32153059 5428.93657736
3492.32153059 5528.93657736
3492.32153059 5628.93657736
3592.32153059 1328.93657736
3592.32153059 1428.93657736
3592.32153059 1528.93657736
3592.32153059 1628.93657736
3592.32153059 1728.93657736
3592.32153059 1828.93657736
3592.32153059 1928.93657736
3592.32153059 2028.93657736
3592.32153059 2128.93657736
3592.32153059 2228.93657736
3592.32153059 2328.93657736
3592.32153059 2428.93657736
3592.32153059 2528.93657736
3592.32153059 2628.93657736
3592.32153059 2728.93657736
3592.32153059 2828.93657736
3592.32153059 2928.93657736
3592.32153059 3028.93657736
3592.32153059 3128.93657736
3592.32153059 3228.93657736
3592.32153059 3328.93657736
3592.32153059 3428.93657736
3592.32153059 3528.93657736
3592.32153059 3628.93657736
3592.32153059 3728.93657736
3592.32153059 3828.93657736
3592.32153059 3928.93657736
3592.32153059 4028.93657736
3592.32153059 4128.93657736
3592.32153059 4228.93657736
3592.32153059 4328.93657736
3592.32153059 4428.93657736
3592.32153059 4528.93657736
3592.32153059 4628.93657736
3592.32153059 4728.93657736
3592.32153059 4828.93657736
3592.32153059 4928.93657736
3592.32153059 5028.93657736
3592.32153059 5128.93657736
3592.32153059 5228.93657736
3592.32153059 5328.93657736
3592.32153059 5428.93657736
3592.32153059 5528.93657736
3592.32153059 5628.93657736
3692.32153059 1328.93657736
3692.32153059 1428.93657736
3692.32153059 1528.93657736
3692.32153059 1628.93657736
3692.32153059 1728.93657736
3692.32153059 1828.93657736
3692.32153059 1928.93657736
3692.32153059 2028.93657736
3692.32153059 2128.93657736
3692.32153059 2228.93657736
3692.32153059 2328.93657736
3692.32153059 2428.93657736
3692.32153059 2528.93657736
3692.32153059 2628.93657736
3692.32153059 2728.93657736
3692.32153059 2828.93657736
3692.32153059 2928.93657736
3692.32153059 3028.93657736
3692.32153059 3128.93657736
3692.32153059 3228.93657736
3692.32153059 3328.93657736
3692.32153059 3428.93657736
3692.32153059 3528.93657736
3692.32153059 3628.93657736
3692.32153059 3728.93657736
3692.32153059 3828.93657736
3692.32153059 3928.93657736
3692.32153059 4028.93657736
3692.32153059 4128.93657736
3692.32153059 4228.93657736
3692.32153059 4328.93657736
3692.32153059 4428.93657736
3692.32153059 4528.93657736
3692.32153059 4628.93657736
3692.32153059 4728.93657736
3692.32153059 4828.93657736
3692.32153059 4928.93657736
3692.32153059 5028.93657736
3692.32153059 5128.93657736
3692.32153059 5228.93657736
3692.32153059 5328.93657736
3692.32153059 5428.93657736
3692.32153059 5528.93657736
3692.32153059 5628.93657736
3792.32153059 1328.93657736
3792.32153059 1428.93657736
3792.32153059 1528.93657736
3792.32153059 1628.93657736
3792.32153059 1728.93657736
3792.32153059 1828.93657736
3792.32153059 1928.93657736
3792.32153059 2028.93657736
3792.32153059 2128.93657736
3792.32153059 2228.93657736
3792.32153059 2328.93657736
3792.32153059 2428.93657736
3792.32153059 2528.93657736
3792.32153059 2628.93657736
3792.32153059 2728.93657736
3792.32153059 2828.93657736
3792.32153059 2928.93657736
3792.32153059 3028.93657736
3792.32153059 3128.93657736
3792.32153059 3228.93657736
3792.32153059 3328.93657736
3792.32153059 3428.93657736
3792.32153059 3528.93657736
3792.32153059 3628.93657736
3792.32153059 3728.93657736
3792.32153059 3828.93657736
3792.32153059 3928.93657736
3792.32153059 4028.93657736
3792.32153059 4128.93657736
3792.32153059 4228.93657736
3792.32153059 4328.93657736
3792.32153059 4428.93657736
3792.32153059 4528.93657736
3792.32153059 4628.93657736
3792.32153059 4728.93657736
3792.32153059 4828.93657736
3792.32153059 4928.93657736
3792.32153059 5028.93657736
3792.32153059 5128.93657736
3792.32153059 5228.93657736
3792.32153059 5328.93657736
3792.32153059 5428.93657736
3792.32153059 5528.93657736
3792.32153059 5628.93657736
3892.32153059 1328.93657736
3892.32153059 1428.93657736
3892.32153059 1528.93657736
3892.32153059 1628.93657736
3892.32153059 1728.93657736
3892.32153059 1828.93657736
3892.32153059 1928.93657736
3892.32153059 2028.93657736
3892.32153059 2128.93657736
3892.32153059 2228.93657736
3892.32153059 2328.93657736
3892.32153059 2428.93657736
3892.32153059 2528.93657736
3892.32153059 2628.93657736
3892.32153059 2728.93657736
3892.32153059 2828.93657736
3892.32153059 2928.93657736
3892.32153059 3028.93657736
3892.32153059 3128.93657736
3892.32153059 3228.93657736
3892.32153059 3328.93657736
3892.32153059 3428.93657736
3892.32153059 3528.93657736
3892.32153059 3628.93657736
3892.32153059 3728.93657736
3892.32153059 3828.93657736
3892.32153059 3928.93657736
3892.32153059 4028.93657736
3892.32153059 4128.93657736
3892.32153059 4228.93657736
3892.32153059 4328.93657736
3892.32153059 4428.93657736
3892.32153059 4528.93657736
3892.32153059 4628.93657736
3892.32153059 4728.93657736
3892.32153059 4828.93657736
3892.32153059 4928.93657736
3892.32153059 5028.93657736
3892.32153059 5128.93657736
3892.32153059 5228.93657736
3892.32153059 5328.93657736
3892.32153059 5428.93657736
3892.32153059 5528.93657736
3892.32153059 5628.93657736
3992.32153059 1328.93657736
3992.32153059 1428.93657736
3992.32153059 1528.93657736
3992.32153059 1628.93657736
3992.32153059 1728.93657736
3992.32153059 1828.93657736
3992.32153059 1928.93657736
3992.32153059 2028.93657736
3992.32153059 2128.93657736
3992.32153059 2228.93657736
3992.32153059 2328.93657736
3992.32153059 2428.93657736
3992.32153059 2528.93657736
3992.32153059 2628.93657736
3992.32153059 2728.93657736
3992.32153059 2828.93657736
3992.32153059 2928.93657736
3992.32153059 3028.93657736
3992.32153059 3128.93657736
3992.32153059 3228.93657736
3992.32153059 3328.93657736
3992.32153059 3428.93657736
3992.32153059 3528.93657736
3992.32153059 3628.93657736
3992.32153059 3728.93657736
3992.32153059 3828.93657736
3992.32153059 3928.93657736
3992.32153059 4028.93657736
3992.32153059 4128.93657736
3992.32153059 4228.93657736
3992.32153059 4328.93657736
3992.32153059 4428.93657736
3992.32153059 4528.93657736
3992.32153059 4628.93657736
3992.32153059 4728.93657736
3992.32153059 4828.93657736
3992.32153059 4928.93657736
3992.32153059 5028.93657736
3992.32153059 5128.93657736
3992.32153059 5228.93657736
3992.32153059 5328.93657736
3992.32153059 5428.93657736
3992.32153059 5528.93657736
3992.32153059 5628.93657736
4092.32153059 1328.93657736
4092.32153059 1428.93657736
4092.32153059 1528.93657736
4092.32153059 1628.93657736
4092.32153059 1728.93657736
4092.32153059 1828.93657736
4092.32153059 1928.93657736
4092.32153059 2028.93657736
4092.32153059 2128.93657736
4092.32153059 2228.93657736
4092.32153059 2328.93657736
4092.32153059 2428.93657736
4092.32153059 2528.93657736
4092.32153059 2628.93657736
4092.32153059 2728.93657736
4092.32153059 2828.93657736
4092.32153059 2928.93657736
4092.32153059 3028.93657736
4092.32153059 3128.93657736
4092.32153059 3228.93657736
4092.32153059 3328.93657736
4092.32153059 3428.93657736
4092.32153059 3528.93657736
4092.32153059 3628.93657736
4092.32153059 3728.93657736
4092.32153059 3828.93657736
4092.32153059 3928.93657736
4092.32153059 4028.93657736
4092.32153059 4128.93657736
4092.32153059 4228.93657736
4092.32153059 4328.93657736
4092.32153059 4428.93657736
4092.32153059 4528.93657736
4092.32153059 4628.93657736
4092.32153059 4728.93657736
4092.32153059 4828.93657736
4092.32153059 4928.93657736
4092.32153059 5028.93657736
4092.32153059 5128.93657736
4092.32153059 5228.93657736
4092.32153059 5328.93657736
4092.32153059 5428.93657736
4092.32153059 5528.93657736
4092.32153059 5628.93657736
4192.32153059 1328.93657736
4192.32153059 1428.93657736
4192.32153059 1528.93657736
4192.32153059 1628.93657736
4192.32153059 1728.93657736
4192.32153059 1828.93657736
4192.32153059 1928.93657736
4192.32153059 2028.93657736
4192.32153059 2128.93657736
4192.32153059 2228.93657736
4192.32153059 2328.93657736
4192.32153059 2428.93657736
4192.32153059 2528.93657736
4192.32153059 2628.93657736
4192.32153059 2728.93657736
4192.32153059 2828.93657736
4192.32153059 2928.93657736
4192.32153059 3028.93657736
4192.32153059 3128.93657736
4192.32153059 3228.93657736
4192.32153059 3328.93657736
4192.32153059 3428.93657736
4192.32153059 3528.93657736
4192.32153059 3628.93657736
4192.32153059 3728.93657736
4192.32153059 3828.93657736
4192.32153059 3928.93657736
4192.32153059 4028.93657736
4192.32153059 4128.93657736
4192.32153059 4228.93657736
4192.32153059 4328.93657736
4192.32153059 4428.93657736
4192.32153059 4528.93657736
4192.32153059 4628.93657736
4192.32153059 4728.93657736
4192.32153059 4828.93657736
4192.32153059 4928.93657736
4192.32153059 5028.93657736
4192.32153059 5128.93657736
4192.32153059 5228.93657736
4192.32153059 5328.93657736
4192.32153059 5428.93657736
4192.32153059 5528.93657736
4192.32153059 5628.93657736
4292.32153059 1328.93657736
4292.32153059 1428.93657736
4292.32153059 1528.93657736
4292.32153059 1628.93657736
4292.32153059 1728.93657736
4292.32153059 1828.93657736
4292.32153059 1928.93657736
4292.32153059 2028.93657736
4292.32153059 2128.93657736
4292.32153059 2228.93657736
4292.32153059 2328.93657736
4292.32153059 2428.93657736
4292.32153059 2528.93657736
4292.32153059 2628.93657736
4292.32153059 2728.93657736
4292.32153059 2828.93657736
4292.32153059 2928.93657736
4292.32153059 3028.93657736
4292.32153059 3128.93657736
4292.32153059 3228.93657736
4292.32153059 3328.93657736
4292.32153059 3428.93657736
4292.32153059 3528.93657736
4292.32153059 3628.93657736
4292.32153059 3728.93657736
4292.32153059 3828.93657736
4292.32153059 3928.93657736
4292.32153059 4028.93657736
4292.32153059 4128.93657736
4292.32153059 4228.93657736
4292.32153059 4328.93657736
4292.32153059 4428.93657736
4292.32153059 4528.93657736
4292.32153059 4628.93657736
4292.32153059 4728.93657736
4292.32153059 4828.93657736
4292.32153059 4928.93657736
4292.32153059 5028.93657736
4292.32153059 5128.93657736
4292.32153059 5228.93657736
4292.32153059 5328.93657736
4292.32153059 5428.93657736
4292.32153059 5528.93657736
4292.32153059 5628.93657736
4392.32153059 1328.93657736
4392.32153059 1428.93657736
4392.32153059 1528.93657736
4392.32153059 1628.93657736
4392.32153059 1728.93657736
4392.32153059 1828.93657736
4392.32153059 1928.93657736
4392.32153059 2028.93657736
4392.32153059 2128.93657736
4392.32153059 2228.93657736
4392.32153059 2328.93657736
4392.32153059 2428.93657736
4392.32153059 2528.93657736
4392.32153059 2628.93657736
4392.32153059 2728.93657736
4392.32153059 2828.93657736
4392.32153059 2928.93657736
4392.32153059 3028.93657736
4392.32153059 3128.93657736
4392.32153059 3228.93657736
4392.32153059 3328.93657736
4392.32153059 3428.93657736
4392.32153059 3528.93657736
4392.32153059 3628.93657736
4392.32153059 3728.93657736
4392.32153059 3828.93657736
4392.32153059 3928.93657736
4392.32153059 4028.93657736
4392.32153059 4128.93657736
4392.32153059 4228.93657736
4392.32153059 4328.93657736
4392.32153059 4428.93657736
4392.32153059 4528.93657736
4392.32153059 4628.93657736
4392.32153059 4728.93657736
4392.32153059 4828.93657736
4392.32153059 4928.93657736
4392.32153059 5028.93657736
4392.32153059 5128.93657736
4392.32153059 5228.93657736
4392.32153059 5328.93657736
4392.32153059 5428.93657736
4392.32153059 5528.93657736
4392.32153059 5628.93657736
4492.32153059 1328.93657736
4492.32153059 1428.93657736
4492.32153059 1528.93657736
4492.32153059 1628.93657736
4492.32153059 1728.93657736
4492.32153059 1828.93657736
4492.32153059 1928.93657736
4492.32153059 2028.93657736
4492.32153059 2128.93657736
4492.32153059 2228.93657736
4492.32153059 2328.93657736
4492.32153059 2428.93657736
4492.32153059 2528.93657736
4492.32153059 2628.93657736
4492.32153059 2728.93657736
4492.32153059 2828.93657736
4492.32153059 2928.93657736
4492.32153059 3028.93657736
4492.32153059 3128.93657736
4492.32153059 3228.93657736
4492.32153059 3328.93657736
4492.32153059 3428.93657736
4492.32153059 3528.93657736
4492.32153059 3628.93657736
4492.32153059 3728.93657736
4492.32153059 3828.93657736
4492.32153059 3928.93657736
4492.32153059 4028.93657736
4492.32153059 4128.93657736
4492.32153059 4228.93657736
4492.32153059 4328.93657736
4492.32153059 4428.93657736
4492.32153059 4528.93657736
4492.32153059 4628.93657736
4492.32153059 4728.93657736
4492.32153059 4828.93657736
4492.32153059 4928.93657736
4492.32153059 5028.93657736
4492.32153059 5128.93657736
4492.32153059 5228.93657736
4492.32153059 5328.93657736
4492.32153059 5428.93657736
4492.32153059 5528.93657736
4492.32153059 5628.93657736
4592.32153059 1328.93657736
4592.32153059 1428.93657736
4592.32153059 1528.93657736
4592.32153059 1628.93657736
4592.32153059 1728.93657736
4592.32153059 1828.93657736
4592.32153059 1928.93657736
4592.32153059 2028.93657736
4592.32153059 2128.93657736
4592.32153059 2228.93657736
4592.32153059 2328.93657736
4592.32153059 2428.93657736
4592.32153059 2528.93657736
4592.32153059 2628.93657736
4592.32153059 2728.93657736
4592.32153059 2828.93657736
4592.32153059 2928.93657736
4592.32153059 3028.93657736
4592.32153059 3128.93657736
4592.32153059 3228.93657736
4592.32153059 3328.93657736
4592.32153059 3428.93657736
4592.32153059 3528.93657736
4592.32153059 3628.93657736
4592.32153059 3728.93657736
4592.32153059 3828.93657736
4592.32153059 3928.93657736
4592.32153059 4028.93657736
4592.32153059 4128.93657736
4592.32153059 4228.93657736
4592.32153059 4328.93657736
4592.32153059 4428.93657736
4592.32153059 4528.93657736
4592.32153059 4628.93657736
4592.32153059 4728.93657736
4592.32153059 4828.93657736
4592.32153059 4928.93657736
4592.32153059 5028.93657736
4592.32153059 5128.93657736
4592.32153059 5228.93657736
4592.32153059 5328.93657736
4592.32153059 5428.93657736
4592.32153059 5528.93657736
4592.32153059 5628.93657736
4692.32153059 1328.93657736
4692.32153059 1428.93657736
4692.32153059 1528.93657736
4692.32153059 1628.93657736
4692.32153059 1728.93657736
4692.32153059 1828.93657736
4692.32153059 1928.93657736
4692.32153059 2028.93657736
4692.32153059 2128.93657736
4692.32153059 2228.93657736
4692.32153059 2328.93657736
4692.32153059 2428.93657736
4692.32153059 2528.93657736
4692.32153059 2628.93657736
4692.32153059 2728.93657736
4692.32153059 2828.93657736
4692.32153059 2928.93657736
4692.32153059 3028.93657736
4692.32153059 3128.93657736
4692.32153059 3228.93657736
4692.32153059 3328.93657736
4692.32153059 3428.93657736
4692.32153059 3528.93657736
4692.32153059 3628.93657736
4692.32153059 3728.93657736
4692.32153059 3828.93657736
4692.32153059 3928.93657736
4692.32153059 4028.93657736
4692.32153059 4128.93657736
4692.32153059 4228.93657736
4692.32153059 4328.93657736
4692.32153059 4428.93657736
4692.32153059 4528.93657736
4692.32153059 4628.93657736
4692.32153059 4728.93657736
4692.32153059 4828.93657736
4692.32153059 4928.93657736
4692.32153059 5028.93657736
4692.32153059 5128.93657736
4692.32153059 5228.93657736
4692.32153059 5328.93657736
4692.32153059 5428.93657736
4692.32153059 5528.93657736
4692.32153059 5628.93657736
4792.32153059 1328.93657736
4792.32153059 1428.93657736
4792.32153059 1528.93657736
4792.32153059 1628.93657736
4792.32153059 1728.93657736
4792.32153059 1828.93657736
4792.32153059 1928.93657736
4792.32153059 2028.93657736
4792.32153059 2128.93657736
4792.32153059 2228.93657736
4792.32153059 2328.93657736
4792.32153059 2428.93657736
4792.32153059 2528.93657736
4792.32153059 2628.93657736
4792.32153059 2728.93657736
4792.32153059 2828.93657736
4792.32153059 2928.93657736
4792.32153059 3028.93657736
4792.32153059 3128.93657736
4792.32153059 3228.93657736
4792.32153059 3328.93657736
4792.32153059 3428.93657736
4792.32153059 3528.93657736
4792.32153059 3628.93657736
4792.32153059 3728.93657736
4792.32153059 3828.93657736
4792.32153059 3928.93657736
4792.32153059 4028.93657736
4792.32153059 4128.93657736
4792.32153059 4228.93657736
4792.32153059 4328.93657736
4792.32153059 4428.93657736
4792.32153059 4528.93657736
4792.32153059 4628.93657736
4792.32153059 4728.93657736
4792.32153059 4828.93657736
4792.32153059 4928.93657736
4792.32153059 5028.93657736
4792.32153059 5128.93657736
4792.32153059 5228.93657736
4792.32153059 5328.93657736
4792.32153059 5428.93657736
4792.32153059 5528.93657736
4892.32153059 1328.93657736
4892.32153059 1428.93657736
4892.32153059 1528.93657736
4892.32153059 1628.93657736
4892.32153059 1728.93657736
4892.32153059 1828.93657736
4892.32153059 1928.93657736
4892.32153059 2028.93657736
4892.32153059 2128.93657736
4892.32153059 2228.93657736
4892.32153059 2328.93657736
4892.32153059 2428.93657736
4892.32153059 2528.93657736
4892.32153059 2628.93657736
4892.32153059 2728.93657736
4892.32153059 2828.93657736
4892.32153059 2928.93657736
4892.32153059 3028.93657736
4892.32153059 3128.93657736
4892.32153059 3228.93657736
4892.32153059 3328.93657736
4892.32153059 3428.93657736
4892.32153059 3528.93657736
4892.32153059 3628.93657736
4892.32153059 3728.93657736
4892.32153059 3828.93657736
4892.32153059 3928.93657736
4892.32153059 4028.93657736
4892.32153059 4128.93657736
4892.32153059 4228.93657736
4892.32153059 4328.93657736
4892.32153059 4428.93657736
4892.32153059 4528.93657736
4892.32153059 4628.93657736
4892.32153059 4728.93657736
4892.32153059 4828.93657736
4892.32153059 4928.93657736
4892.32153059 5028.93657736
4892.32153059 5128.93657736
4892.32153059 5228.93657736
4892.32153059 5328.93657736
4892.32153059 5428.93657736
4892.32153059 5528.93657736
4992.32153059 1328.93657736
4992.32153059 1428.93657736
4992.32153059 1528.93657736
4992.32153059 1628.93657736
4992.32153059 1728.93657736
4992.32153059 1828.93657736
4992.32153059 1928.93657736
4992.32153059 2028.93657736
4992.32153059 2128.93657736
4992.32153059 2228.93657736
4992.32153059 2328.93657736
4992.32153059 2428.93657736
4992.32153059 2528.93657736
4992.32153059 2628.93657736
4992.32153059 2728.93657736
4992.32153059 2828.93657736
4992.32153059 2928.93657736
4992.32153059 3028.93657736
4992.32153059 3128.93657736
4992.32153059 3228.93657736
4992.32153059 3328.93657736
4992.32153059 3428.93657736
4992.32153059 3528.93657736
4992.32153059 3628.93657736
4992.32153059 3728.93657736
4992.32153059 3828.93657736
4992.32153059 3928.93657736
4992.32153059 4028.93657736
4992.32153059 4128.93657736
4992.32153059 4228.93657736
4992.32153059 4328.93657736
4992.32153059 4428.93657736
4992.32153059 4528.93657736
4992.32153059 4628.93657736
4992.32153059 4728.93657736
4992.32153059 4828.93657736
4992.32153059 4928.93657736
4992.32153059 5028.93657736
4992.32153059 5128.93657736
4992.32153059 5228.93657736
4992.32153059 5328.93657736
4992.32153059 5428.93657736
4992.32153059 5528.93657736
5092.32153059 1328.93657736
5092.32153059 1428.93657736
5092.32153059 1528.93657736
5092.32153059 1628.93657736
5092.32153059 1728.93657736
5092.32153059 1828.93657736
5092.32153059 1928.93657736
5092.32153059 2028.93657736
5092.32153059 2128.93657736
5092.32153059 2228.93657736
5092.32153059 2328.93657736
5092.32153059 2428.93657736
5092.32153059 2528.93657736
5092.32153059 2628.93657736
5092.32153059 2728.93657736
5092.32153059 2828.93657736
5092.32153059 2928.93657736
5092.32153059 3028.93657736
5092.32153059 3128.93657736
5092.32153059 3228.93657736
5092.32153059 3328.93657736
5092.32153059 3428.93657736
5092.32153059 3528.93657736
5092.32153059 3628.93657736
5092.32153059 3728.93657736
5092.32153059 3828.93657736
5092.32153059 3928.93657736
5092.32153059 4028.93657736
5092.32153059 4128.93657736
5092.32153059 4228.93657736
5092.32153059 4328.93657736
5092.32153059 4428.93657736
5092.32153059 4528.93657736
5092.32153059 4628.93657736
5092.32153059 4728.93657736
5092.32153059 4828.93657736
5092.32153059 4928.93657736
5092.32153059 5028.93657736
5092.32153059 5128.93657736
5092.32153059 5228.93657736
5092.32153059 5328.93657736
5092.32153059 5428.93657736
5092.32153059 5528.93657736
5192.32153059 1328.93657736
5192.32153059 1428.93657736
5192.32153059 1528.93657736
5192.32153059 1628.93657736
5192.32153059 1728.93657736
5192.32153059 1828.93657736
5192.32153059 1928.93657736
5192.32153059 2028.93657736
5192.32153059 2128.93657736
5192.32153059 2228.93657736
5192.32153059 2328.93657736
5192.32153059 2428.93657736
5192.32153059 2528.93657736
5192.32153059 2628.93657736
5192.32153059 2728.93657736
5192.32153059 2828.93657736
5192.32153059 2928.93657736
5192.32153059 3028.93657736
5192.32153059 3128.93657736
5192.32153059 3228.93657736
5192.32153059 3328.93657736
5192.32153059 3428.93657736
5192.32153059 3528.93657736
5192.32153059 3628.93657736
5192.32153059 3728.93657736
5192.32153059 3828.93657736
5192.32153059 3928.93657736
5192.32153059 4028.93657736
5192.32153059 4128.93657736
5192.32153059 4228.93657736
5192.32153059 4328.93657736
5192.32153059 4428.93657736
5192.32153059 4528.93657736
5192.32153059 4628.93657736
5192.32153059 4728.93657736
5192.32153059 4828.93657736
5192.32153059 4928.93657736
5192.32153059 5028.93657736
5192.32153059 5128.93657736
5192.32153059 5228.93657736
5192.32153059 5328.93657736
5192.32153059 5428.93657736
5192.32153059 5528.93657736
5292.32153059 1328.93657736
5292.32153059 1428.93657736
5292.32153059 1528.93657736
5292.32153059 1628.93657736
5292.32153059 1728.93657736
5292.32153059 1828.93657736
5292.32153059 1928.93657736
5292.32153059 2028.93657736
5292.32153059 2128.93657736
5292.32153059 2228.93657736
5292.32153059 2328.93657736
5292.32153059 2428.93657736
5292.32153059 2528.93657736
5292.32153059 2628.93657736
5292.32153059 2728.93657736
5292.32153059 2828.93657736
5292.32153059 2928.93657736
5292.32153059 3028.93657736
5292.32153059 3128.93657736
5292.32153059 3228.93657736
5292.32153059 3328.93657736
5292.32153059 3428.93657736
5292.32153059 3528.93657736
5292.32153059 3628.93657736
5292.32153059 3728.93657736
5292.32153059 3828.93657736
5292.32153059 3928.93657736
5292.32153059 4028.93657736
5292.32153059 4128.93657736
5292.32153059 4228.93657736
5292.32153059 4328.93657736
5292.32153059 4428.93657736
5292.32153059 4528.93657736
5292.32153059 4628.93657736
5292.32153059 4728.93657736
5292.32153059 4828.93657736
5292.32153059 4928.93657736
5292.32153059 5028.93657736
5292.32153059 5128.93657736
5292.32153059 5228.93657736
5292.32153059 5328.93657736
5292.32153059 5428.93657736
5292.32153059 5528.93657736
5392.32153059 1328.93657736
5392.32153059 1428.93657736
5392.32153059 1528.93657736
5392.32153059 1628.93657736
5392.32153059 1728.93657736
5392.32153059 1828.93657736
5392.32153059 1928.93657736
5392.32153059 2028.93657736
5392.32153059 2128.93657736
5392.32153059 2228.93657736
5392.32153059 2328.93657736
5392.32153059 2428.93657736
5392.32153059 2528.93657736
5392.32153059 2628.93657736
5392.32153059 2728.93657736
5392.32153059 2828.93657736
5392.32153059 2928.93657736
5392.32153059 3028.93657736
5392.32153059 3128.93657736
5392.32153059 3228.93657736
5392.32153059 3328.93657736
5392.32153059 3428.93657736
5392.32153059 3528.93657736
5392.32153059 3628.93657736
5392.32153059 3728.93657736
5392.32153059 3828.93657736
5392.32153059 3928.93657736
5392.32153059 4028.93657736
5392.32153059 4128.93657736
5392.32153059 4228.93657736
5392.32153059 4328.93657736
5392.32153059 4428.93657736
5392.32153059 4528.93657736
5392.32153059 4628.93657736
5392.32153059 4728.93657736
5392.32153059 4828.93657736
5392.32153059 4928.93657736
5392.32153059 5028.93657736
5392.32153059 5128.93657736
5392.32153059 5228.93657736
5392.32153059 5328.93657736
5392.32153059 5428.93657736
5392.32153059 5528.93657736
5492.32153059 1328.93657736
5492.32153059 1428.93657736
5492.32153059 1528.93657736
5492.32153059 1628.93657736
5492.32153059 1728.93657736
5492.32153059 1828.93657736
5492.32153059 1928.93657736
5492.32153059 2028.93657736
5492.32153059 2128.93657736
5492.32153059 2228.93657736
5492.32153059 2328.93657736
5492.32153059 2428.93657736
5492.32153059 2528.93657736
5492.32153059 2628.93657736
5492.32153059 2728.93657736
5492.32153059 2828.93657736
5492.32153059 2928.93657736
5492.32153059 3028.93657736
5492.32153059 3128.93657736
5492.32153059 3228.93657736
5492.32153059 3328.93657736
5492.32153059 3428.93657736
5492.32153059 3528.93657736
5492.32153059 3628.93657736
5492.32153059 3728.93657736
5492.32153059 3828.93657736
5492.32153059 3928.93657736
5492.32153059 4028.93657736
5492.32153059 4128.93657736
5492.32153059 4228.93657736
5492.32153059 4328.93657736
5492.32153059 4428.93657736
5492.32153059 4528.93657736
5492.32153059 4628.93657736
5492.32153059 4728.93657736
5492.32153059 4828.93657736
5492.32153059 4928.93657736
5492.32153059 5028.93657736
5492.32153059 5128.93657736
5492.32153059 5228.93657736
5492.32153059 5328.93657736
5492.32153059 5428.93657736
5492.32153059 5528.93657736
5592.32153059 1328.93657736
5592.32153059 1428.93657736
5592.32153059 1528.93657736
5592.32153059 1628.93657736
5592.32153059 1728.93657736
5592.32153059 1828.93657736
5592.32153059 1928.93657736
5592.32153059 2028.93657736
5592.32153059 2128.93657736
5592.32153059 2228.93657736
5592.32153059 2328.93657736
5592.32153059 2428.93657736
5592.32153059 2528.93657736
5592.32153059 2628.93657736
5592.32153059 2728.93657736
5592.32153059 2828.93657736
5592.32153059 2928.93657736
5592.32153059 3028.93657736
5592.32153059 3128.93657736
5592.32153059 3228.93657736
5592.32153059 3328.93657736
5592.32153059 3428.93657736
5592.32153059 3528.93657736
5592.32153059 3628.93657736
5592.32153059 3728.93657736
5592.32153059 3828.93657736
5592.32153059 3928.93657736
5592.32153059 4028.93657736
5592.32153059 4128.93657736
5592.32153059 4228.93657736
5592.32153059 4328.93657736
5592.32153059 4428.93657736
5592.32153059 4528.93657736
5592.32153059 4628.93657736
5592.32153059 4728.93657736
5592.32153059 4828.93657736
5592.32153059 4928.93657736
5592.32153059 5028.93657736
5592.32153059 5128.93657736
5592.32153059 5228.93657736
5592.32153059 5328.93657736
5592.32153059 5428.93657736
5592.32153059 5528.93657736
5692.32153059 1328.93657736
5692.32153059 1428.93657736
5692.32153059 1528.93657736
5692.32153059 1628.93657736
5692.32153059 1728.93657736
5692.32153059 1828.93657736
5692.32153059 1928.93657736
5692.32153059 2028.93657736
5692.32153059 2128.93657736
5692.32153059 2228.93657736
5692.32153059 2328.93657736
5692.32153059 2428.93657736
5692.32153059 2528.93657736
5692.32153059 2628.93657736
5692.32153059 2728.93657736
5692.32153059 2828.93657736
5692.32153059 2928.93657736
5692.32153059 3028.93657736
5692.32153059 3128.93657736
5692.32153059 3228.93657736
5692.32153059 3328.93657736
5692.32153059 3428.93657736
5692.32153059 3528.93657736
5692.32153059 3628.93657736
5692.32153059 3728.93657736
5692.32153059 3828.93657736
5692.32153059 3928.93657736
5692.32153059 4028.93657736
5692.32153059 4128.93657736
5692.32153059 4228.93657736
5692.32153059 4328.93657736
5692.32153059 4428.93657736
5692.32153059 4528.93657736
5692.32153059 4628.93657736
5692.32153059 4728.93657736
5692.32153059 4828.93657736
5692.32153059 4928.93657736
5692.32153059 5028.93657736
5692.32153059 5128.93657736
5692.32153059 5228.93657736
5692.32153059 5328.93657736
5692.32153059 5428.93657736
5692.32153059 5528.93657736
5792.32153059 1328.93657736
5792.32153059 1428.93657736
5792.32153059 1528.93657736
5792.32153059 1628.93657736
5792.32153059 1728.93657736
5792.32153059 1828.93657736
5792.32153059 1928.93657736
5792.32153059 2028.93657736
5792.32153059 2128.93657736
5792.32153059 2228.93657736
5792.32153059 2328.93657736
5792.32153059 2428.93657736
5792.32153059 2528.93657736
5792.32153059 2628.93657736
5792.32153059 2728.93657736
5792.32153059 2828.93657736
5792.32153059 2928.93657736
5792.32153059 3028.93657736
5792.32153059 3128.93657736
5792.32153059 3228.93657736
5792.32153059 3328.93657736
5792.32153059 3428.93657736
5792.32153059 3528.93657736
5792.32153059 3628.93657736
5792.32153059 3728.93657736
5792.32153059 3828.93657736
5792.32153059 3928.93657736
5792.32153059 4028.93657736
5792.32153059 4128.93657736
5792.32153059 4228.93657736
5792.32153059 4328.93657736
5792.32153059 4428.93657736
5792.32153059 4528.93657736
5792.32153059 4628.93657736
5792.32153059 4728.93657736
5792.32153059 4828.93657736
5792.32153059 4928.93657736
5792.32153059 5028.93657736
5792.32153059 5128.93657736
5792.32153059 5228.93657736
5792.32153059 5328.93657736
5792.32153059 5428.93657736
5792.32153059 5528.93657736
5892.32153059 1328.93657736
5892.32153059 1428.93657736
5892.32153059 1528.93657736
5892.32153059 1628.93657736
5892.32153059 1728.93657736
5892.32153059 1828.93657736
5892.32153059 1928.93657736
5892.32153059 2028.93657736
5892.32153059 2128.93657736
5892.32153059 2228.93657736
5892.32153059 2328.93657736
5892.32153059 2428.93657736
5892.32153059 2528.93657736
5892.32153059 2628.93657736
5892.32153059 2728.93657736
5892.32153059 2828.93657736
5892.32153059 2928.93657736
5892.32153059 3028.93657736
5892.32153059 3128.93657736
5892.32153059 3228.93657736
5892.32153059 3328.93657736
5892.32153059 3428.93657736
5892.32153059 3528.93657736
5892.32153059 3628.93657736
5892.32153059 3728.93657736
5892.32153059 3828.93657736
5892.32153059 3928.93657736
5892.32153059 4028.93657736
5892.32153059 4128.93657736
5892.32153059 4228.93657736
5892.32153059 4328.93657736
5892.32153059 4428.93657736
5892.32153059 4528.93657736
5892.32153059 4628.93657736
5892.32153059 4728.93657736
5892.32153059 4828.93657736
5892.32153059 4928.93657736
5892.32153059 5028.93657736
5892.32153059 5128.93657736
5892.32153059 5228.93657736
5892.32153059 5328.93657736
5892.32153059 5428.93657736
5892.32153059 5528.93657736
5992.32153059 1328.93657736
5992.32153059 1428.93657736
5992.32153059 1528.93657736
5992.32153059 1628.93657736
5992.32153059 1728.93657736
5992.32153059 1828.93657736
5992.32153059 1928.93657736
5992.32153059 2028.93657736
5992.32153059 2128.93657736
5992.32153059 2228.93657736
5992.32153059 2328.93657736
5992.32153059 2428.93657736
5992.32153059 2528.93657736
5992.32153059 2628.93657736
5992.32153059 2728.93657736
5992.32153059 2828.93657736
5992.32153059 2928.93657736
5992.32153059 3028.93657736
5992.32153059 3128.93657736
5992.32153059 3228.93657736
5992.32153059 3328.93657736
5992.32153059 3428.93657736
5992.32153059 3528.93657736
5992.32153059 3628.93657736
5992.32153059 3728.93657736
5992.32153059 3828.93657736
5992.32153059 3928.93657736
5992.32153059 4028.93657736
5992.32153059 4128.93657736
5992.32153059 4228.93657736
5992.32153059 4328.93657736
5992.32153059 4428.93657736
5992.32153059 4528.93657736
5992.32153059 4628.93657736
5992.32153059 4728.93657736
5992.32153059 4828.93657736
5992.32153059 4928.93657736
5992.32153059 5028.93657736
5992.32153059 5128.93657736
5992.32153059 5228.93657736
5992.32153059 5328.93657736
5992.32153059 5428.93657736
5992.32153059 5528.93657736
6092.32153059 1328.93657736
6092.32153059 1428.93657736
6092.32153059 1528.93657736
6092.32153059 1628.93657736
6092.32153059 1728.93657736
6092.32153059 1828.93657736
6092.32153059 1928.93657736
6092.32153059 2028.93657736
6092.32153059 2128.93657736
6092.32153059 2228.93657736
6092.32153059 2328.93657736
6092.32153059 2428.93657736
6092.32153059 2528.93657736
6092.32153059 2628.93657736
6092.32153059 2728.93657736
6092.32153059 2828.93657736
6092.32153059 2928.93657736
6092.32153059 3028.93657736
6092.32153059 3128.93657736
6092.32153059 3228.93657736
6092.32153059 3328.93657736
6092.32153059 3428.93657736
6092.32153059 3528.93657736
6092.32153059 3628.93657736
6092.32153059 3728.93657736
6092.32153059 3828.93657736
6092.32153059 3928.93657736
6092.32153059 4028.93657736
6092.32153059 4128.93657736
6092.32153059 4228.93657736
6092.32153059 4328.93657736
6092.32153059 4428.93657736
6092.32153059 4528.93657736
6092.32153059 4628.93657736
6092.32153059 4728.93657736
6092.32153059 4828.93657736
6092.32153059 4928.93657736
6092.32153059 5028.93657736
6092.32153059 5128.93657736
6092.32153059 5228.93657736
6092.32153059 5328.93657736
6092.32153059 5428.93657736
6092.32153059 5528.93657736
6192.32153059 1328.93657736
6192.32153059 1428.93657736
6192.32153059 1528.93657736
6192.32153059 1628.93657736
6192.32153059 1728.93657736
6192.32153059 1828.93657736
6192.32153059 1928.93657736
6192.32153059 2028.93657736
6192.32153059 2128.93657736
6192.32153059 2228.93657736
6192.32153059 2328.93657736
6192.32153059 2428.93657736
6192.32153059 2528.93657736
6192.32153059 2628.93657736
6192.32153059 2728.93657736
6192.32153059 2828.93657736
6192.32153059 2928.93657736
6192.32153059 3028.93657736
6192.32153059 3128.93657736
6192.32153059 3228.93657736
6192.32153059 3328.93657736
6192.32153059 3428.93657736
6192.32153059 3528.93657736
6192.32153059 3628.93657736
6192.32153059 3728.93657736
6192.32153059 3828.93657736
6192.32153059 3928.93657736
6192.32153059 4028.93657736
6192.32153059 4128.93657736
6192.32153059 4228.93657736
6192.32153059 4328.93657736
6192.32153059 4428.93657736
6192.32153059 4528.93657736
6192.32153059 4628.93657736
6192.32153059 4728.93657736
6192.32153059 4828.93657736
6192.32153059 4928.93657736
6192.32153059 5028.93657736
6192.32153059 5128.93657736
6192.32153059 5228.93657736
6192.32153059 5328.93657736
6192.32153059 5428.93657736
6192.32153059 5528.93657736
6292.32153059 1328.93657736
6292.32153059 1428.93657736
6292.32153059 1528.93657736
6292.32153059 1628.93657736
6292.32153059 1728.93657736
6292.32153059 1828.93657736
6292.32153059 1928.93657736
6292.32153059 2028.93657736
6292.32153059 2128.93657736
6292.32153059 2228.93657736
6292.32153059 2328.93657736
6292.32153059 2428.93657736
6292.32153059 2528.93657736
6292.32153059 2628.93657736
6292.32153059 2728.93657736
6292.32153059 2828.93657736
6292.32153059 2928.93657736
6292.32153059 3028.93657736
6292.32153059 3128.93657736
6292.32153059 3228.93657736
6292.32153059 3328.93657736
6292.32153059 3428.93657736
6292.32153059 3528.93657736
6292.32153059 3628.93657736
6292.32153059 3728.93657736
6292.32153059 3828.93657736
6292.32153059 3928.93657736
6292.32153059 4028.93657736
6292.32153059 4128.93657736
6292.32153059 4228.93657736
6292.32153059 4328.93657736
6292.32153059 4428.93657736
6292.32153059 4528.93657736
6292.32153059 4628.93657736
6292.32153059 4728.93657736
6292.32153059 4828.93657736
6292.32153059 4928.93657736
6292.32153059 5028.93657736
6292.32153059 5128.93657736
6292.32153059 5228.93657736
6292.32153059 5328.93657736
6292.32153059 5428.93657736
6292.32153059 5528.93657736
6392.32153059 1328.93657736
6392.32153059 1428.93657736
6392.32153059 1528.93657736
6392.32153059 1628.93657736
6392.32153059 1728.93657736
6392.32153059 1828.93657736
6392.32153059 1928.93657736
6392.32153059 2028.93657736
6392.32153059 2128.93657736
6392.32153059 2228.93657736
6392.32153059 2328.93657736
6392.32153059 2428.93657736
6392.32153059 2528.93657736
6392.32153059 2628.93657736
6392.32153059 2728.93657736
6392.32153059 2828.93657736
6392.32153059 2928.93657736
6392.32153059 3028.93657736
6392.32153059 3128.93657736
6392.32153059 3228.93657736
6392.32153059 3328.93657736
6392.32153059 3428.93657736
6392.32153059 3528.93657736
6392.32153059 3628.93657736
6392.32153059 3728.93657736
6392.32153059 3828.93657736
6392.32153059 3928.93657736
6392.32153059 4028.93657736
6392.32153059 4128.93657736
6392.32153059 4228.93657736
6392.32153059 4328.93657736
6392.32153059 4428.93657736
6392.32153059 4528.93657736
6392.32153059 4628.93657736
6392.32153059 4728.93657736
6392.32153059 4828.93657736
6392.32153059 4928.93657736
6392.32153059 5028.93657736
6392.32153059 5128.93657736
6392.32153059 5228.93657736
6392.32153059 5328.93657736
6392.32153059 5428.93657736
6392.32153059 5528.93657736
6492.32153059 1328.93657736
6492.32153059 1428.93657736
6492.32153059 1528.93657736
6492.32153059 1628.93657736
6492.32153059 1728.93657736
6492.32153059 1828.93657736
6492.32153059 1928.93657736
6492.32153059 2028.93657736
6492.32153059 2128.93657736
6492.32153059 2228.93657736
6492.32153059 2328.93657736
6492.32153059 2428.93657736
6492.32153059 2528.93657736
6492.32153059 2628.93657736
6492.32153059 2728.93657736
6492.32153059 2828.93657736
6492.32153059 2928.93657736
6492.32153059 3028.93657736
6492.32153059 3128.93657736
6492.32153059 3228.93657736
6492.32153059 3328.93657736
6492.32153059 3428.93657736
6492.32153059 3528.93657736
6492.32153059 3628.93657736
6492.32153059 3728.93657736
6492.32153059 3828.93657736
6492.32153059 3928.93657736
6492.32153059 4028.93657736
6492.32153059 4128.93657736
6492.32153059 4228.93657736
6492.32153059 4328.93657736
6492.32153059 4428.93657736
6492.32153059 4528.93657736
6492.32153059 4628.93657736
6492.32153059 4728.93657736
6492.32153059 4828.93657736
6492.32153059 4928.93657736
6492.32153059 5028.93657736
6492.32153059 5128.93657736
6492.32153059 5228.93657736
6492.32153059 5328.93657736
6492.32153059 5428.93657736
6492.32153059 5528.93657736
6592.32153059 1328.93657736
6592.32153059 1428.93657736
6592.32153059 1528.93657736
6592.32153059 1628.93657736
6592.32153059 1728.93657736
6592.32153059 1828.93657736
6592.32153059 1928.93657736
6592.32153059 2028.93657736
6592.32153059 2128.93657736
6592.32153059 2228.93657736
6592.32153059 2328.93657736
6592.32153059 2428.93657736
6592.32153059 2528.93657736
6592.32153059 2628.93657736
6592.32153059 2728.93657736
6592.32153059 2828.93657736
6592.32153059 2928.93657736
6592.32153059 3028.93657736
6592.32153059 3128.93657736
6592.32153059 3228.93657736
6592.32153059 3328.93657736
6592.32153059 3428.93657736
6592.32153059 3528.93657736
6592.32153059 3628.93657736
6592.32153059 3728.93657736
6592.32153059 3828.93657736
6592.32153059 3928.93657736
6592.32153059 4028.93657736
6592.32153059 4128.93657736
6592.32153059 4228.93657736
6592.32153059 4328.93657736
6592.32153059 4428.93657736
6592.32153059 4528.93657736
6592.32153059 4628.93657736
6592.32153059 4728.93657736
6592.32153059 4828.93657736
6592.32153059 4928.93657736
6592.32153059 5028.93657736
6592.32153059 5128.93657736
6592.32153059 5228.93657736
6592.32153059 5328.93657736
6592.32153059 5428.93657736
6592.32153059 5528.93657736
6692.32153059 1328.93657736
6692.32153059 1428.93657736
6692.32153059 1528.93657736
6692.32153059 1628.93657736
6692.32153059 1728.93657736
6692.32153059 1828.93657736
6692.32153059 1928.93657736
6692.32153059 2028.93657736
6692.32153059 2128.93657736
6692.32153059 2228.93657736
6692.32153059 2328.93657736
6692.32153059 2428.93657736
6692.32153059 2528.93657736
6692.32153059 2628.93657736
6692.32153059 2728.93657736
6692.32153059 2828.93657736
6692.32153059 2928.93657736
6692.32153059 3028.93657736
6692.32153059 3128.93657736
6692.32153059 3228.93657736
6692.32153059 3328.93657736
6692.32153059 3428.93657736
6692.32153059 3528.93657736
6692.32153059 3628.93657736
6692.32153059 3728.93657736
6692.32153059 3828.93657736
6692.32153059 3928.93657736
6692.32153059 4028.93657736
6692.32153059 4128.93657736
6692.32153059 4228.93657736
6692.32153059 4328.93657736
6692.32153059 4428.93657736
6692.32153059 4528.93657736
6692.32153059 4628.93657736
6692.32153059 4728.93657736
6692.32153059 4828.93657736
6692.32153059 4928.93657736
6692.32153059 5028.93657736
6692.32153059 5128.93657736
6692.32153059 5228.93657736
6692.32153059 5328.93657736
6692.32153059 5428.93657736
6692.32153059 5528.93657736
6792.32153059 1328.93657736
6792.32153059 1428.93657736
6792.32153059 1528.93657736
6792.32153059 1628.93657736
6792.32153059 1728.93657736
6792.32153059 1828.93657736
6792.32153059 1928.93657736
6792.32153059 2028.93657736
6792.32153059 2128.93657736
6792.32153059 2228.93657736
6792.32153059 2328.93657736
6792.32153059 2428.93657736
6792.32153059 2528.93657736
6792.32153059 2628.93657736
6792.32153059 2728.93657736
6792.32153059 2828.93657736
6792.32153059 2928.93657736
6792.32153059 3028.93657736
6792.32153059 3128.93657736
6792.32153059 3228.93657736
6792.32153059 3328.93657736
6792.32153059 3428.93657736
6792.32153059 3528.93657736
6792.32153059 3628.93657736
6792.32153059 3728.93657736
6792.32153059 3828.93657736
6792.32153059 3928.93657736
6792.32153059 4028.93657736
6792.32153059 4128.93657736
6792.32153059 4228.93657736
6792.32153059 4328.93657736
6792.32153059 4428.93657736
6792.32153059 4528.93657736
6792.32153059 4628.93657736
6792.32153059 4728.93657736
6792.32153059 4828.93657736
6792.32153059 4928.93657736
6792.32153059 5028.93657736
6792.32153059 5128.93657736
6792.32153059 5228.93657736
6792.32153059 5328.93657736
6792.32153059 5428.93657736
6792.32153059 5528.93657736
6892.32153059 1328.93657736
6892.32153059 1428.93657736
6892.32153059 1528.93657736
6892.32153059 1628.93657736
6892.32153059 1728.93657736
6892.32153059 1828.93657736
6892.32153059 1928.93657736
6892.32153059 2028.93657736
6892.32153059 2128.93657736
6892.32153059 2228.93657736
6892.32153059 2328.93657736
6892.32153059 2428.93657736
6892.32153059 2528.93657736
6892.32153059 2628.93657736
6892.32153059 2728.93657736
6892.32153059 2828.93657736
6892.32153059 2928.93657736
6892.32153059 3028.93657736
6892.32153059 3128.93657736
6892.32153059 3228.93657736
6892.32153059 3328.93657736
6892.32153059 3428.93657736
6892.32153059 3528.93657736
6892.32153059 3628.93657736
6892.32153059 3728.93657736
6892.32153059 3828.93657736
6892.32153059 3928.93657736
6892.32153059 4028.93657736
6892.32153059 4128.93657736
6892.32153059 4228.93657736
6892.32153059 4328.93657736
6892.32153059 4428.93657736
6892.32153059 4528.93657736
6892.32153059 4628.93657736
6892.32153059 4728.93657736
6892.32153059 4828.93657736
6892.32153059 4928.93657736
6892.32153059 5028.93657736
6892.32153059 5128.93657736
6892.32153059 5228.93657736
6892.32153059 5328.93657736
6892.32153059 5428.93657736
6892.32153059 5528.93657736
6992.32153059 1328.93657736
6992.32153059 1428.93657736
6992.32153059 1528.93657736
6992.32153059 1628.93657736
6992.32153059 1728.93657736
6992.32153059 1828.93657736
6992.32153059 1928.93657736
6992.32153059 2028.93657736
6992.32153059 2128.93657736
6992.32153059 2228.93657736
6992.32153059 2328.93657736
6992.32153059 2428.93657736
6992.32153059 2528.93657736
6992.32153059 2628.93657736
6992.32153059 2728.93657736
6992.32153059 2828.93657736
6992.32153059 2928.93657736
6992.32153059 3028.93657736
6992.32153059 3128.93657736
6992.32153059 3228.93657736
6992.32153059 3328.93657736
6992.32153059 3428.93657736
6992.32153059 3528.93657736
6992.32153059 3628.93657736
6992.32153059 3728.93657736
6992.32153059 3828.93657736
6992.32153059 3928.93657736
6992.32153059 4028.93657736
6992.32153059 4128.93657736
6992.32153059 4228.93657736
6992.32153059 4328.93657736
6992.32153059 4428.93657736
6992.32153059 4528.93657736
6992.32153059 4628.93657736
6992.32153059 4728.93657736
6992.32153059 4828.93657736
6992.32153059 4928.93657736
6992.32153059 5028.93657736
6992.32153059 5128.93657736
6992.32153059 5228.93657736
6992.32153059 5328.93657736
6992.32153059 5428.93657736
6992.32153059 5528.93657736
7092.32153059 1328.93657736
7092.32153059 1428.93657736
7092.32153059 1528.93657736
7092.32153059 1628.93657736
7092.32153059 1728.93657736
7092.32153059 1828.93657736
7092.32153059 1928.93657736
7092.32153059 2028.93657736
7092.32153059 2128.93657736
7092.32153059 2228.93657736
7092.32153059 2328.93657736
7092.32153059 2428.93657736
7092.32153059 2528.93657736
7092.32153059 2628.93657736
7092.32153059 2728.93657736
7092.32153059 2828.93657736
7092.32153059 2928.93657736
7092.32153059 3028.93657736
7092.32153059 3128.93657736
7092.32153059 3228.93657736
7092.32153059 3328.93657736
7092.32153059 3428.93657736
7092.32153059 3528.93657736
7092.32153059 3628.93657736
7092.32153059 3728.93657736
7092.32153059 3828.93657736
7092.32153059 3928.93657736
7092.32153059 4028.93657736
7092.32153059 4128.93657736
7092.32153059 4228.93657736
7092.32153059 4328.93657736
7092.32153059 4428.93657736
7092.32153059 4528.93657736
7092.32153059 4628.93657736
7092.32153059 4728.93657736
7092.32153059 4828.93657736
7092.32153059 4928.93657736
7092.32153059 5028.93657736
7092.32153059 5128.93657736
7092.32153059 5228.93657736
7092.32153059 5328.93657736
7092.32153059 5428.93657736
7092.32153059 5528.93657736
7192.32153059 1328.93657736
7192.32153059 1428.93657736
7192.32153059 1528.93657736
7192.32153059 1628.93657736
7192.32153059 1728.93657736
7192.32153059 1828.93657736
7192.32153059 1928.93657736
7192.32153059 2028.93657736
7192.32153059 2128.93657736
7192.32153059 2228.93657736
7192.32153059 2328.93657736
7192.32153059 2428.93657736
7192.32153059 2528.93657736
7192.32153059 2628.93657736
7192.32153059 2728.93657736
7192.32153059 2828.93657736
7192.32153059 2928.93657736
7192.32153059 3028.93657736
7192.32153059 3128.93657736
7192.32153059 3228.93657736
7192.32153059 3328.93657736
7192.32153059 3428.93657736
7192.32153059 3528.93657736
7192.32153059 3628.93657736
7192.32153059 3728.93657736
7192.32153059 3828.93657736
7192.32153059 3928.93657736
7192.32153059 4028.93657736
7192.32153059 4128.93657736
7192.32153059 4228.93657736
7192.32153059 4328.93657736
7192.32153059 4428.93657736
7192.32153059 4528.93657736
7192.32153059 4628.93657736
7192.32153059 4728.93657736
7192.32153059 4828.93657736
7192.32153059 4928.93657736
7192.32153059 5028.93657736
7192.32153059 5128.93657736
7192.32153059 5228.93657736
7192.32153059 5328.93657736
7192.32153059 5428.93657736
7192.32153059 5528.93657736
7292.32153059 1328.93657736
7292.32153059 1428.93657736
7292.32153059 1528.93657736
7292.32153059 1628.93657736
7292.32153059 1728.93657736
7292.32153059 1828.93657736
7292.32153059 1928.93657736
7292.32153059 2028.93657736
7292.32153059 2128.93657736
7292.32153059 2228.93657736
7292.32153059 2328.93657736
7292.32153059 2428.93657736
7292.32153059 2528.93657736
7292.32153059 2628.93657736
7292.32153059 2728.93657736
7292.32153059 2828.93657736
7292.32153059 2928.93657736
7292.32153059 3028.93657736
7292.32153059 3128.93657736
7292.32153059 3228.93657736
7292.32153059 3328.93657736
7292.32153059 3428.93657736
7292.32153059 3528.93657736
7292.32153059 3628.93657736
7292.32153059 3728.93657736
7292.32153059 3828.93657736
7292.32153059 3928.93657736
7292.32153059 4028.93657736
7292.32153059 4128.93657736
7292.32153059 4228.93657736
7292.32153059 4328.93657736
7292.32153059 4428.93657736
7292.32153059 4528.93657736
7292.32153059 4628.93657736
7292.32153059 4728.93657736
7292.32153059 4828.93657736
7292.32153059 4928.93657736
7292.32153059 5028.93657736
7292.32153059 5128.93657736
7292.32153059 5228.93657736
7292.32153059 5328.93657736
7292.32153059 5428.93657736
7292.32153059 5528.93657736
7392.32153059 1328.93657736
7392.32153059 1428.93657736
7392.32153059 1528.93657736
7392.32153059 1628.93657736
7392.32153059 1728.93657736
7392.32153059 1828.93657736
7392.32153059 1928.93657736
7392.32153059 2028.93657736
7392.32153059 2128.93657736
7392.32153059 2228.93657736
7392.32153059 2328.93657736
7392.32153059 2428.93657736
7392.32153059 2528.93657736
7392.32153059 2628.93657736
7392.32153059 2728.93657736
7392.32153059 2828.93657736
7392.32153059 2928.93657736
7392.32153059 3028.93657736
7392.32153059 3128.93657736
7392.32153059 3228.93657736
7392.32153059 3328.93657736
7392.32153059 3428.93657736
7392.32153059 3528.93657736
7392.32153059 3628.93657736
7392.32153059 3728.93657736
7392.32153059 3828.93657736
7392.32153059 3928.93657736
7392.32153059 4028.93657736
7392.32153059 4128.93657736
7392.32153059 4228.93657736
7392.32153059 4328.93657736
7392.32153059 4428.93657736
7392.32153059 4528.93657736
7392.32153059 4628.93657736
7392.32153059 4728.93657736
7392.32153059 4828.93657736
7392.32153059 4928.93657736
7392.32153059 5028.93657736
7392.32153059 5128.93657736
7392.32153059 5228.93657736
7392.32153059 5328.93657736
7392.32153059 5428.93657736
7392.32153059 5528.93657736
7492.32153059 1328.93657736
7492.32153059 1428.93657736
7492.32153059 1528.93657736
7492.32153059 1628.93657736
7492.32153059 1728.93657736
7492.32153059 1828.93657736
7492.32153059 1928.93657736
7492.32153059 2028.93657736
7492.32153059 2128.93657736
7492.32153059 2228.93657736
7492.32153059 2328.93657736
7492.32153059 2428.93657736
7492.32153059 2528.93657736
7492.32153059 2628.93657736
7492.32153059 2728.93657736
7492.32153059 2828.93657736
7492.32153059 2928.93657736
7492.32153059 3028.93657736
7492.32153059 3128.93657736
7492.32153059 3228.93657736
7492.32153059 3328.93657736
7492.32153059 3428.93657736
7492.32153059 3528.93657736
7492.32153059 3628.93657736
7492.32153059 3728.93657736
7492.32153059 3828.93657736
7492.32153059 3928.93657736
7492.32153059 4028.93657736
7492.32153059 4128.93657736
7492.32153059 4228.93657736
7492.32153059 4328.93657736
7492.32153059 4428.93657736
7492.32153059 4528.93657736
7492.32153059 4628.93657736
7492.32153059 4728.93657736
7492.32153059 4828.93657736
7492.32153059 4928.93657736
7492.32153059 5028.93657736
7492.32153059 5128.93657736
7492.32153059 5228.93657736
7492.32153059 5328.93657736
7492.32153059 5428.93657736
7492.32153059 5528.93657736
7592.32153059 1328.93657736
7592.32153059 1428.93657736
7592.32153059 1528.93657736
7592.32153059 1628.93657736
7592.32153059 1728.93657736
7592.32153059 1828.93657736
7592.32153059 1928.93657736
7592.32153059 2028.93657736
7592.32153059 2128.93657736
7592.32153059 2228.93657736
7592.32153059 2328.93657736
7592.32153059 2428.93657736
7592.32153059 2528.93657736
7592.32153059 2628.93657736
7592.32153059 2728.93657736
7592.32153059 2828.93657736
7592.32153059 2928.93657736
7592.32153059 3028.93657736
7592.32153059 3128.93657736
7592.32153059 3228.93657736
7592.32153059 3328.93657736
7592.32153059 3428.93657736
7592.32153059 3528.93657736
7592.32153059 3628.93657736
7592.32153059 3728.93657736
7592.32153059 3828.93657736
7592.32153059 3928.93657736
7592.32153059 4028.93657736
7592.32153059 4128.93657736
7592.32153059 4228.93657736
7592.32153059 4328.93657736
7592.32153059 4428.93657736
7592.32153059 4528.93657736
7592.32153059 4628.93657736
7592.32153059 4728.93657736
7592.32153059 4828.93657736
7592.32153059 4928.93657736
7592.32153059 5028.93657736
7592.32153059 5128.93657736
7592.32153059 5228.93657736
7592.32153059 5328.93657736
7592.32153059 5428.93657736
7592.32153059 5528.93657736
7692.32153059 1328.93657736
7692.32153059 1428.93657736
7692.32153059 1528.93657736
7692.32153059 1628.93657736
7692.32153059 1728.93657736
7692.32153059 1828.93657736
7692.32153059 1928.93657736
7692.32153059 2028.93657736
7692.32153059 2128.93657736
7692.32153059 2228.93657736
7692.32153059 2328.93657736
7692.32153059 2428.93657736
7692.32153059 2528.93657736
7692.32153059 2628.93657736
7692.32153059 2728.93657736
7692.32153059 2828.93657736
7692.32153059 2928.93657736
7692.32153059 3028.93657736
7692.32153059 3128.93657736
7692.32153059 3228.93657736
7692.32153059 3328.93657736
7692.32153059 3428.93657736
7692.32153059 3528.93657736
7692.32153059 3628.93657736
7692.32153059 3728.93657736
7692.32153059 3828.93657736
7692.32153059 3928.93657736
7692.32153059 4028.93657736
7692.32153059 4128.93657736
7692.32153059 4228.93657736
7692.32153059 4328.93657736
7692.32153059 4428.93657736
7692.32153059 4528.93657736
7692.32153059 4628.93657736
7692.32153059 4728.93657736
7692.32153059 4828.93657736
7692.32153059 4928.93657736
7692.32153059 5028.93657736
7692.32153059 5128.93657736
7692.32153059 5228.93657736
7692.32153059 5328.93657736
7692.32153059 5428.93657736
7692.32153059 5528.93657736
7792.32153059 1328.93657736
7792.32153059 1428.93657736
7792.32153059 1528.93657736
7792.32153059 1628.93657736
7792.32153059 1728.93657736
7792.32153059 1828.93657736
7792.32153059 1928.93657736
7792.32153059 2028.93657736
7792.32153059 2128.93657736
7792.32153059 2228.93657736
7792.32153059 2328.93657736
7792.32153059 2428.93657736
7792.32153059 2528.93657736
7792.32153059 2628.93657736
7792.32153059 2728.93657736
7792.32153059 2828.93657736
7792.32153059 2928.93657736
7792.32153059 3028.93657736
7792.32153059 3128.93657736
7792.32153059 3228.93657736
7792.32153059 3328.93657736
7792.32153059 3428.93657736
7792.32153059 3528.93657736
7792.32153059 3628.93657736
7792.32153059 3728.93657736
7792.32153059 3828.93657736
7792.32153059 3928.93657736
7792.32153059 4028.93657736
7792.32153059 4128.93657736
7792.32153059 4228.93657736
7792.32153059 4328.93657736
7792.32153059 4428.93657736
7792.32153059 4528.93657736
7792.32153059 4628.93657736
7792.32153059 4728.93657736
7792.32153059 4828.93657736
7792.32153059 4928.93657736
7792.32153059 5028.93657736
7792.32153059 5128.93657736
7792.32153059 5228.93657736
7792.32153059 5328.93657736
7792.32153059 5428.93657736
7792.32153059 5528.93657736
7892.32153059 1328.93657736
7892.32153059 1428.93657736
7892.32153059 1528.93657736
7892.32153059 1628.93657736
7892.32153059 1728.93657736
7892.32153059 1828.93657736
7892.32153059 1928.93657736
7892.32153059 2028.93657736
7892.32153059 2128.93657736
7892.32153059 2228.93657736
7892.32153059 2328.93657736
7892.32153059 2428.93657736
7892.32153059 2528.93657736
7892.32153059 2628.93657736
7892.32153059 2728.93657736
7892.32153059 2828.93657736
7892.32153059 2928.93657736
7892.32153059 3028.93657736
7892.32153059 3128.93657736
7892.32153059 3228.93657736
7892.32153059 3328.93657736
7892.32153059 3428.93657736
7892.32153059 3528.93657736
7892.32153059 3628.93657736
7892.32153059 3728.93657736
7892.32153059 3828.93657736
7892.32153059 3928.93657736
7892.32153059 4028.93657736
7892.32153059 4128.93657736
7892.32153059 4228.93657736
7892.32153059 4328.93657736
7892.32153059 4428.93657736
7892.32153059 4528.93657736
7892.32153059 4628.93657736
7892.32153059 4728.93657736
7892.32153059 4828.93657736
7892.32153059 4928.93657736
7892.32153059 5028.93657736
7892.32153059 5128.93657736
7892.32153059 5228.93657736
7892.32153059 5328.93657736
7892.32153059 5428.93657736
7892.32153059 5528.93657736
7992.32153059 1328.93657736
7992.32153059 1428.93657736
7992.32153059 1528.93657736
7992.32153059 1628.93657736
7992.32153059 1728.93657736
7992.32153059 1828.93657736
7992.32153059 1928.93657736
7992.32153059 2028.93657736
7992.32153059 2128.93657736
7992.32153059 2228.93657736
7992.32153059 2328.93657736
7992.32153059 2428.93657736
7992.32153059 2528.93657736
7992.32153059 2628.93657736
7992.32153059 2728.93657736
7992.32153059 2828.93657736
7992.32153059 2928.93657736
7992.32153059 3028.93657736
7992.32153059 3128.93657736
7992.32153059 3228.93657736
7992.32153059 3328.93657736
7992.32153059 3428.93657736
7992.32153059 3528.93657736
7992.32153059 3628.93657736
7992.32153059 3728.93657736
7992.32153059 3828.93657736
7992.32153059 3928.93657736
7992.32153059 4028.93657736
7992.32153059 4128.93657736
7992.32153059 4228.93657736
7992.32153059 4328.93657736
7992.32153059 4428.93657736
7992.32153059 4528.93657736
7992.32153059 4628.93657736
7992.32153059 4728.93657736
7992.32153059 4828.93657736
7992.32153059 4928.93657736
7992.32153059 5028.93657736
7992.32153059 5128.93657736
7992.32153059 5228.93657736
7992.32153059 5328.93657736
7992.32153059 5428.93657736
7992.32153059 5528.93657736
8092.32153059 1328.93657736
8092.32153059 1428.93657736
8092.32153059 1528.93657736
8092.32153059 1628.93657736
8092.32153059 1728.93657736
8092.32153059 1828.93657736
8092.32153059 1928.93657736
8092.32153059 2028.93657736
8092.32153059 2128.93657736
8092.32153059 2228.93657736
8092.32153059 2328.93657736
8092.32153059 2428.93657736
8092.32153059 2528.93657736
8092.32153059 2628.93657736
8092.32153059 2728.93657736
8092.32153059 2828.93657736
8092.32153059 2928.93657736
8092.32153059 3028.93657736
8092.32153059 3128.93657736
8092.32153059 3228.93657736
8092.32153059 3328.93657736
8092.32153059 3428.93657736
8092.32153059 3528.93657736
8092.32153059 3628.93657736
8092.32153059 3728.93657736
8092.32153059 3828.93657736
8092.32153059 3928.93657736
8092.32153059 4028.93657736
8092.32153059 4128.93657736
8092.32153059 4228.93657736
8092.32153059 4328.93657736
8092.32153059 4428.93657736
8092.32153059 4528.93657736
8092.32153059 4628.93657736
8092.32153059 4728.93657736
8092.32153059 4828.93657736
8092.32153059 4928.93657736
8092.32153059 5028.93657736
8092.32153059 5128.93657736
8092.32153059 5228.93657736
8092.32153059 5328.93657736
8092.32153059 5428.93657736
8092.32153059 5528.93657736
8192.32153059 1328.93657736
8192.32153059 1428.93657736
8192.32153059 1528.93657736
8192.32153059 1628.93657736
8192.32153059 1728.93657736
8192.32153059 1828.93657736
8192.32153059 1928.93657736
8192.32153059 2028.93657736
8192.32153059 2128.93657736
8192.32153059 2228.93657736
8192.32153059 2328.93657736
8192.32153059 2428.93657736
8192.32153059 2528.93657736
8192.32153059 2628.93657736
8192.32153059 2728.93657736
8192.32153059 2828.93657736
8192.32153059 2928.93657736
8192.32153059 3028.93657736
8192.32153059 3128.93657736
8192.32153059 3228.93657736
8192.32153059 3328.93657736
8192.32153059 3428.93657736
8192.32153059 3528.93657736
8192.32153059 3628.93657736
8192.32153059 3728.93657736
8192.32153059 3828.93657736
8192.32153059 3928.93657736
8192.32153059 4028.93657736
8192.32153059 4128.93657736
8192.32153059 4228.93657736
8192.32153059 4328.93657736
8192.32153059 4428.93657736
8192.32153059 4528.93657736
8192.32153059 4628.93657736
8192.32153059 4728.93657736
8192.32153059 4828.93657736
8192.32153059 4928.93657736
8192.32153059 5028.93657736
8192.32153059 5128.93657736
8192.32153059 5228.93657736
8192.32153059 5328.93657736
8192.32153059 5428.93657736
8192.32153059 5528.93657736
8292.32153059 1328.93657736
8292.32153059 1428.93657736
8292.32153059 1528.93657736
8292.32153059 1628.93657736
8292.32153059 1728.93657736
8292.32153059 1828.93657736
8292.32153059 1928.93657736
8292.32153059 2028.93657736
8292.32153059 2128.93657736
8292.32153059 2228.93657736
8292.32153059 2328.93657736
8292.32153059 2428.93657736
8292.32153059 2528.93657736
8292.32153059 2628.93657736
8292.32153059 2728.93657736
8292.32153059 2828.93657736
8292.32153059 2928.93657736
8292.32153059 3028.93657736
8292.32153059 3128.93657736
8292.32153059 3228.93657736
8292.32153059 3328.93657736
8292.32153059 3428.93657736
8292.32153059 3528.93657736
8292.32153059 3628.93657736
8292.32153059 3728.93657736
8292.32153059 3828.93657736
8292.32153059 3928.93657736
8292.32153059 4028.93657736
8292.32153059 4128.93657736
8292.32153059 4228.93657736
8292.32153059 4328.93657736
8292.32153059 4428.93657736
8292.32153059 4528.93657736
8292.32153059 4628.93657736
8292.32153059 4728.93657736
8292.32153059 4828.93657736
8292.32153059 4928.93657736
8292.32153059 5028.93657736
8292.32153059 5128.93657736
8292.32153059 5228.93657736
8292.32153059 5328.93657736
8292.32153059 5428.93657736
8292.32153059 5528.93657736
8392.32153059 1328.93657736
8392.32153059 1428.93657736
8392.32153059 1528.93657736
8392.32153059 1628.93657736
8392.32153059 1728.93657736
8392.32153059 1828.93657736
8392.32153059 1928.93657736
8392.32153059 2028.93657736
8392.32153059 2128.93657736
8392.32153059 2228.93657736
8392.32153059 2328.93657736
8392.32153059 2428.93657736
8392.32153059 2528.93657736
8392.32153059 2628.93657736
8392.32153059 2728.93657736
8392.32153059 2828.93657736
8392.32153059 2928.93657736
8392.32153059 3028.93657736
8392.32153059 3128.93657736
8392.32153059 3228.93657736
8392.32153059 3328.93657736
8392.32153059 3428.93657736
8392.32153059 3528.93657736
8392.32153059 3628.93657736
8392.32153059 3728.93657736
8392.32153059 3828.93657736
8392.32153059 3928.93657736
8392.32153059 4028.93657736
8392.32153059 4128.93657736
8392.32153059 4228.93657736
8392.32153059 4328.93657736
8392.32153059 4428.93657736
8392.32153059 4528.93657736
8392.32153059 4628.93657736
8392.32153059 4728.93657736
8392.32153059 4828.93657736
8392.32153059 4928.93657736
8392.32153059 5028.93657736
8392.32153059 5128.93657736
8392.32153059 5228.93657736
8392.32153059 5328.93657736
8392.32153059 5428.93657736
8392.32153059 5528.93657736
8492.32153059 1328.93657736
8492.32153059 1428.93657736
8492.32153059 1528.93657736
8492.32153059 1628.93657736
8492.32153059 1728.93657736
8492.32153059 1828.93657736
8492.32153059 1928.93657736
8492.32153059 2028.93657736
8492.32153059 2128.93657736
8492.32153059 2228.93657736
8492.32153059 2328.93657736
8492.32153059 2428.93657736
8492.32153059 2528.93657736
8492.32153059 2628.93657736
8492.32153059 2728.93657736
8492.32153059 2828.93657736
8492.32153059 2928.93657736
8492.32153059 3028.93657736
8492.32153059 3128.93657736
8492.32153059 3228.93657736
8492.32153059 3328.93657736
8492.32153059 3428.93657736
8492.32153059 3528.93657736
8492.32153059 3628.93657736
8492.32153059 3728.93657736
8492.32153059 3828.93657736
8492.32153059 3928.93657736
8492.32153059 4028.93657736
8492.32153059 4128.93657736
8492.32153059 4228.93657736
8492.32153059 4328.93657736
8492.32153059 4428.93657736
8492.32153059 4528.93657736
8492.32153059 4628.93657736
8492.32153059 4728.93657736
8492.32153059 4828.93657736
8492.32153059 4928.93657736
8492.32153059 5028.93657736
8492.32153059 5128.93657736
8492.32153059 5228.93657736
8492.32153059 5328.93657736
8492.32153059 5428.93657736
8492.32153059 5528.93657736
8592.32153059 1328.93657736
8592.32153059 1428.93657736
8592.32153059 1528.93657736
8592.32153059 1628.93657736
8592.32153059 1728.93657736
8592.32153059 1828.93657736
8592.32153059 1928.93657736
8592.32153059 2028.93657736
8592.32153059 2128.93657736
8592.32153059 2228.93657736
8592.32153059 2328.93657736
8592.32153059 2428.93657736
8592.32153059 2528.93657736
8592.32153059 2628.93657736
8592.32153059 2728.93657736
8592.32153059 2828.93657736
8592.32153059 2928.93657736
8592.32153059 3028.93657736
8592.32153059 3128.93657736
8592.32153059 3228.93657736
8592.32153059 3328.93657736
8592.32153059 3428.93657736
8592.32153059 3528.93657736
8592.32153059 3628.93657736
8592.32153059 3728.93657736
8592.32153059 3828.93657736
8592.32153059 3928.93657736
8592.32153059 4028.93657736
8592.32153059 4128.93657736
8592.32153059 4228.93657736
8592.32153059 4328.93657736
8592.32153059 4428.93657736
8592.32153059 4528.93657736
8592.32153059 4628.93657736
8592.32153059 4728.93657736
8592.32153059 4828.93657736
8592.32153059 4928.93657736
8592.32153059 5028.93657736
8592.32153059 5128.93657736
8592.32153059 5228.93657736
8592.32153059 5328.93657736
8592.32153059 5428.93657736
8592.32153059 5528.93657736
8692.32153059 1328.93657736
8692.32153059 1428.93657736
8692.32153059 1528.93657736
8692.32153059 1628.93657736
8692.32153059 1728.93657736
8692.32153059 1828.93657736
8692.32153059 1928.93657736
8692.32153059 2028.93657736
8692.32153059 2128.93657736
8692.32153059 2228.93657736
8692.32153059 2328.93657736
8692.32153059 2428.93657736
8692.32153059 2528.93657736
8692.32153059 2628.93657736
8692.32153059 2728.93657736
8692.32153059 2828.93657736
8692.32153059 2928.93657736
8692.32153059 3028.93657736
8692.32153059 3128.93657736
8692.32153059 3228.93657736
8692.32153059 3328.93657736
8692.32153059 3428.93657736
8692.32153059 3528.93657736
8692.32153059 3628.93657736
8692.32153059 3728.93657736
8692.32153059 3828.93657736
8692.32153059 3928.93657736
8692.32153059 4028.93657736
8692.32153059 4128.93657736
8692.32153059 4228.93657736
8692.32153059 4328.93657736
8692.32153059 4428.93657736
8692.32153059 4528.93657736
8692.32153059 4628.93657736
8692.32153059 4728.93657736
8692.32153059 4828.93657736
8692.32153059 4928.93657736
8692.32153059 5028.93657736
8692.32153059 5128.93657736
8692.32153059 5228.93657736
8692.32153059 5328.93657736
8692.32153059 5428.93657736
8692.32153059 5528.93657736
8792.32153059 1328.93657736
8792.32153059 1428.93657736
8792.32153059 1528.93657736
8792.32153059 1628.93657736
8792.32153059 1728.93657736
8792.32153059 1828.93657736
8792.32153059 1928.93657736
8792.32153059 2028.93657736
8792.32153059 2128.93657736
8792.32153059 2228.93657736
8792.32153059 2328.93657736
8792.32153059 2428.93657736
8792.32153059 2528.93657736
8792.32153059 2628.93657736
8792.32153059 2728.93657736
8792.32153059 2828.93657736
8792.32153059 2928.93657736
8792.32153059 3028.93657736
8792.32153059 3128.93657736
8792.32153059 3228.93657736
8792.32153059 3328.93657736
8792.32153059 3428.93657736
8792.32153059 3528.93657736
8792.32153059 3628.93657736
8792.32153059 3728.93657736
8792.32153059 3828.93657736
8792.32153059 3928.93657736
8792.32153059 4028.93657736
8792.32153059 4128.93657736
8792.32153059 4228.93657736
8792.32153059 4328.93657736
8792.32153059 4428.93657736
8792.32153059 4528.93657736
8792.32153059 4628.93657736
8792.32153059 4728.93657736
8792.32153059 4828.93657736
8792.32153059 4928.93657736
8792.32153059 5028.93657736
8792.32153059 5128.93657736
8792.32153059 5228.93657736
8792.32153059 5328.93657736
8792.32153059 5428.93657736
8792.32153059 5528.93657736
8892.32153059 1328.93657736
8892.32153059 1428.93657736
8892.32153059 1528.93657736
8892.32153059 1628.93657736
8892.32153059 1728.93657736
8892.32153059 1828.93657736
8892.32153059 1928.93657736
8892.32153059 2028.93657736
8892.32153059 2128.93657736
8892.32153059 2228.93657736
8892.32153059 2328.93657736
8892.32153059 2428.93657736
8892.32153059 2528.93657736
8892.32153059 2628.93657736
8892.32153059 2728.93657736
8892.32153059 2828.93657736
8892.32153059 2928.93657736
8892.32153059 3028.93657736
8892.32153059 3128.93657736
8892.32153059 3228.93657736
8892.32153059 3328.93657736
8892.32153059 3428.93657736
8892.32153059 3528.93657736
8892.32153059 3628.93657736
8892.32153059 3728.93657736
8892.32153059 3828.93657736
8892.32153059 3928.93657736
8892.32153059 4028.93657736
8892.32153059 4128.93657736
8892.32153059 4228.93657736
8892.32153059 4328.93657736
8892.32153059 4428.93657736
8892.32153059 4528.93657736
8892.32153059 4628.93657736
8892.32153059 4728.93657736
8892.32153059 4828.93657736
8892.32153059 4928.93657736
8892.32153059 5028.93657736
8892.32153059 5128.93657736
8892.32153059 5228.93657736
8892.32153059 5328.93657736
8892.32153059 5428.93657736
8892.32153059 5528.93657736
8992.32153059 1328.93657736
8992.32153059 1428.93657736
8992.32153059 1528.93657736
8992.32153059 1628.93657736
8992.32153059 1728.93657736
8992.32153059 1828.93657736
8992.32153059 1928.93657736
8992.32153059 2028.93657736
8992.32153059 2128.93657736
8992.32153059 2228.93657736
8992.32153059 2328.93657736
8992.32153059 2428.93657736
8992.32153059 2528.93657736
8992.32153059 2628.93657736
8992.32153059 2728.93657736
8992.32153059 2828.93657736
8992.32153059 2928.93657736
8992.32153059 3028.93657736
8992.32153059 3128.93657736
8992.32153059 3228.93657736
8992.32153059 3328.93657736
8992.32153059 3428.93657736
8992.32153059 3528.93657736
8992.32153059 3628.93657736
8992.32153059 3728.93657736
8992.32153059 3828.93657736
8992.32153059 3928.93657736
8992.32153059 4028.93657736
8992.32153059 4128.93657736
8992.32153059 4228.93657736
8992.32153059 4328.93657736
8992.32153059 4428.93657736
8992.32153059 4528.93657736
8992.32153059 4628.93657736
8992.32153059 4728.93657736
8992.32153059 4828.93657736
8992.32153059 4928.93657736
8992.32153059 5028.93657736
8992.32153059 5128.93657736
8992.32153059 5228.93657736
8992.32153059 5328.93657736
8992.32153059 5428.93657736
8992.32153059 5528.93657736
9092.32153059 1328.93657736
9092.32153059 1428.93657736
9092.32153059 1528.93657736
9092.32153059 1628.93657736
9092.32153059 1728.93657736
9092.32153059 1828.93657736
9092.32153059 1928.93657736
9092.32153059 2028.93657736
9092.32153059 2128.93657736
9092.32153059 2228.93657736
9092.32153059 2328.93657736
9092.32153059 2428.93657736
9092.32153059 2528.93657736
9092.32153059 2628.93657736
9092.32153059 2728.93657736
9092.32153059 2828.93657736
9092.32153059 2928.93657736
9092.32153059 3028.93657736
9092.32153059 3128.93657736
9092.32153059 3228.93657736
9092.32153059 3328.93657736
9092.32153059 3428.93657736
9092.32153059 3528.93657736
9092.32153059 3628.93657736
9092.32153059 3728.93657736
9092.32153059 3828.93657736
9092.32153059 3928.93657736
9092.32153059 4028.93657736
9092.32153059 4128.93657736
9092.32153059 4228.93657736
9092.32153059 4328.93657736
9092.32153059 4428.93657736
9092.32153059 4528.93657736
9092.32153059 4628.93657736
9092.32153059 4728.93657736
9092.32153059 4828.93657736
9092.32153059 4928.93657736
9092.32153059 5028.93657736
9092.32153059 5128.93657736
9092.32153059 5228.93657736
9092.32153059 5328.93657736
9092.32153059 5428.93657736
9092.32153059 5528.93657736
9192.32153059 1328.93657736
9192.32153059 1428.93657736
9192.32153059 1528.93657736
9192.32153059 1628.93657736
9192.32153059 1728.93657736
9192.32153059 1828.93657736
9192.32153059 1928.93657736
9192.32153059 2028.93657736
9192.32153059 2128.93657736
9192.32153059 2228.93657736
9192.32153059 2328.93657736
9192.32153059 2428.93657736
9192.32153059 2528.93657736
9192.32153059 2628.93657736
9192.32153059 2728.93657736
9192.32153059 2828.93657736
9192.32153059 2928.93657736
9192.32153059 3028.93657736
9192.32153059 3128.93657736
9192.32153059 3228.93657736
9192.32153059 3328.93657736
9192.32153059 3428.93657736
9192.32153059 3528.93657736
9192.32153059 3628.93657736
9192.32153059 3728.93657736
9192.32153059 3828.93657736
9192.32153059 3928.93657736
9192.32153059 4028.93657736
9192.32153059 4128.93657736
9192.32153059 4228.93657736
9192.32153059 4328.93657736
9192.32153059 4428.93657736
9192.32153059 4528.93657736
9192.32153059 4628.93657736
9192.32153059 4728.93657736
9192.32153059 4828.93657736
9192.32153059 4928.93657736
9192.32153059 5028.93657736
9192.32153059 5128.93657736
9192.32153059 5228.93657736
9192.32153059 5328.93657736
9192.32153059 5428.93657736
9192.32153059 5528.93657736
9292.32153059 1328.93657736
9292.32153059 1428.93657736
9292.32153059 1528.93657736
9292.32153059 1628.93657736
9292.32153059 1728.93657736
9292.32153059 1828.93657736
9292.32153059 1928.93657736
9292.32153059 2028.93657736
9292.32153059 2128.93657736
9292.32153059 2228.93657736
9292.32153059 2328.93657736
9292.32153059 2428.93657736
9292.32153059 2528.93657736
9292.32153059 2628.93657736
9292.32153059 2728.93657736
9292.32153059 2828.93657736
9292.32153059 2928.93657736
9292.32153059 3028.93657736
9292.32153059 3128.93657736
9292.32153059 3228.93657736
9292.32153059 3328.93657736
9292.32153059 3428.93657736
9292.32153059 3528.93657736
9292.32153059 3628.93657736
9292.32153059 3728.93657736
9292.32153059 3828.93657736
9292.32153059 3928.93657736
9292.32153059 4028.93657736
9292.32153059 4128.93657736
9292.32153059 4228.93657736
9292.32153059 4328.93657736
9292.32153059 4428.93657736
9292.32153059 4528.93657736
9292.32153059 4628.93657736
9292.32153059 4728.93657736
9292.32153059 4828.93657736
9292.32153059 4928.93657736
9292.32153059 5028.93657736
9292.32153059 5128.93657736
9292.32153059 5228.93657736
9292.32153059 5328.93657736
9292.32153059 5428.93657736
9292.32153059 5528.93657736
9392.32153059 1328.93657736
9392.32153059 1428.93657736
9392.32153059 1528.93657736
9392.32153059 1628.93657736
9392.32153059 1728.93657736
9392.32153059 1828.93657736
9392.32153059 1928.93657736
9392.32153059 2028.93657736
9392.32153059 2128.93657736
9392.32153059 2228.93657736
9392.32153059 2328.93657736
9392.32153059 2428.93657736
9392.32153059 2528.93657736
9392.32153059 2628.93657736
9392.32153059 2728.93657736
9392.32153059 2828.93657736
9392.32153059 2928.93657736
9392.32153059 3028.93657736
9392.32153059 3128.93657736
9392.32153059 3228.93657736
9392.32153059 3328.93657736
9392.32153059 3428.93657736
9392.32153059 3528.93657736
9392.32153059 3628.93657736
9392.32153059 3728.93657736
9392.32153059 3828.93657736
9392.32153059 3928.93657736
9392.32153059 4028.93657736
9392.32153059 4128.93657736
9392.32153059 4228.93657736
9392.32153059 4328.93657736
9392.32153059 4428.93657736
9392.32153059 4528.93657736
9392.32153059 4628.93657736
9392.32153059 4728.93657736
9392.32153059 4828.93657736
9392.32153059 4928.93657736
9392.32153059 5028.93657736
9392.32153059 5128.93657736
9392.32153059 5228.93657736
9392.32153059 5328.93657736
9392.32153059 5428.93657736
9392.32153059 5528.93657736
9492.32153059 1428.93657736
9492.32153059 1528.93657736
9492.32153059 1628.93657736
9492.32153059 1728.93657736
9492.32153059 1828.93657736
9492.32153059 1928.93657736
9492.32153059 2028.93657736
9492.32153059 2128.93657736
9492.32153059 2228.93657736
9492.32153059 2328.93657736
9492.32153059 2428.93657736
9492.32153059 2528.93657736
9492.32153059 2628.93657736
9492.32153059 2728.93657736
9492.32153059 2828.93657736
9492.32153059 2928.93657736
9492.32153059 3028.93657736
9492.32153059 3128.93657736
9492.32153059 3228.93657736
9492.32153059 3328.93657736
9492.32153059 3428.93657736
9492.32153059 3528.93657736
9492.32153059 3628.93657736
9492.32153059 3728.93657736
9492.32153059 3828.93657736
9492.32153059 3928.93657736
9492.32153059 4028.93657736
9492.32153059 4128.93657736
9492.32153059 4228.93657736
9492.32153059 4328.93657736
9492.32153059 4428.93657736
9492.32153059 4528.93657736
9492.32153059 4628.93657736
9492.32153059 4728.93657736
9492.32153059 4828.93657736
9492.32153059 4928.93657736
9492.32153059 5028.93657736
9492.32153059 5128.93657736
9492.32153059 5228.93657736
9492.32153059 5328.93657736
9492.32153059 5428.93657736
9492.32153059 5528.93657736
9592.32153059 1428.93657736
9592.32153059 1528.93657736
9592.32153059 1628.93657736
9592.32153059 1728.93657736
9592.32153059 1828.93657736
9592.32153059 1928.93657736
9592.32153059 2028.93657736
9592.32153059 2128.93657736
9592.32153059 2228.93657736
9592.32153059 2328.93657736
9592.32153059 2428.93657736
9592.32153059 2528.93657736
9592.32153059 2628.93657736
9592.32153059 2728.93657736
9592.32153059 2828.93657736
9592.32153059 2928.93657736
9592.32153059 3028.93657736
9592.32153059 3128.93657736
9592.32153059 3228.93657736
9592.32153059 3328.93657736
9592.32153059 3428.93657736
9592.32153059 3528.93657736
9592.32153059 3628.93657736
9592.32153059 3728.93657736
9592.32153059 3828.93657736
9592.32153059 3928.93657736
9592.32153059 4028.93657736
9592.32153059 4128.93657736
9592.32153059 4228.93657736
9592.32153059 4328.93657736
9592.32153059 4428.93657736
9592.32153059 4528.93657736
9592.32153059 4628.93657736
9592.32153059 4728.93657736
9592.32153059 4828.93657736
9592.32153059 4928.93657736
9592.32153059 5028.93657736
9592.32153059 5128.93657736
9592.32153059 5228.93657736
9592.32153059 5328.93657736
9592.32153059 5428.93657736
9592.32153059 5528.93657736
9692.32153059 1428.93657736
9692.32153059 1528.93657736
9692.32153059 1628.93657736
9692.32153059 1728.93657736
9692.32153059 1828.93657736
9692.32153059 1928.93657736
9692.32153059 2028.93657736
9692.32153059 2128.93657736
9692.32153059 2228.93657736
9692.32153059 2328.93657736
9692.32153059 2428.93657736
9692.32153059 2528.93657736
9692.32153059 2628.93657736
9692.32153059 2728.93657736
9692.32153059 2828.93657736
9692.32153059 2928.93657736
9692.32153059 3028.93657736
9692.32153059 3128.93657736
9692.32153059 3228.93657736
9692.32153059 3328.93657736
9692.32153059 3428.93657736
9692.32153059 3528.93657736
9692.32153059 3628.93657736
9692.32153059 3728.93657736
9692.32153059 3828.93657736
9692.32153059 3928.93657736
9692.32153059 4028.93657736
9692.32153059 4128.93657736
9692.32153059 4228.93657736
9692.32153059 4328.93657736
9692.32153059 4428.93657736
9692.32153059 4528.93657736
9692.32153059 4628.93657736
9692.32153059 4728.93657736
9692.32153059 4828.93657736
9692.32153059 4928.93657736
9692.32153059 5028.93657736
9692.32153059 5128.93657736
9692.32153059 5228.93657736
9692.32153059 5328.93657736
9692.32153059 5428.93657736
9692.32153059 5528.93657736
9792.32153059 1428.93657736
9792.32153059 1528.93657736
9792.32153059 1628.93657736
9792.32153059 1728.93657736
9792.32153059 1828.93657736
9792.32153059 1928.93657736
9792.32153059 2028.93657736
9792.32153059 2128.93657736
9792.32153059 2228.93657736
9792.32153059 2328.93657736
9792.32153059 2428.93657736
9792.32153059 2528.93657736
9792.32153059 2628.93657736
9792.32153059 2728.93657736
9792.32153059 2828.93657736
9792.32153059 2928.93657736
9792.32153059 3028.93657736
9792.32153059 3128.93657736
9792.32153059 3228.93657736
9792.32153059 3328.93657736
9792.32153059 3428.93657736
9792.32153059 3528.93657736
9792.32153059 3628.93657736
9792.32153059 3728.93657736
9792.32153059 3828.93657736
9792.32153059 3928.93657736
9792.32153059 4028.93657736
9792.32153059 4128.93657736
9792.32153059 4228.93657736
9792.32153059 4328.93657736
9792.32153059 4428.93657736
9792.32153059 4528.93657736
9792.32153059 4628.93657736
9792.32153059 4728.93657736
9792.32153059 4828.93657736
9792.32153059 4928.93657736
9792.32153059 5028.93657736
9792.32153059 5128.93657736
9792.32153059 5228.93657736
9792.32153059 5328.93657736
9792.32153059 5428.93657736
9792.32153059 5528.93657736
9892.32153059 1428.93657736
9892.32153059 1528.93657736
9892.32153059 1628.93657736
9892.32153059 1728.93657736
9892.32153059 1828.93657736
9892.32153059 1928.93657736
9892.32153059 2028.93657736
9892.32153059 2128.93657736
9892.32153059 2228.93657736
9892.32153059 2328.93657736
9892.32153059 2428.93657736
9892.32153059 2528.93657736
9892.32153059 2628.93657736
9892.32153059 2728.93657736
9892.32153059 2828.93657736
9892.32153059 2928.93657736
9892.32153059 3028.93657736
9892.32153059 3128.93657736
9892.32153059 3228.93657736
9892.32153059 3328.93657736
9892.32153059 3428.93657736
9892.32153059 3528.93657736
9892.32153059 3628.93657736
9892.32153059 3728.93657736
9892.32153059 3828.93657736
9892.32153059 3928.93657736
9892.32153059 4028.93657736
9892.32153059 4128.93657736
9892.32153059 4228.93657736
9892.32153059 4328.93657736
9892.32153059 4428.93657736
9892.32153059 4528.93657736
9892.32153059 4628.93657736
9892.32153059 4728.93657736
9892.32153059 4828.93657736
9892.32153059 4928.93657736
9892.32153059 5028.93657736
9892.32153059 5128.93657736
9892.32153059 5228.93657736
9892.32153059 5328.93657736
9892.32153059 5428.93657736
9892.32153059 5528.93657736
9992.32153059 1428.93657736
9992.32153059 1528.93657736
9992.32153059 1628.93657736
9992.32153059 1728.93657736
9992.32153059 1828.93657736
9992.32153059 1928.93657736
9992.32153059 2028.93657736
9992.32153059 2128.93657736
9992.32153059 2228.93657736
9992.32153059 2328.93657736
9992.32153059 2428.93657736
9992.32153059 2528.93657736
9992.32153059 2628.93657736
9992.32153059 2728.93657736
9992.32153059 2828.93657736
9992.32153059 2928.93657736
9992.32153059 3028.93657736
9992.32153059 3128.93657736
9992.32153059 3228.93657736
9992.32153059 3328.93657736
9992.32153059 3428.93657736
9992.32153059 3528.93657736
9992.32153059 3628.93657736
9992.32153059 3728.93657736
9992.32153059 3828.93657736
9992.32153059 3928.93657736
9992.32153059 4028.93657736
9992.32153059 4128.93657736
9992.32153059 4228.93657736
9992.32153059 4328.93657736
9992.32153059 4428.93657736
9992.32153059 4528.93657736
9992.32153059 4628.93657736
9992.32153059 4728.93657736
9992.32153059 4828.93657736
9992.32153059 4928.93657736
9992.32153059 5028.93657736
9992.32153059 5128.93657736
9992.32153059 5228.93657736
9992.32153059 5328.93657736
9992.32153059 5428.93657736
9992.32153059 5528.93657736
10092.3215306 1428.93657736
10092.3215306 1528.93657736
10092.3215306 1628.93657736
10092.3215306 1728.93657736
10092.3215306 1828.93657736
10092.3215306 1928.93657736
10092.3215306 2028.93657736
10092.3215306 2128.93657736
10092.3215306 2228.93657736
10092.3215306 2328.93657736
10092.3215306 2428.93657736
10092.3215306 2528.93657736
10092.3215306 2628.93657736
10092.3215306 2728.93657736
10092.3215306 2828.93657736
10092.3215306 2928.93657736
10092.3215306 3028.93657736
10092.3215306 3128.93657736
10092.3215306 3228.93657736
10092.3215306 3328.93657736
10092.3215306 3428.93657736
10092.3215306 3528.93657736
10092.3215306 3628.93657736
10092.3215306 3728.93657736
10092.3215306 3828.93657736
10092.3215306 3928.93657736
10092.3215306 4028.93657736
10092.3215306 4128.93657736
10092.3215306 4228.93657736
10092.3215306 4328.93657736
10092.3215306 4428.93657736
10092.3215306 4528.93657736
10092.3215306 4628.93657736
10092.3215306 4728.93657736
10092.3215306 4828.93657736
10092.3215306 4928.93657736
10092.3215306 5028.93657736
10092.3215306 5128.93657736
10092.3215306 5228.93657736
10092.3215306 5328.93657736
10092.3215306 5428.93657736
10092.3215306 5528.93657736
10192.3215306 1428.93657736
10192.3215306 1528.93657736
10192.3215306 1628.93657736
10192.3215306 1728.93657736
10192.3215306 1828.93657736
10192.3215306 1928.93657736
10192.3215306 2028.93657736
10192.3215306 2128.93657736
10192.3215306 2228.93657736
10192.3215306 2328.93657736
10192.3215306 2428.93657736
10192.3215306 2528.93657736
10192.3215306 2628.93657736
10192.3215306 2728.93657736
10192.3215306 2828.93657736
10192.3215306 2928.93657736
10192.3215306 3028.93657736
10192.3215306 3128.93657736
10192.3215306 3228.93657736
10192.3215306 3328.93657736
10192.3215306 3428.93657736
10192.3215306 3528.93657736
10192.3215306 3628.93657736
10192.3215306 3728.93657736
10192.3215306 3828.93657736
10192.3215306 3928.93657736
10192.3215306 4028.93657736
10192.3215306 4128.93657736
10192.3215306 4228.93657736
10192.3215306 4328.93657736
10192.3215306 4428.93657736
10192.3215306 4528.93657736
10192.3215306 4628.93657736
10192.3215306 4728.93657736
10192.3215306 4828.93657736
10192.3215306 4928.93657736
10192.3215306 5028.93657736
10192.3215306 5128.93657736
10192.3215306 5228.93657736
10192.3215306 5328.93657736
10192.3215306 5428.93657736
10192.3215306 5528.93657736
10292.3215306 1428.93657736
10292.3215306 1528.93657736
10292.3215306 1628.93657736
10292.3215306 1728.93657736
10292.3215306 1828.93657736
10292.3215306 1928.93657736
10292.3215306 2028.93657736
10292.3215306 2128.93657736
10292.3215306 2228.93657736
10292.3215306 2328.93657736
10292.3215306 2428.93657736
10292.3215306 2528.93657736
10292.3215306 2628.93657736
10292.3215306 2728.93657736
10292.3215306 2828.93657736
10292.3215306 2928.93657736
10292.3215306 3028.93657736
10292.3215306 3128.93657736
10292.3215306 3228.93657736
10292.3215306 3328.93657736
10292.3215306 3428.93657736
10292.3215306 3528.93657736
10292.3215306 3628.93657736
10292.3215306 3728.93657736
10292.3215306 3828.93657736
10292.3215306 3928.93657736
10292.3215306 4028.93657736
10292.3215306 4128.93657736
10292.3215306 4228.93657736
10292.3215306 4328.93657736
10292.3215306 4428.93657736
10292.3215306 4528.93657736
10292.3215306 4628.93657736
10292.3215306 4728.93657736
10292.3215306 4828.93657736
10292.3215306 4928.93657736
10292.3215306 5028.93657736
10292.3215306 5128.93657736
10292.3215306 5228.93657736
10292.3215306 5328.93657736
10292.3215306 5428.93657736
10292.3215306 5528.93657736
10392.3215306 1428.93657736
10392.3215306 1528.93657736
10392.3215306 1628.93657736
10392.3215306 1728.93657736
10392.3215306 1828.93657736
10392.3215306 1928.93657736
10392.3215306 2028.93657736
10392.3215306 2128.93657736
10392.3215306 2228.93657736
10392.3215306 2328.93657736
10392.3215306 2428.93657736
10392.3215306 2528.93657736
10392.3215306 2628.93657736
10392.3215306 2728.93657736
10392.3215306 2828.93657736
10392.3215306 2928.93657736
10392.3215306 3028.93657736
10392.3215306 3128.93657736
10392.3215306 3228.93657736
10392.3215306 3328.93657736
10392.3215306 3428.93657736
10392.3215306 3528.93657736
10392.3215306 3628.93657736
10392.3215306 3728.93657736
10392.3215306 3828.93657736
10392.3215306 3928.93657736
10392.3215306 4028.93657736
10392.3215306 4128.93657736
10392.3215306 4228.93657736
10392.3215306 4328.93657736
10392.3215306 4428.93657736
10392.3215306 4528.93657736
10392.3215306 4628.93657736
10392.3215306 4728.93657736
10392.3215306 4828.93657736
10392.3215306 4928.93657736
10392.3215306 5028.93657736
10392.3215306 5128.93657736
10392.3215306 5228.93657736
10392.3215306 5328.93657736
10392.3215306 5428.93657736
10392.3215306 5528.93657736
10492.3215306 2428.93657736
10492.3215306 2528.93657736
10492.3215306 2628.93657736
10492.3215306 2728.93657736
10492.3215306 2828.93657736
10492.3215306 2928.93657736
10492.3215306 3028.93657736
10492.3215306 3128.93657736
10492.3215306 3228.93657736
10492.3215306 3328.93657736
10492.3215306 3428.93657736
10492.3215306 3528.93657736
10492.3215306 3628.93657736
10492.3215306 3728.93657736
10492.3215306 3828.93657736
10492.3215306 3928.93657736
10492.3215306 4028.93657736
10492.3215306 4128.93657736
10492.3215306 4228.93657736
10492.3215306 4328.93657736
10492.3215306 4428.93657736
10492.3215306 4528.93657736
10492.3215306 4628.93657736
10492.3215306 4728.93657736
10492.3215306 4828.93657736
10492.3215306 4928.93657736
10492.3215306 5028.93657736
10492.3215306 5128.93657736
10492.3215306 5228.93657736
10492.3215306 5328.93657736
10492.3215306 5428.93657736
10492.3215306 5528.93657736
