36321.9085599 10484.7129909
36321.9085599 10584.7129909
36321.9085599 10684.7129909
36321.9085599 10784.7129909
36321.9085599 10884.7129909
36321.9085599 10984.7129909
36321.9085599 11084.7129909
36321.9085599 11184.7129909
36321.9085599 11284.7129909
36321.9085599 11384.7129909
36321.9085599 11484.7129909
36321.9085599 11584.7129909
36321.9085599 11684.7129909
36321.9085599 11784.7129909
36321.9085599 11884.7129909
36321.9085599 11984.7129909
36321.9085599 12084.7129909
36321.9085599 12184.7129909
36321.9085599 12284.7129909
36321.9085599 12384.7129909
36321.9085599 12484.7129909
36321.9085599 12584.7129909
36321.9085599 12684.7129909
36321.9085599 12784.7129909
36321.9085599 16484.7129909
36321.9085599 16584.7129909
36321.9085599 16684.7129909
36321.9085599 16784.7129909
36321.9085599 16884.7129909
36321.9085599 16984.7129909
36321.9085599 17084.7129909
36321.9085599 17184.7129909
36321.9085599 17284.7129909
36321.9085599 17384.7129909
36321.9085599 17484.7129909
36321.9085599 17584.7129909
36321.9085599 17684.7129909
36321.9085599 17784.7129909
36321.9085599 17884.7129909
36321.9085599 17984.7129909
36321.9085599 18084.7129909
36321.9085599 18184.7129909
36321.9085599 18284.7129909
36321.9085599 18384.7129909
36321.9085599 18484.7129909
36321.9085599 18584.7129909
36321.9085599 18684.7129909
36321.9085599 18784.7129909
36321.9085599 18884.7129909
36321.9085599 18984.7129909
36321.9085599 19084.7129909
36321.9085599 19184.7129909
36321.9085599 19284.7129909
36321.9085599 19384.7129909
36321.9085599 19484.7129909
36321.9085599 19584.7129909
36321.9085599 19684.7129909
36421.9085599 10484.7129909
36421.9085599 10584.7129909
36421.9085599 10684.7129909
36421.9085599 10784.7129909
36421.9085599 10884.7129909
36421.9085599 10984.7129909
36421.9085599 11084.7129909
36421.9085599 11184.7129909
36421.9085599 11284.7129909
36421.9085599 11384.7129909
36421.9085599 11484.7129909
36421.9085599 11584.7129909
36421.9085599 11684.7129909
36421.9085599 11784.7129909
36421.9085599 11884.7129909
36421.9085599 11984.7129909
36421.9085599 12084.7129909
36421.9085599 12184.7129909
36421.9085599 12284.7129909
36421.9085599 12384.7129909
36421.9085599 12484.7129909
36421.9085599 12584.7129909
36421.9085599 12684.7129909
36421.9085599 12784.7129909
36421.9085599 16484.7129909
36421.9085599 16584.7129909
36421.9085599 16684.7129909
36421.9085599 16784.7129909
36421.9085599 16884.7129909
36421.9085599 16984.7129909
36421.9085599 17084.7129909
36421.9085599 17184.7129909
36421.9085599 17284.7129909
36421.9085599 17384.7129909
36421.9085599 17484.7129909
36421.9085599 17584.7129909
36421.9085599 17684.7129909
36421.9085599 17784.7129909
36421.9085599 17884.7129909
36421.9085599 17984.7129909
36421.9085599 18084.7129909
36421.9085599 18184.7129909
36421.9085599 18284.7129909
36421.9085599 18384.7129909
36421.9085599 18484.7129909
36421.9085599 18584.7129909
36421.9085599 18684.7129909
36421.9085599 18784.7129909
36421.9085599 18884.7129909
36421.9085599 18984.7129909
36421.9085599 19084.7129909
36421.9085599 19184.7129909
36421.9085599 19284.7129909
36421.9085599 19384.7129909
36421.9085599 19484.7129909
36421.9085599 19584.7129909
36421.9085599 19684.7129909
36521.9085599 10484.7129909
36521.9085599 10584.7129909
36521.9085599 10684.7129909
36521.9085599 10784.7129909
36521.9085599 10884.7129909
36521.9085599 10984.7129909
36521.9085599 11084.7129909
36521.9085599 11184.7129909
36521.9085599 11284.7129909
36521.9085599 11384.7129909
36521.9085599 11484.7129909
36521.9085599 11584.7129909
36521.9085599 11684.7129909
36521.9085599 11784.7129909
36521.9085599 11884.7129909
36521.9085599 11984.7129909
36521.9085599 12084.7129909
36521.9085599 12184.7129909
36521.9085599 12284.7129909
36521.9085599 12384.7129909
36521.9085599 12484.7129909
36521.9085599 12584.7129909
36521.9085599 12684.7129909
36521.9085599 12784.7129909
36521.9085599 16484.7129909
36521.9085599 16584.7129909
36521.9085599 16684.7129909
36521.9085599 16784.7129909
36521.9085599 16884.7129909
36521.9085599 16984.7129909
36521.9085599 17084.7129909
36521.9085599 17184.7129909
36521.9085599 17284.7129909
36521.9085599 17384.7129909
36521.9085599 17484.7129909
36521.9085599 17584.7129909
36521.9085599 17684.7129909
36521.9085599 17784.7129909
36521.9085599 17884.7129909
36521.9085599 17984.7129909
36521.9085599 18084.7129909
36521.9085599 18184.7129909
36521.9085599 18284.7129909
36521.9085599 18384.7129909
36521.9085599 18484.7129909
36521.9085599 18584.7129909
36521.9085599 18684.7129909
36521.9085599 18784.7129909
36521.9085599 18884.7129909
36521.9085599 18984.7129909
36521.9085599 19084.7129909
36521.9085599 19184.7129909
36521.9085599 19284.7129909
36521.9085599 19384.7129909
36521.9085599 19484.7129909
36521.9085599 19584.7129909
36521.9085599 19684.7129909
36621.9085599 10484.7129909
36621.9085599 10584.7129909
36621.9085599 10684.7129909
36621.9085599 10784.7129909
36621.9085599 10884.7129909
36621.9085599 10984.7129909
36621.9085599 11084.7129909
36621.9085599 11184.7129909
36621.9085599 11284.7129909
36621.9085599 11384.7129909
36621.9085599 11484.7129909
36621.9085599 11584.7129909
36621.9085599 11684.7129909
36621.9085599 11784.7129909
36621.9085599 11884.7129909
36621.9085599 11984.7129909
36621.9085599 12084.7129909
36621.9085599 12184.7129909
36621.9085599 12284.7129909
36621.9085599 12384.7129909
36621.9085599 12484.7129909
36621.9085599 12584.7129909
36621.9085599 12684.7129909
36621.9085599 12784.7129909
36621.9085599 16484.7129909
36621.9085599 16584.7129909
36621.9085599 16684.7129909
36621.9085599 16784.7129909
36621.9085599 16884.7129909
36621.9085599 16984.7129909
36621.9085599 17084.7129909
36621.9085599 17184.7129909
36621.9085599 17284.7129909
36621.9085599 17384.7129909
36621.9085599 17484.7129909
36621.9085599 17584.7129909
36621.9085599 17684.7129909
36621.9085599 17784.7129909
36621.9085599 17884.7129909
36621.9085599 17984.7129909
36621.9085599 18084.7129909
36621.9085599 18184.7129909
36621.9085599 18284.7129909
36621.9085599 18384.7129909
36621.9085599 18484.7129909
36621.9085599 18584.7129909
36621.9085599 18684.7129909
36621.9085599 18784.7129909
36621.9085599 18884.7129909
36621.9085599 18984.7129909
36621.9085599 19084.7129909
36621.9085599 19184.7129909
36621.9085599 19284.7129909
36621.9085599 19384.7129909
36621.9085599 19484.7129909
36621.9085599 19584.7129909
36621.9085599 19684.7129909
36721.9085599 10484.7129909
36721.9085599 10584.7129909
36721.9085599 10684.7129909
36721.9085599 10784.7129909
36721.9085599 10884.7129909
36721.9085599 10984.7129909
36721.9085599 11084.7129909
36721.9085599 11184.7129909
36721.9085599 11284.7129909
36721.9085599 11384.7129909
36721.9085599 11484.7129909
36721.9085599 11584.7129909
36721.9085599 11684.7129909
36721.9085599 11784.7129909
36721.9085599 11884.7129909
36721.9085599 11984.7129909
36721.9085599 12084.7129909
36721.9085599 12184.7129909
36721.9085599 12284.7129909
36721.9085599 12384.7129909
36721.9085599 12484.7129909
36721.9085599 12584.7129909
36721.9085599 12684.7129909
36721.9085599 12784.7129909
36721.9085599 16484.7129909
36721.9085599 16584.7129909
36721.9085599 16684.7129909
36721.9085599 16784.7129909
36721.9085599 16884.7129909
36721.9085599 16984.7129909
36721.9085599 17084.7129909
36721.9085599 17184.7129909
36721.9085599 17284.7129909
36721.9085599 17384.7129909
36721.9085599 17484.7129909
36721.9085599 17584.7129909
36721.9085599 17684.7129909
36721.9085599 17784.7129909
36721.9085599 17884.7129909
36721.9085599 17984.7129909
36721.9085599 18084.7129909
36721.9085599 18184.7129909
36721.9085599 18284.7129909
36721.9085599 18384.7129909
36721.9085599 18484.7129909
36721.9085599 18584.7129909
36721.9085599 18684.7129909
36721.9085599 18784.7129909
36721.9085599 18884.7129909
36721.9085599 18984.7129909
36721.9085599 19084.7129909
36721.9085599 19184.7129909
36721.9085599 19284.7129909
36721.9085599 19384.7129909
36721.9085599 19484.7129909
36721.9085599 19584.7129909
36721.9085599 19684.7129909
36821.9085599 10484.7129909
36821.9085599 10584.7129909
36821.9085599 10684.7129909
36821.9085599 10784.7129909
36821.9085599 10884.7129909
36821.9085599 10984.7129909
36821.9085599 11084.7129909
36821.9085599 11184.7129909
36821.9085599 11284.7129909
36821.9085599 11384.7129909
36821.9085599 11484.7129909
36821.9085599 11584.7129909
36821.9085599 11684.7129909
36821.9085599 11784.7129909
36821.9085599 11884.7129909
36821.9085599 11984.7129909
36821.9085599 12084.7129909
36821.9085599 12184.7129909
36821.9085599 12284.7129909
36821.9085599 12384.7129909
36821.9085599 12484.7129909
36821.9085599 12584.7129909
36821.9085599 12684.7129909
36821.9085599 12784.7129909
36821.9085599 16484.7129909
36821.9085599 16584.7129909
36821.9085599 16684.7129909
36821.9085599 16784.7129909
36821.9085599 16884.7129909
36821.9085599 16984.7129909
36821.9085599 17084.7129909
36821.9085599 17184.7129909
36821.9085599 17284.7129909
36821.9085599 17384.7129909
36821.9085599 17484.7129909
36821.9085599 17584.7129909
36821.9085599 17684.7129909
36821.9085599 17784.7129909
36821.9085599 17884.7129909
36821.9085599 17984.7129909
36821.9085599 18084.7129909
36821.9085599 18184.7129909
36821.9085599 18284.7129909
36821.9085599 18384.7129909
36821.9085599 18484.7129909
36821.9085599 18584.7129909
36821.9085599 18684.7129909
36821.9085599 18784.7129909
36821.9085599 18884.7129909
36821.9085599 18984.7129909
36821.9085599 19084.7129909
36821.9085599 19184.7129909
36821.9085599 19284.7129909
36821.9085599 19384.7129909
36821.9085599 19484.7129909
36821.9085599 19584.7129909
36821.9085599 19684.7129909
36921.9085599 10484.7129909
36921.9085599 10584.7129909
36921.9085599 10684.7129909
36921.9085599 10784.7129909
36921.9085599 10884.7129909
36921.9085599 10984.7129909
36921.9085599 11084.7129909
36921.9085599 11184.7129909
36921.9085599 11284.7129909
36921.9085599 11384.7129909
36921.9085599 11484.7129909
36921.9085599 11584.7129909
36921.9085599 11684.7129909
36921.9085599 11784.7129909
36921.9085599 11884.7129909
36921.9085599 11984.7129909
36921.9085599 12084.7129909
36921.9085599 12184.7129909
36921.9085599 12284.7129909
36921.9085599 12384.7129909
36921.9085599 12484.7129909
36921.9085599 12584.7129909
36921.9085599 12684.7129909
36921.9085599 12784.7129909
36921.9085599 16484.7129909
36921.9085599 16584.7129909
36921.9085599 16684.7129909
36921.9085599 16784.7129909
36921.9085599 16884.7129909
36921.9085599 16984.7129909
36921.9085599 17084.7129909
36921.9085599 17184.7129909
36921.9085599 17284.7129909
36921.9085599 17384.7129909
36921.9085599 17484.7129909
36921.9085599 17584.7129909
36921.9085599 17684.7129909
36921.9085599 17784.7129909
36921.9085599 17884.7129909
36921.9085599 17984.7129909
36921.9085599 18084.7129909
36921.9085599 18184.7129909
36921.9085599 18284.7129909
36921.9085599 18384.7129909
36921.9085599 18484.7129909
36921.9085599 18584.7129909
36921.9085599 18684.7129909
36921.9085599 18784.7129909
36921.9085599 18884.7129909
36921.9085599 18984.7129909
36921.9085599 19084.7129909
36921.9085599 19184.7129909
36921.9085599 19284.7129909
36921.9085599 19384.7129909
36921.9085599 19484.7129909
36921.9085599 19584.7129909
36921.9085599 19684.7129909
37021.9085599 10484.7129909
37021.9085599 10584.7129909
37021.9085599 10684.7129909
37021.9085599 10784.7129909
37021.9085599 10884.7129909
37021.9085599 10984.7129909
37021.9085599 11084.7129909
37021.9085599 11184.7129909
37021.9085599 11284.7129909
37021.9085599 11384.7129909
37021.9085599 11484.7129909
37021.9085599 11584.7129909
37021.9085599 11684.7129909
37021.9085599 11784.7129909
37021.9085599 11884.7129909
37021.9085599 11984.7129909
37021.9085599 12084.7129909
37021.9085599 12184.7129909
37021.9085599 12284.7129909
37021.9085599 12384.7129909
37021.9085599 12484.7129909
37021.9085599 12584.7129909
37021.9085599 12684.7129909
37021.9085599 12784.7129909
37021.9085599 16484.7129909
37021.9085599 16584.7129909
37021.9085599 16684.7129909
37021.9085599 16784.7129909
37021.9085599 16884.7129909
37021.9085599 16984.7129909
37021.9085599 17084.7129909
37021.9085599 17184.7129909
37021.9085599 17284.7129909
37021.9085599 17384.7129909
37021.9085599 17484.7129909
37021.9085599 17584.7129909
37021.9085599 17684.7129909
37021.9085599 17784.7129909
37021.9085599 17884.7129909
37021.9085599 17984.7129909
37021.9085599 18084.7129909
37021.9085599 18184.7129909
37021.9085599 18284.7129909
37021.9085599 18384.7129909
37021.9085599 18484.7129909
37021.9085599 18584.7129909
37021.9085599 18684.7129909
37021.9085599 18784.7129909
37021.9085599 18884.7129909
37021.9085599 18984.7129909
37021.9085599 19084.7129909
37021.9085599 19184.7129909
37021.9085599 19284.7129909
37021.9085599 19384.7129909
37021.9085599 19484.7129909
37021.9085599 19584.7129909
37021.9085599 19684.7129909
37121.9085599 10484.7129909
37121.9085599 10584.7129909
37121.9085599 10684.7129909
37121.9085599 10784.7129909
37121.9085599 10884.7129909
37121.9085599 10984.7129909
37121.9085599 11084.7129909
37121.9085599 11184.7129909
37121.9085599 11284.7129909
37121.9085599 11384.7129909
37121.9085599 11484.7129909
37121.9085599 11584.7129909
37121.9085599 11684.7129909
37121.9085599 11784.7129909
37121.9085599 11884.7129909
37121.9085599 11984.7129909
37121.9085599 12084.7129909
37121.9085599 12184.7129909
37121.9085599 12284.7129909
37121.9085599 12384.7129909
37121.9085599 12484.7129909
37121.9085599 12584.7129909
37121.9085599 12684.7129909
37121.9085599 12784.7129909
37121.9085599 16484.7129909
37121.9085599 16584.7129909
37121.9085599 16684.7129909
37121.9085599 16784.7129909
37121.9085599 16884.7129909
37121.9085599 16984.7129909
37121.9085599 17084.7129909
37121.9085599 17184.7129909
37121.9085599 17284.7129909
37121.9085599 17384.7129909
37121.9085599 17484.7129909
37121.9085599 17584.7129909
37121.9085599 17684.7129909
37121.9085599 17784.7129909
37121.9085599 17884.7129909
37121.9085599 17984.7129909
37121.9085599 18084.7129909
37121.9085599 18184.7129909
37121.9085599 18284.7129909
37121.9085599 18384.7129909
37121.9085599 18484.7129909
37121.9085599 18584.7129909
37121.9085599 18684.7129909
37121.9085599 18784.7129909
37121.9085599 18884.7129909
37121.9085599 18984.7129909
37121.9085599 19084.7129909
37121.9085599 19184.7129909
37121.9085599 19284.7129909
37121.9085599 19384.7129909
37121.9085599 19484.7129909
37121.9085599 19584.7129909
37121.9085599 19684.7129909
37221.9085599 10484.7129909
37221.9085599 10584.7129909
37221.9085599 10684.7129909
37221.9085599 10784.7129909
37221.9085599 10884.7129909
37221.9085599 10984.7129909
37221.9085599 11084.7129909
37221.9085599 11184.7129909
37221.9085599 11284.7129909
37221.9085599 11384.7129909
37221.9085599 11484.7129909
37221.9085599 11584.7129909
37221.9085599 11684.7129909
37221.9085599 11784.7129909
37221.9085599 11884.7129909
37221.9085599 11984.7129909
37221.9085599 12084.7129909
37221.9085599 12184.7129909
37221.9085599 12284.7129909
37221.9085599 12384.7129909
37221.9085599 12484.7129909
37221.9085599 12584.7129909
37221.9085599 12684.7129909
37221.9085599 12784.7129909
37221.9085599 16484.7129909
37221.9085599 16584.7129909
37221.9085599 16684.7129909
37221.9085599 16784.7129909
37221.9085599 16884.7129909
37221.9085599 16984.7129909
37221.9085599 17084.7129909
37221.9085599 17184.7129909
37221.9085599 17284.7129909
37221.9085599 17384.7129909
37221.9085599 17484.7129909
37221.9085599 17584.7129909
37221.9085599 17684.7129909
37221.9085599 17784.7129909
37221.9085599 17884.7129909
37221.9085599 17984.7129909
37221.9085599 18084.7129909
37221.9085599 18184.7129909
37221.9085599 18284.7129909
37221.9085599 18384.7129909
37221.9085599 18484.7129909
37221.9085599 18584.7129909
37221.9085599 18684.7129909
37221.9085599 18784.7129909
37221.9085599 18884.7129909
37221.9085599 18984.7129909
37221.9085599 19084.7129909
37221.9085599 19184.7129909
37221.9085599 19284.7129909
37221.9085599 19384.7129909
37221.9085599 19484.7129909
37221.9085599 19584.7129909
37221.9085599 19684.7129909
37321.9085599 10484.7129909
37321.9085599 10584.7129909
37321.9085599 10684.7129909
37321.9085599 10784.7129909
37321.9085599 10884.7129909
37321.9085599 10984.7129909
37321.9085599 11084.7129909
37321.9085599 11184.7129909
37321.9085599 11284.7129909
37321.9085599 11384.7129909
37321.9085599 11484.7129909
37321.9085599 11584.7129909
37321.9085599 11684.7129909
37321.9085599 11784.7129909
37321.9085599 11884.7129909
37321.9085599 11984.7129909
37321.9085599 12084.7129909
37321.9085599 12184.7129909
37321.9085599 12284.7129909
37321.9085599 12384.7129909
37321.9085599 12484.7129909
37321.9085599 12584.7129909
37321.9085599 12684.7129909
37321.9085599 12784.7129909
37321.9085599 16484.7129909
37321.9085599 16584.7129909
37321.9085599 16684.7129909
37321.9085599 16784.7129909
37321.9085599 16884.7129909
37321.9085599 16984.7129909
37321.9085599 17084.7129909
37321.9085599 17184.7129909
37321.9085599 17284.7129909
37321.9085599 17384.7129909
37321.9085599 17484.7129909
37321.9085599 17584.7129909
37321.9085599 17684.7129909
37321.9085599 17784.7129909
37321.9085599 17884.7129909
37321.9085599 17984.7129909
37321.9085599 18084.7129909
37321.9085599 18184.7129909
37321.9085599 18284.7129909
37321.9085599 18384.7129909
37321.9085599 18484.7129909
37321.9085599 18584.7129909
37321.9085599 18684.7129909
37321.9085599 18784.7129909
37321.9085599 18884.7129909
37321.9085599 18984.7129909
37321.9085599 19084.7129909
37321.9085599 19184.7129909
37321.9085599 19284.7129909
37321.9085599 19384.7129909
37321.9085599 19484.7129909
37321.9085599 19584.7129909
37321.9085599 19684.7129909
37421.9085599 10484.7129909
37421.9085599 10584.7129909
37421.9085599 10684.7129909
37421.9085599 10784.7129909
37421.9085599 10884.7129909
37421.9085599 10984.7129909
37421.9085599 11084.7129909
37421.9085599 11184.7129909
37421.9085599 11284.7129909
37421.9085599 11384.7129909
37421.9085599 11484.7129909
37421.9085599 11584.7129909
37421.9085599 11684.7129909
37421.9085599 11784.7129909
37421.9085599 11884.7129909
37421.9085599 11984.7129909
37421.9085599 12084.7129909
37421.9085599 12184.7129909
37421.9085599 12284.7129909
37421.9085599 12384.7129909
37421.9085599 12484.7129909
37421.9085599 12584.7129909
37421.9085599 12684.7129909
37421.9085599 12784.7129909
37421.9085599 16484.7129909
37421.9085599 16584.7129909
37421.9085599 16684.7129909
37421.9085599 16784.7129909
37421.9085599 16884.7129909
37421.9085599 16984.7129909
37421.9085599 17084.7129909
37421.9085599 17184.7129909
37421.9085599 17284.7129909
37421.9085599 17384.7129909
37421.9085599 17484.7129909
37421.9085599 17584.7129909
37421.9085599 17684.7129909
37421.9085599 17784.7129909
37421.9085599 17884.7129909
37421.9085599 17984.7129909
37421.9085599 18084.7129909
37421.9085599 18184.7129909
37421.9085599 18284.7129909
37421.9085599 18384.7129909
37421.9085599 18484.7129909
37421.9085599 18584.7129909
37421.9085599 18684.7129909
37421.9085599 18784.7129909
37421.9085599 18884.7129909
37421.9085599 18984.7129909
37421.9085599 19084.7129909
37421.9085599 19184.7129909
37421.9085599 19284.7129909
37421.9085599 19384.7129909
37421.9085599 19484.7129909
37421.9085599 19584.7129909
37521.9085599 10484.7129909
37521.9085599 10584.7129909
37521.9085599 10684.7129909
37521.9085599 10784.7129909
37521.9085599 10884.7129909
37521.9085599 10984.7129909
37521.9085599 11084.7129909
37521.9085599 11184.7129909
37521.9085599 11284.7129909
37521.9085599 11384.7129909
37521.9085599 11484.7129909
37521.9085599 11584.7129909
37521.9085599 11684.7129909
37521.9085599 11784.7129909
37521.9085599 11884.7129909
37521.9085599 11984.7129909
37521.9085599 12084.7129909
37521.9085599 12184.7129909
37521.9085599 12284.7129909
37521.9085599 12384.7129909
37521.9085599 12484.7129909
37521.9085599 12584.7129909
37521.9085599 12684.7129909
37521.9085599 12784.7129909
37521.9085599 16484.7129909
37521.9085599 16584.7129909
37521.9085599 16684.7129909
37521.9085599 16784.7129909
37521.9085599 16884.7129909
37521.9085599 16984.7129909
37521.9085599 17084.7129909
37521.9085599 17184.7129909
37521.9085599 17284.7129909
37521.9085599 17384.7129909
37521.9085599 17484.7129909
37521.9085599 17584.7129909
37521.9085599 17684.7129909
37521.9085599 17784.7129909
37521.9085599 17884.7129909
37521.9085599 17984.7129909
37521.9085599 18084.7129909
37521.9085599 18184.7129909
37521.9085599 18284.7129909
37521.9085599 18384.7129909
37521.9085599 18484.7129909
37521.9085599 18584.7129909
37521.9085599 18684.7129909
37521.9085599 18784.7129909
37521.9085599 18884.7129909
37521.9085599 18984.7129909
37521.9085599 19084.7129909
37521.9085599 19184.7129909
37521.9085599 19284.7129909
37521.9085599 19384.7129909
37521.9085599 19484.7129909
37521.9085599 19584.7129909
37621.9085599 10484.7129909
37621.9085599 10584.7129909
37621.9085599 10684.7129909
37621.9085599 10784.7129909
37621.9085599 10884.7129909
37621.9085599 10984.7129909
37621.9085599 11084.7129909
37621.9085599 11184.7129909
37621.9085599 11284.7129909
37621.9085599 11384.7129909
37621.9085599 11484.7129909
37621.9085599 11584.7129909
37621.9085599 11684.7129909
37621.9085599 11784.7129909
37621.9085599 11884.7129909
37621.9085599 11984.7129909
37621.9085599 12084.7129909
37621.9085599 12184.7129909
37621.9085599 12284.7129909
37621.9085599 12384.7129909
37621.9085599 12484.7129909
37621.9085599 12584.7129909
37621.9085599 12684.7129909
37621.9085599 12784.7129909
37621.9085599 16484.7129909
37621.9085599 16584.7129909
37621.9085599 16684.7129909
37621.9085599 16784.7129909
37621.9085599 16884.7129909
37621.9085599 16984.7129909
37621.9085599 17084.7129909
37621.9085599 17184.7129909
37621.9085599 17284.7129909
37621.9085599 17384.7129909
37621.9085599 17484.7129909
37621.9085599 17584.7129909
37621.9085599 17684.7129909
37621.9085599 17784.7129909
37621.9085599 17884.7129909
37621.9085599 17984.7129909
37621.9085599 18084.7129909
37621.9085599 18184.7129909
37621.9085599 18284.7129909
37621.9085599 18384.7129909
37621.9085599 18484.7129909
37621.9085599 18584.7129909
37621.9085599 18684.7129909
37621.9085599 18784.7129909
37621.9085599 18884.7129909
37621.9085599 18984.7129909
37621.9085599 19084.7129909
37621.9085599 19184.7129909
37621.9085599 19284.7129909
37621.9085599 19384.7129909
37621.9085599 19484.7129909
37621.9085599 19584.7129909
37721.9085599 10484.7129909
37721.9085599 10584.7129909
37721.9085599 10684.7129909
37721.9085599 10784.7129909
37721.9085599 10884.7129909
37721.9085599 10984.7129909
37721.9085599 11084.7129909
37721.9085599 11184.7129909
37721.9085599 11284.7129909
37721.9085599 11384.7129909
37721.9085599 11484.7129909
37721.9085599 11584.7129909
37721.9085599 11684.7129909
37721.9085599 11784.7129909
37721.9085599 11884.7129909
37721.9085599 11984.7129909
37721.9085599 12084.7129909
37721.9085599 12184.7129909
37721.9085599 12284.7129909
37721.9085599 12384.7129909
37721.9085599 12484.7129909
37721.9085599 12584.7129909
37721.9085599 12684.7129909
37721.9085599 12784.7129909
37721.9085599 16484.7129909
37721.9085599 16584.7129909
37721.9085599 16684.7129909
37721.9085599 16784.7129909
37721.9085599 16884.7129909
37721.9085599 16984.7129909
37721.9085599 17084.7129909
37721.9085599 17184.7129909
37721.9085599 17284.7129909
37721.9085599 17384.7129909
37721.9085599 17484.7129909
37721.9085599 17584.7129909
37721.9085599 17684.7129909
37721.9085599 17784.7129909
37721.9085599 17884.7129909
37721.9085599 17984.7129909
37721.9085599 18084.7129909
37721.9085599 18184.7129909
37721.9085599 18284.7129909
37721.9085599 18384.7129909
37721.9085599 18484.7129909
37721.9085599 18584.7129909
37721.9085599 18684.7129909
37721.9085599 18784.7129909
37721.9085599 18884.7129909
37721.9085599 18984.7129909
37721.9085599 19084.7129909
37721.9085599 19184.7129909
37721.9085599 19284.7129909
37721.9085599 19384.7129909
37721.9085599 19484.7129909
37721.9085599 19584.7129909
37821.9085599 10484.7129909
37821.9085599 10584.7129909
37821.9085599 10684.7129909
37821.9085599 10784.7129909
37821.9085599 10884.7129909
37821.9085599 10984.7129909
37821.9085599 11084.7129909
37821.9085599 11184.7129909
37821.9085599 11284.7129909
37821.9085599 11384.7129909
37821.9085599 11484.7129909
37821.9085599 11584.7129909
37821.9085599 11684.7129909
37821.9085599 11784.7129909
37821.9085599 11884.7129909
37821.9085599 11984.7129909
37821.9085599 12084.7129909
37821.9085599 12184.7129909
37821.9085599 12284.7129909
37821.9085599 12384.7129909
37821.9085599 12484.7129909
37821.9085599 12584.7129909
37821.9085599 12684.7129909
37821.9085599 12784.7129909
37821.9085599 16484.7129909
37821.9085599 16584.7129909
37821.9085599 16684.7129909
37821.9085599 16784.7129909
37821.9085599 16884.7129909
37821.9085599 16984.7129909
37821.9085599 17084.7129909
37821.9085599 17184.7129909
37821.9085599 17284.7129909
37821.9085599 17384.7129909
37821.9085599 17484.7129909
37821.9085599 17584.7129909
37821.9085599 17684.7129909
37821.9085599 17784.7129909
37821.9085599 17884.7129909
37821.9085599 17984.7129909
37821.9085599 18084.7129909
37821.9085599 18184.7129909
37821.9085599 18284.7129909
37821.9085599 18384.7129909
37821.9085599 18484.7129909
37821.9085599 18584.7129909
37821.9085599 18684.7129909
37821.9085599 18784.7129909
37821.9085599 18884.7129909
37821.9085599 18984.7129909
37821.9085599 19084.7129909
37821.9085599 19184.7129909
37821.9085599 19284.7129909
37821.9085599 19384.7129909
37821.9085599 19484.7129909
37821.9085599 19584.7129909
37921.9085599 10484.7129909
37921.9085599 10584.7129909
37921.9085599 10684.7129909
37921.9085599 10784.7129909
37921.9085599 10884.7129909
37921.9085599 10984.7129909
37921.9085599 11084.7129909
37921.9085599 11184.7129909
37921.9085599 11284.7129909
37921.9085599 11384.7129909
37921.9085599 11484.7129909
37921.9085599 11584.7129909
37921.9085599 11684.7129909
37921.9085599 11784.7129909
37921.9085599 11884.7129909
37921.9085599 11984.7129909
37921.9085599 12084.7129909
37921.9085599 12184.7129909
37921.9085599 12284.7129909
37921.9085599 12384.7129909
37921.9085599 12484.7129909
37921.9085599 12584.7129909
37921.9085599 12684.7129909
37921.9085599 12784.7129909
37921.9085599 16484.7129909
37921.9085599 16584.7129909
37921.9085599 16684.7129909
37921.9085599 16784.7129909
37921.9085599 16884.7129909
37921.9085599 16984.7129909
37921.9085599 17084.7129909
37921.9085599 17184.7129909
37921.9085599 17284.7129909
37921.9085599 17384.7129909
37921.9085599 17484.7129909
37921.9085599 17584.7129909
37921.9085599 17684.7129909
37921.9085599 17784.7129909
37921.9085599 17884.7129909
37921.9085599 17984.7129909
37921.9085599 18084.7129909
37921.9085599 18184.7129909
37921.9085599 18284.7129909
37921.9085599 18384.7129909
37921.9085599 18484.7129909
37921.9085599 18584.7129909
37921.9085599 18684.7129909
37921.9085599 18784.7129909
37921.9085599 18884.7129909
37921.9085599 18984.7129909
37921.9085599 19084.7129909
37921.9085599 19184.7129909
37921.9085599 19284.7129909
37921.9085599 19384.7129909
37921.9085599 19484.7129909
37921.9085599 19584.7129909
38021.9085599 10484.7129909
38021.9085599 10584.7129909
38021.9085599 10684.7129909
38021.9085599 10784.7129909
38021.9085599 10884.7129909
38021.9085599 10984.7129909
38021.9085599 11084.7129909
38021.9085599 11184.7129909
38021.9085599 11284.7129909
38021.9085599 11384.7129909
38021.9085599 11484.7129909
38021.9085599 11584.7129909
38021.9085599 11684.7129909
38021.9085599 11784.7129909
38021.9085599 11884.7129909
38021.9085599 11984.7129909
38021.9085599 12084.7129909
38021.9085599 12184.7129909
38021.9085599 12284.7129909
38021.9085599 12384.7129909
38021.9085599 12484.7129909
38021.9085599 12584.7129909
38021.9085599 12684.7129909
38021.9085599 12784.7129909
38021.9085599 16484.7129909
38021.9085599 16584.7129909
38021.9085599 16684.7129909
38021.9085599 16784.7129909
38021.9085599 16884.7129909
38021.9085599 16984.7129909
38021.9085599 17084.7129909
38021.9085599 17184.7129909
38021.9085599 17284.7129909
38021.9085599 17384.7129909
38021.9085599 17484.7129909
38021.9085599 17584.7129909
38021.9085599 17684.7129909
38021.9085599 17784.7129909
38021.9085599 17884.7129909
38021.9085599 17984.7129909
38021.9085599 18084.7129909
38021.9085599 18184.7129909
38021.9085599 18284.7129909
38021.9085599 18384.7129909
38021.9085599 18484.7129909
38021.9085599 18584.7129909
38021.9085599 18684.7129909
38021.9085599 18784.7129909
38021.9085599 18884.7129909
38021.9085599 18984.7129909
38021.9085599 19084.7129909
38021.9085599 19184.7129909
38021.9085599 19284.7129909
38021.9085599 19384.7129909
38021.9085599 19484.7129909
38021.9085599 19584.7129909
38121.9085599 10484.7129909
38121.9085599 10584.7129909
38121.9085599 10684.7129909
38121.9085599 10784.7129909
38121.9085599 10884.7129909
38121.9085599 10984.7129909
38121.9085599 11084.7129909
38121.9085599 11184.7129909
38121.9085599 11284.7129909
38121.9085599 11384.7129909
38121.9085599 11484.7129909
38121.9085599 11584.7129909
38121.9085599 11684.7129909
38121.9085599 11784.7129909
38121.9085599 11884.7129909
38121.9085599 11984.7129909
38121.9085599 12084.7129909
38121.9085599 12184.7129909
38121.9085599 12284.7129909
38121.9085599 12384.7129909
38121.9085599 12484.7129909
38121.9085599 12584.7129909
38121.9085599 12684.7129909
38121.9085599 12784.7129909
38121.9085599 16484.7129909
38121.9085599 16584.7129909
38121.9085599 16684.7129909
38121.9085599 16784.7129909
38121.9085599 16884.7129909
38121.9085599 16984.7129909
38121.9085599 17084.7129909
38121.9085599 17184.7129909
38121.9085599 17284.7129909
38121.9085599 17384.7129909
38121.9085599 17484.7129909
38121.9085599 17584.7129909
38121.9085599 17684.7129909
38121.9085599 17784.7129909
38121.9085599 17884.7129909
38121.9085599 17984.7129909
38121.9085599 18084.7129909
38121.9085599 18184.7129909
38121.9085599 18284.7129909
38121.9085599 18384.7129909
38121.9085599 18484.7129909
38121.9085599 18584.7129909
38121.9085599 18684.7129909
38121.9085599 18784.7129909
38121.9085599 18884.7129909
38121.9085599 18984.7129909
38121.9085599 19084.7129909
38121.9085599 19184.7129909
38121.9085599 19284.7129909
38121.9085599 19384.7129909
38121.9085599 19484.7129909
38121.9085599 19584.7129909
38221.9085599 10484.7129909
38221.9085599 10584.7129909
38221.9085599 10684.7129909
38221.9085599 10784.7129909
38221.9085599 10884.7129909
38221.9085599 10984.7129909
38221.9085599 11084.7129909
38221.9085599 11184.7129909
38221.9085599 11284.7129909
38221.9085599 11384.7129909
38221.9085599 11484.7129909
38221.9085599 11584.7129909
38221.9085599 11684.7129909
38221.9085599 11784.7129909
38221.9085599 11884.7129909
38221.9085599 11984.7129909
38221.9085599 12084.7129909
38221.9085599 12184.7129909
38221.9085599 12284.7129909
38221.9085599 12384.7129909
38221.9085599 12484.7129909
38221.9085599 12584.7129909
38221.9085599 12684.7129909
38221.9085599 12784.7129909
38221.9085599 16484.7129909
38221.9085599 16584.7129909
38221.9085599 16684.7129909
38221.9085599 16784.7129909
38221.9085599 16884.7129909
38221.9085599 16984.7129909
38221.9085599 17084.7129909
38221.9085599 17184.7129909
38221.9085599 17284.7129909
38221.9085599 17384.7129909
38221.9085599 17484.7129909
38221.9085599 17584.7129909
38221.9085599 17684.7129909
38221.9085599 17784.7129909
38221.9085599 17884.7129909
38221.9085599 17984.7129909
38221.9085599 18084.7129909
38221.9085599 18184.7129909
38221.9085599 18284.7129909
38221.9085599 18384.7129909
38221.9085599 18484.7129909
38221.9085599 18584.7129909
38221.9085599 18684.7129909
38221.9085599 18784.7129909
38221.9085599 18884.7129909
38221.9085599 18984.7129909
38221.9085599 19084.7129909
38221.9085599 19184.7129909
38221.9085599 19284.7129909
38221.9085599 19384.7129909
38221.9085599 19484.7129909
38221.9085599 19584.7129909
38321.9085599 10484.7129909
38321.9085599 10584.7129909
38321.9085599 10684.7129909
38321.9085599 10784.7129909
38321.9085599 10884.7129909
38321.9085599 10984.7129909
38321.9085599 11084.7129909
38321.9085599 11184.7129909
38321.9085599 11284.7129909
38321.9085599 11384.7129909
38321.9085599 11484.7129909
38321.9085599 11584.7129909
38321.9085599 11684.7129909
38321.9085599 11784.7129909
38321.9085599 11884.7129909
38321.9085599 11984.7129909
38321.9085599 12084.7129909
38321.9085599 12184.7129909
38321.9085599 12284.7129909
38321.9085599 12384.7129909
38321.9085599 12484.7129909
38321.9085599 12584.7129909
38321.9085599 12684.7129909
38321.9085599 12784.7129909
38321.9085599 16484.7129909
38321.9085599 16584.7129909
38321.9085599 16684.7129909
38321.9085599 16784.7129909
38321.9085599 16884.7129909
38321.9085599 16984.7129909
38321.9085599 17084.7129909
38321.9085599 17184.7129909
38321.9085599 17284.7129909
38321.9085599 17384.7129909
38321.9085599 17484.7129909
38321.9085599 17584.7129909
38321.9085599 17684.7129909
38321.9085599 17784.7129909
38321.9085599 17884.7129909
38321.9085599 17984.7129909
38321.9085599 18084.7129909
38321.9085599 18184.7129909
38321.9085599 18284.7129909
38321.9085599 18384.7129909
38321.9085599 18484.7129909
38321.9085599 18584.7129909
38321.9085599 18684.7129909
38321.9085599 18784.7129909
38321.9085599 18884.7129909
38321.9085599 18984.7129909
38321.9085599 19084.7129909
38321.9085599 19184.7129909
38321.9085599 19284.7129909
38321.9085599 19384.7129909
38321.9085599 19484.7129909
38321.9085599 19584.7129909
38421.9085599 10484.7129909
38421.9085599 10584.7129909
38421.9085599 10684.7129909
38421.9085599 10784.7129909
38421.9085599 10884.7129909
38421.9085599 10984.7129909
38421.9085599 11084.7129909
38421.9085599 11184.7129909
38421.9085599 11284.7129909
38421.9085599 11384.7129909
38421.9085599 11484.7129909
38421.9085599 11584.7129909
38421.9085599 11684.7129909
38421.9085599 11784.7129909
38421.9085599 11884.7129909
38421.9085599 11984.7129909
38421.9085599 12084.7129909
38421.9085599 12184.7129909
38421.9085599 12284.7129909
38421.9085599 12384.7129909
38421.9085599 12484.7129909
38421.9085599 12584.7129909
38421.9085599 12684.7129909
38421.9085599 12784.7129909
38421.9085599 16484.7129909
38421.9085599 16584.7129909
38421.9085599 16684.7129909
38421.9085599 16784.7129909
38421.9085599 16884.7129909
38421.9085599 16984.7129909
38421.9085599 17084.7129909
38421.9085599 17184.7129909
38421.9085599 17284.7129909
38421.9085599 17384.7129909
38421.9085599 17484.7129909
38421.9085599 17584.7129909
38421.9085599 17684.7129909
38421.9085599 17784.7129909
38421.9085599 17884.7129909
38421.9085599 17984.7129909
38421.9085599 18084.7129909
38421.9085599 18184.7129909
38421.9085599 18284.7129909
38421.9085599 18384.7129909
38421.9085599 18484.7129909
38421.9085599 18584.7129909
38421.9085599 18684.7129909
38421.9085599 18784.7129909
38421.9085599 18884.7129909
38421.9085599 18984.7129909
38421.9085599 19084.7129909
38421.9085599 19184.7129909
38421.9085599 19284.7129909
38421.9085599 19384.7129909
38421.9085599 19484.7129909
38421.9085599 19584.7129909
38521.9085599 10484.7129909
38521.9085599 10584.7129909
38521.9085599 10684.7129909
38521.9085599 10784.7129909
38521.9085599 10884.7129909
38521.9085599 10984.7129909
38521.9085599 11084.7129909
38521.9085599 11184.7129909
38521.9085599 11284.7129909
38521.9085599 11384.7129909
38521.9085599 11484.7129909
38521.9085599 11584.7129909
38521.9085599 11684.7129909
38521.9085599 11784.7129909
38521.9085599 11884.7129909
38521.9085599 11984.7129909
38521.9085599 12084.7129909
38521.9085599 12184.7129909
38521.9085599 12284.7129909
38521.9085599 12384.7129909
38521.9085599 12484.7129909
38521.9085599 12584.7129909
38521.9085599 12684.7129909
38521.9085599 12784.7129909
38521.9085599 16484.7129909
38521.9085599 16584.7129909
38521.9085599 16684.7129909
38521.9085599 16784.7129909
38521.9085599 16884.7129909
38521.9085599 16984.7129909
38521.9085599 17084.7129909
38521.9085599 17184.7129909
38521.9085599 17284.7129909
38521.9085599 17384.7129909
38521.9085599 17484.7129909
38521.9085599 17584.7129909
38521.9085599 17684.7129909
38521.9085599 17784.7129909
38521.9085599 17884.7129909
38521.9085599 17984.7129909
38521.9085599 18084.7129909
38521.9085599 18184.7129909
38521.9085599 18284.7129909
38521.9085599 18384.7129909
38521.9085599 18484.7129909
38521.9085599 18584.7129909
38521.9085599 18684.7129909
38521.9085599 18784.7129909
38521.9085599 18884.7129909
38521.9085599 18984.7129909
38521.9085599 19084.7129909
38521.9085599 19184.7129909
38521.9085599 19284.7129909
38521.9085599 19384.7129909
38521.9085599 19484.7129909
38521.9085599 19584.7129909
38621.9085599 10484.7129909
38621.9085599 10584.7129909
38621.9085599 10684.7129909
38621.9085599 10784.7129909
38621.9085599 10884.7129909
38621.9085599 10984.7129909
38621.9085599 11084.7129909
38621.9085599 11184.7129909
38621.9085599 11284.7129909
38621.9085599 11384.7129909
38621.9085599 11484.7129909
38621.9085599 11584.7129909
38621.9085599 11684.7129909
38621.9085599 11784.7129909
38621.9085599 11884.7129909
38621.9085599 11984.7129909
38621.9085599 12084.7129909
38621.9085599 12184.7129909
38621.9085599 12284.7129909
38621.9085599 12384.7129909
38621.9085599 12484.7129909
38621.9085599 12584.7129909
38621.9085599 12684.7129909
38621.9085599 12784.7129909
38621.9085599 16484.7129909
38621.9085599 16584.7129909
38621.9085599 16684.7129909
38621.9085599 16784.7129909
38621.9085599 16884.7129909
38621.9085599 16984.7129909
38621.9085599 17084.7129909
38621.9085599 17184.7129909
38621.9085599 17284.7129909
38621.9085599 17384.7129909
38621.9085599 17484.7129909
38621.9085599 17584.7129909
38621.9085599 17684.7129909
38621.9085599 17784.7129909
38621.9085599 17884.7129909
38621.9085599 17984.7129909
38621.9085599 18084.7129909
38621.9085599 18184.7129909
38621.9085599 18284.7129909
38621.9085599 18384.7129909
38621.9085599 18484.7129909
38621.9085599 18584.7129909
38621.9085599 18684.7129909
38621.9085599 18784.7129909
38621.9085599 18884.7129909
38621.9085599 18984.7129909
38621.9085599 19084.7129909
38621.9085599 19184.7129909
38621.9085599 19284.7129909
38621.9085599 19384.7129909
38621.9085599 19484.7129909
38621.9085599 19584.7129909
38721.9085599 10484.7129909
38721.9085599 10584.7129909
38721.9085599 10684.7129909
38721.9085599 10784.7129909
38721.9085599 10884.7129909
38721.9085599 10984.7129909
38721.9085599 11084.7129909
38721.9085599 11184.7129909
38721.9085599 11284.7129909
38721.9085599 11384.7129909
38721.9085599 11484.7129909
38721.9085599 11584.7129909
38721.9085599 11684.7129909
38721.9085599 11784.7129909
38721.9085599 11884.7129909
38721.9085599 11984.7129909
38721.9085599 12084.7129909
38721.9085599 12184.7129909
38721.9085599 12284.7129909
38721.9085599 12384.7129909
38721.9085599 12484.7129909
38721.9085599 12584.7129909
38721.9085599 12684.7129909
38721.9085599 12784.7129909
38721.9085599 16484.7129909
38721.9085599 16584.7129909
38721.9085599 16684.7129909
38721.9085599 16784.7129909
38721.9085599 16884.7129909
38721.9085599 16984.7129909
38721.9085599 17084.7129909
38721.9085599 17184.7129909
38721.9085599 17284.7129909
38721.9085599 17384.7129909
38721.9085599 17484.7129909
38721.9085599 17584.7129909
38721.9085599 17684.7129909
38721.9085599 17784.7129909
38721.9085599 17884.7129909
38721.9085599 17984.7129909
38721.9085599 18084.7129909
38721.9085599 18184.7129909
38721.9085599 18284.7129909
38721.9085599 18384.7129909
38721.9085599 18484.7129909
38721.9085599 18584.7129909
38721.9085599 18684.7129909
38721.9085599 18784.7129909
38721.9085599 18884.7129909
38721.9085599 18984.7129909
38721.9085599 19084.7129909
38721.9085599 19184.7129909
38721.9085599 19284.7129909
38721.9085599 19384.7129909
38721.9085599 19484.7129909
38721.9085599 19584.7129909
38821.9085599 10384.7129909
38821.9085599 10484.7129909
38821.9085599 10584.7129909
38821.9085599 10684.7129909
38821.9085599 10784.7129909
38821.9085599 10884.7129909
38821.9085599 10984.7129909
38821.9085599 11084.7129909
38821.9085599 11184.7129909
38821.9085599 11284.7129909
38821.9085599 11384.7129909
38821.9085599 11484.7129909
38821.9085599 11584.7129909
38821.9085599 11684.7129909
38821.9085599 11784.7129909
38821.9085599 11884.7129909
38821.9085599 11984.7129909
38821.9085599 12084.7129909
38821.9085599 12184.7129909
38821.9085599 12284.7129909
38821.9085599 12384.7129909
38821.9085599 12484.7129909
38821.9085599 12584.7129909
38821.9085599 12684.7129909
38821.9085599 12784.7129909
38821.9085599 16484.7129909
38821.9085599 16584.7129909
38821.9085599 16684.7129909
38821.9085599 16784.7129909
38821.9085599 16884.7129909
38821.9085599 16984.7129909
38821.9085599 17084.7129909
38821.9085599 17184.7129909
38821.9085599 17284.7129909
38821.9085599 17384.7129909
38821.9085599 17484.7129909
38821.9085599 17584.7129909
38821.9085599 17684.7129909
38821.9085599 17784.7129909
38821.9085599 17884.7129909
38821.9085599 17984.7129909
38821.9085599 18084.7129909
38821.9085599 18184.7129909
38821.9085599 18284.7129909
38821.9085599 18384.7129909
38821.9085599 18484.7129909
38821.9085599 18584.7129909
38821.9085599 18684.7129909
38821.9085599 18784.7129909
38821.9085599 18884.7129909
38821.9085599 18984.7129909
38821.9085599 19084.7129909
38821.9085599 19184.7129909
38821.9085599 19284.7129909
38821.9085599 19384.7129909
38821.9085599 19484.7129909
38821.9085599 19584.7129909
38921.9085599 10384.7129909
38921.9085599 10484.7129909
38921.9085599 10584.7129909
38921.9085599 10684.7129909
38921.9085599 10784.7129909
38921.9085599 10884.7129909
38921.9085599 10984.7129909
38921.9085599 11084.7129909
38921.9085599 11184.7129909
38921.9085599 11284.7129909
38921.9085599 11384.7129909
38921.9085599 11484.7129909
38921.9085599 11584.7129909
38921.9085599 11684.7129909
38921.9085599 11784.7129909
38921.9085599 11884.7129909
38921.9085599 11984.7129909
38921.9085599 12084.7129909
38921.9085599 12184.7129909
38921.9085599 12284.7129909
38921.9085599 12384.7129909
38921.9085599 12484.7129909
38921.9085599 12584.7129909
38921.9085599 12684.7129909
38921.9085599 12784.7129909
38921.9085599 16484.7129909
38921.9085599 16584.7129909
38921.9085599 16684.7129909
38921.9085599 16784.7129909
38921.9085599 16884.7129909
38921.9085599 16984.7129909
38921.9085599 17084.7129909
38921.9085599 17184.7129909
38921.9085599 17284.7129909
38921.9085599 17384.7129909
38921.9085599 17484.7129909
38921.9085599 17584.7129909
38921.9085599 17684.7129909
38921.9085599 17784.7129909
38921.9085599 17884.7129909
38921.9085599 17984.7129909
38921.9085599 18084.7129909
38921.9085599 18184.7129909
38921.9085599 18284.7129909
38921.9085599 18384.7129909
38921.9085599 18484.7129909
38921.9085599 18584.7129909
38921.9085599 18684.7129909
38921.9085599 18784.7129909
38921.9085599 18884.7129909
38921.9085599 18984.7129909
38921.9085599 19084.7129909
38921.9085599 19184.7129909
38921.9085599 19284.7129909
38921.9085599 19384.7129909
38921.9085599 19484.7129909
38921.9085599 19584.7129909
39021.9085599 10384.7129909
39021.9085599 10484.7129909
39021.9085599 10584.7129909
39021.9085599 10684.7129909
39021.9085599 10784.7129909
39021.9085599 10884.7129909
39021.9085599 10984.7129909
39021.9085599 11084.7129909
39021.9085599 11184.7129909
39021.9085599 11284.7129909
39021.9085599 11384.7129909
39021.9085599 11484.7129909
39021.9085599 11584.7129909
39021.9085599 11684.7129909
39021.9085599 11784.7129909
39021.9085599 11884.7129909
39021.9085599 11984.7129909
39021.9085599 12084.7129909
39021.9085599 12184.7129909
39021.9085599 12284.7129909
39021.9085599 12384.7129909
39021.9085599 12484.7129909
39021.9085599 12584.7129909
39021.9085599 12684.7129909
39021.9085599 12784.7129909
39021.9085599 16384.7129909
39021.9085599 16484.7129909
39021.9085599 16584.7129909
39021.9085599 16684.7129909
39021.9085599 16784.7129909
39021.9085599 16884.7129909
39021.9085599 16984.7129909
39021.9085599 17084.7129909
39021.9085599 17184.7129909
39021.9085599 17284.7129909
39021.9085599 17384.7129909
39021.9085599 17484.7129909
39021.9085599 17584.7129909
39021.9085599 17684.7129909
39021.9085599 17784.7129909
39021.9085599 17884.7129909
39021.9085599 17984.7129909
39021.9085599 18084.7129909
39021.9085599 18184.7129909
39021.9085599 18284.7129909
39021.9085599 18384.7129909
39021.9085599 18484.7129909
39021.9085599 18584.7129909
39021.9085599 18684.7129909
39021.9085599 18784.7129909
39021.9085599 18884.7129909
39021.9085599 18984.7129909
39021.9085599 19084.7129909
39021.9085599 19184.7129909
39021.9085599 19284.7129909
39021.9085599 19384.7129909
39021.9085599 19484.7129909
39021.9085599 19584.7129909
39121.9085599 10384.7129909
39121.9085599 10484.7129909
39121.9085599 10584.7129909
39121.9085599 10684.7129909
39121.9085599 10784.7129909
39121.9085599 10884.7129909
39121.9085599 10984.7129909
39121.9085599 11084.7129909
39121.9085599 11184.7129909
39121.9085599 11284.7129909
39121.9085599 11384.7129909
39121.9085599 11484.7129909
39121.9085599 11584.7129909
39121.9085599 11684.7129909
39121.9085599 11784.7129909
39121.9085599 11884.7129909
39121.9085599 11984.7129909
39121.9085599 12084.7129909
39121.9085599 12184.7129909
39121.9085599 12284.7129909
39121.9085599 12384.7129909
39121.9085599 12484.7129909
39121.9085599 12584.7129909
39121.9085599 12684.7129909
39121.9085599 12784.7129909
39121.9085599 16384.7129909
39121.9085599 16484.7129909
39121.9085599 16584.7129909
39121.9085599 16684.7129909
39121.9085599 16784.7129909
39121.9085599 16884.7129909
39121.9085599 16984.7129909
39121.9085599 17084.7129909
39121.9085599 17184.7129909
39121.9085599 17284.7129909
39121.9085599 17384.7129909
39121.9085599 17484.7129909
39121.9085599 17584.7129909
39121.9085599 17684.7129909
39121.9085599 17784.7129909
39121.9085599 17884.7129909
39121.9085599 17984.7129909
39121.9085599 18084.7129909
39121.9085599 18184.7129909
39121.9085599 18284.7129909
39121.9085599 18384.7129909
39121.9085599 18484.7129909
39121.9085599 18584.7129909
39121.9085599 18684.7129909
39121.9085599 18784.7129909
39121.9085599 18884.7129909
39121.9085599 18984.7129909
39121.9085599 19084.7129909
39121.9085599 19184.7129909
39121.9085599 19284.7129909
39121.9085599 19384.7129909
39121.9085599 19484.7129909
39121.9085599 19584.7129909
39221.9085599 10384.7129909
39221.9085599 10484.7129909
39221.9085599 10584.7129909
39221.9085599 10684.7129909
39221.9085599 10784.7129909
39221.9085599 10884.7129909
39221.9085599 10984.7129909
39221.9085599 11084.7129909
39221.9085599 11184.7129909
39221.9085599 11284.7129909
39221.9085599 11384.7129909
39221.9085599 11484.7129909
39221.9085599 11584.7129909
39221.9085599 11684.7129909
39221.9085599 11784.7129909
39221.9085599 11884.7129909
39221.9085599 11984.7129909
39221.9085599 12084.7129909
39221.9085599 12184.7129909
39221.9085599 12284.7129909
39221.9085599 12384.7129909
39221.9085599 12484.7129909
39221.9085599 12584.7129909
39221.9085599 12684.7129909
39221.9085599 12784.7129909
39221.9085599 16384.7129909
39221.9085599 16484.7129909
39221.9085599 16584.7129909
39221.9085599 16684.7129909
39221.9085599 16784.7129909
39221.9085599 16884.7129909
39221.9085599 16984.7129909
39221.9085599 17084.7129909
39221.9085599 17184.7129909
39221.9085599 17284.7129909
39221.9085599 17384.7129909
39221.9085599 17484.7129909
39221.9085599 17584.7129909
39221.9085599 17684.7129909
39221.9085599 17784.7129909
39221.9085599 17884.7129909
39221.9085599 17984.7129909
39221.9085599 18084.7129909
39221.9085599 18184.7129909
39221.9085599 18284.7129909
39221.9085599 18384.7129909
39221.9085599 18484.7129909
39221.9085599 18584.7129909
39221.9085599 18684.7129909
39221.9085599 18784.7129909
39221.9085599 18884.7129909
39221.9085599 18984.7129909
39221.9085599 19084.7129909
39221.9085599 19184.7129909
39221.9085599 19284.7129909
39221.9085599 19384.7129909
39221.9085599 19484.7129909
39221.9085599 19584.7129909
39321.9085599 10384.7129909
39321.9085599 10484.7129909
39321.9085599 10584.7129909
39321.9085599 10684.7129909
39321.9085599 10784.7129909
39321.9085599 10884.7129909
39321.9085599 10984.7129909
39321.9085599 11084.7129909
39321.9085599 11184.7129909
39321.9085599 11284.7129909
39321.9085599 11384.7129909
39321.9085599 11484.7129909
39321.9085599 11584.7129909
39321.9085599 11684.7129909
39321.9085599 11784.7129909
39321.9085599 11884.7129909
39321.9085599 11984.7129909
39321.9085599 12084.7129909
39321.9085599 12184.7129909
39321.9085599 12284.7129909
39321.9085599 12384.7129909
39321.9085599 12484.7129909
39321.9085599 12584.7129909
39321.9085599 12684.7129909
39321.9085599 12784.7129909
39321.9085599 16184.7129909
39321.9085599 16284.7129909
39321.9085599 16384.7129909
39321.9085599 16484.7129909
39321.9085599 16584.7129909
39321.9085599 16684.7129909
39321.9085599 16784.7129909
39321.9085599 16884.7129909
39321.9085599 16984.7129909
39321.9085599 17084.7129909
39321.9085599 17184.7129909
39321.9085599 17284.7129909
39321.9085599 17384.7129909
39321.9085599 17484.7129909
39321.9085599 17584.7129909
39321.9085599 17684.7129909
39321.9085599 17784.7129909
39321.9085599 17884.7129909
39321.9085599 17984.7129909
39321.9085599 18084.7129909
39321.9085599 18184.7129909
39321.9085599 18284.7129909
39321.9085599 18384.7129909
39321.9085599 18484.7129909
39321.9085599 18584.7129909
39321.9085599 18684.7129909
39321.9085599 18784.7129909
39321.9085599 18884.7129909
39321.9085599 18984.7129909
39321.9085599 19084.7129909
39321.9085599 19184.7129909
39321.9085599 19284.7129909
39321.9085599 19384.7129909
39321.9085599 19484.7129909
39321.9085599 19584.7129909
39421.9085599 10384.7129909
39421.9085599 10484.7129909
39421.9085599 10584.7129909
39421.9085599 10684.7129909
39421.9085599 10784.7129909
39421.9085599 10884.7129909
39421.9085599 10984.7129909
39421.9085599 11084.7129909
39421.9085599 11184.7129909
39421.9085599 11284.7129909
39421.9085599 11384.7129909
39421.9085599 11484.7129909
39421.9085599 11584.7129909
39421.9085599 11684.7129909
39421.9085599 11784.7129909
39421.9085599 11884.7129909
39421.9085599 11984.7129909
39421.9085599 12084.7129909
39421.9085599 12184.7129909
39421.9085599 12284.7129909
39421.9085599 12384.7129909
39421.9085599 12484.7129909
39421.9085599 12584.7129909
39421.9085599 12684.7129909
39421.9085599 12784.7129909
39421.9085599 16184.7129909
39421.9085599 16284.7129909
39421.9085599 16384.7129909
39421.9085599 16484.7129909
39421.9085599 16584.7129909
39421.9085599 16684.7129909
39421.9085599 16784.7129909
39421.9085599 16884.7129909
39421.9085599 16984.7129909
39421.9085599 17084.7129909
39421.9085599 17184.7129909
39421.9085599 17284.7129909
39421.9085599 17384.7129909
39421.9085599 17484.7129909
39421.9085599 17584.7129909
39421.9085599 17684.7129909
39421.9085599 17784.7129909
39421.9085599 17884.7129909
39421.9085599 17984.7129909
39421.9085599 18084.7129909
39421.9085599 18184.7129909
39421.9085599 18284.7129909
39421.9085599 18384.7129909
39421.9085599 18484.7129909
39421.9085599 18584.7129909
39421.9085599 18684.7129909
39421.9085599 18784.7129909
39421.9085599 18884.7129909
39421.9085599 18984.7129909
39421.9085599 19084.7129909
39421.9085599 19184.7129909
39421.9085599 19284.7129909
39421.9085599 19384.7129909
39421.9085599 19484.7129909
39421.9085599 19584.7129909
39521.9085599 10384.7129909
39521.9085599 10484.7129909
39521.9085599 10584.7129909
39521.9085599 10684.7129909
39521.9085599 10784.7129909
39521.9085599 10884.7129909
39521.9085599 10984.7129909
39521.9085599 11084.7129909
39521.9085599 11184.7129909
39521.9085599 11284.7129909
39521.9085599 11384.7129909
39521.9085599 11484.7129909
39521.9085599 11584.7129909
39521.9085599 11684.7129909
39521.9085599 11784.7129909
39521.9085599 11884.7129909
39521.9085599 11984.7129909
39521.9085599 12084.7129909
39521.9085599 12184.7129909
39521.9085599 12284.7129909
39521.9085599 12384.7129909
39521.9085599 12484.7129909
39521.9085599 12584.7129909
39521.9085599 12684.7129909
39521.9085599 12784.7129909
39521.9085599 12884.7129909
39521.9085599 16084.7129909
39521.9085599 16184.7129909
39521.9085599 16284.7129909
39521.9085599 16384.7129909
39521.9085599 16484.7129909
39521.9085599 16584.7129909
39521.9085599 16684.7129909
39521.9085599 16784.7129909
39521.9085599 16884.7129909
39521.9085599 16984.7129909
39521.9085599 17084.7129909
39521.9085599 17184.7129909
39521.9085599 17284.7129909
39521.9085599 17384.7129909
39521.9085599 17484.7129909
39521.9085599 17584.7129909
39521.9085599 17684.7129909
39521.9085599 17784.7129909
39521.9085599 17884.7129909
39521.9085599 17984.7129909
39521.9085599 18084.7129909
39521.9085599 18184.7129909
39521.9085599 18284.7129909
39521.9085599 18384.7129909
39521.9085599 18484.7129909
39521.9085599 18584.7129909
39521.9085599 18684.7129909
39521.9085599 18784.7129909
39521.9085599 18884.7129909
39521.9085599 18984.7129909
39521.9085599 19084.7129909
39521.9085599 19184.7129909
39521.9085599 19284.7129909
39521.9085599 19384.7129909
39521.9085599 19484.7129909
39521.9085599 19584.7129909
39621.9085599 10384.7129909
39621.9085599 10484.7129909
39621.9085599 10584.7129909
39621.9085599 10684.7129909
39621.9085599 10784.7129909
39621.9085599 10884.7129909
39621.9085599 10984.7129909
39621.9085599 11084.7129909
39621.9085599 11184.7129909
39621.9085599 11284.7129909
39621.9085599 11384.7129909
39621.9085599 11484.7129909
39621.9085599 11584.7129909
39621.9085599 11684.7129909
39621.9085599 11784.7129909
39621.9085599 11884.7129909
39621.9085599 11984.7129909
39621.9085599 12084.7129909
39621.9085599 12184.7129909
39621.9085599 12284.7129909
39621.9085599 12384.7129909
39621.9085599 12484.7129909
39621.9085599 12584.7129909
39621.9085599 12684.7129909
39621.9085599 12784.7129909
39621.9085599 12884.7129909
39621.9085599 12984.7129909
39621.9085599 13084.7129909
39621.9085599 13184.7129909
39621.9085599 13284.7129909
39621.9085599 13384.7129909
39621.9085599 13484.7129909
39621.9085599 13584.7129909
39621.9085599 13684.7129909
39621.9085599 13784.7129909
39621.9085599 13884.7129909
39621.9085599 13984.7129909
39621.9085599 14084.7129909
39621.9085599 14184.7129909
39621.9085599 14284.7129909
39621.9085599 14384.7129909
39621.9085599 14484.7129909
39621.9085599 14584.7129909
39621.9085599 14684.7129909
39621.9085599 14784.7129909
39621.9085599 14884.7129909
39621.9085599 14984.7129909
39621.9085599 15084.7129909
39621.9085599 15184.7129909
39621.9085599 15284.7129909
39621.9085599 15384.7129909
39621.9085599 15484.7129909
39621.9085599 15584.7129909
39621.9085599 15684.7129909
39621.9085599 15784.7129909
39621.9085599 15884.7129909
39621.9085599 15984.7129909
39621.9085599 16084.7129909
39621.9085599 16184.7129909
39621.9085599 16284.7129909
39621.9085599 16384.7129909
39621.9085599 16484.7129909
39621.9085599 16584.7129909
39621.9085599 16684.7129909
39621.9085599 16784.7129909
39621.9085599 16884.7129909
39621.9085599 16984.7129909
39621.9085599 17084.7129909
39621.9085599 17184.7129909
39621.9085599 17284.7129909
39621.9085599 17384.7129909
39621.9085599 17484.7129909
39621.9085599 17584.7129909
39621.9085599 17684.7129909
39621.9085599 17784.7129909
39621.9085599 17884.7129909
39621.9085599 17984.7129909
39621.9085599 18084.7129909
39621.9085599 18184.7129909
39621.9085599 18284.7129909
39621.9085599 18384.7129909
39621.9085599 18484.7129909
39621.9085599 18584.7129909
39621.9085599 18684.7129909
39621.9085599 18784.7129909
39621.9085599 18884.7129909
39621.9085599 18984.7129909
39621.9085599 19084.7129909
39621.9085599 19184.7129909
39621.9085599 19284.7129909
39621.9085599 19384.7129909
39621.9085599 19484.7129909
39621.9085599 19584.7129909
39721.9085599 10384.7129909
39721.9085599 10484.7129909
39721.9085599 10584.7129909
39721.9085599 10684.7129909
39721.9085599 10784.7129909
39721.9085599 10884.7129909
39721.9085599 10984.7129909
39721.9085599 11084.7129909
39721.9085599 11184.7129909
39721.9085599 11284.7129909
39721.9085599 11384.7129909
39721.9085599 11484.7129909
39721.9085599 11584.7129909
39721.9085599 11684.7129909
39721.9085599 11784.7129909
39721.9085599 11884.7129909
39721.9085599 11984.7129909
39721.9085599 12084.7129909
39721.9085599 12184.7129909
39721.9085599 12284.7129909
39721.9085599 12384.7129909
39721.9085599 12484.7129909
39721.9085599 12584.7129909
39721.9085599 12684.7129909
39721.9085599 12784.7129909
39721.9085599 12884.7129909
39721.9085599 12984.7129909
39721.9085599 13084.7129909
39721.9085599 13184.7129909
39721.9085599 13284.7129909
39721.9085599 13384.7129909
39721.9085599 13484.7129909
39721.9085599 13584.7129909
39721.9085599 13684.7129909
39721.9085599 13784.7129909
39721.9085599 13884.7129909
39721.9085599 13984.7129909
39721.9085599 14084.7129909
39721.9085599 14184.7129909
39721.9085599 14284.7129909
39721.9085599 14384.7129909
39721.9085599 14484.7129909
39721.9085599 14584.7129909
39721.9085599 14684.7129909
39721.9085599 14784.7129909
39721.9085599 14884.7129909
39721.9085599 14984.7129909
39721.9085599 15084.7129909
39721.9085599 15184.7129909
39721.9085599 15284.7129909
39721.9085599 15384.7129909
39721.9085599 15484.7129909
39721.9085599 15584.7129909
39721.9085599 15684.7129909
39721.9085599 15784.7129909
39721.9085599 15884.7129909
39721.9085599 15984.7129909
39721.9085599 16084.7129909
39721.9085599 16184.7129909
39721.9085599 16284.7129909
39721.9085599 16384.7129909
39721.9085599 16484.7129909
39721.9085599 16584.7129909
39721.9085599 16684.7129909
39721.9085599 16784.7129909
39721.9085599 16884.7129909
39721.9085599 16984.7129909
39721.9085599 17084.7129909
39721.9085599 17184.7129909
39721.9085599 17284.7129909
39721.9085599 17384.7129909
39721.9085599 17484.7129909
39721.9085599 17584.7129909
39721.9085599 17684.7129909
39721.9085599 17784.7129909
39721.9085599 17884.7129909
39721.9085599 17984.7129909
39721.9085599 18084.7129909
39721.9085599 18184.7129909
39721.9085599 18284.7129909
39721.9085599 18384.7129909
39721.9085599 18484.7129909
39721.9085599 18584.7129909
39721.9085599 18684.7129909
39721.9085599 18784.7129909
39721.9085599 18884.7129909
39721.9085599 18984.7129909
39721.9085599 19084.7129909
39721.9085599 19184.7129909
39721.9085599 19284.7129909
39721.9085599 19384.7129909
39721.9085599 19484.7129909
39721.9085599 19584.7129909
39821.9085599 10384.7129909
39821.9085599 10484.7129909
39821.9085599 10584.7129909
39821.9085599 10684.7129909
39821.9085599 10784.7129909
39821.9085599 10884.7129909
39821.9085599 10984.7129909
39821.9085599 11084.7129909
39821.9085599 11184.7129909
39821.9085599 11284.7129909
39821.9085599 11384.7129909
39821.9085599 11484.7129909
39821.9085599 11584.7129909
39821.9085599 11684.7129909
39821.9085599 11784.7129909
39821.9085599 11884.7129909
39821.9085599 11984.7129909
39821.9085599 12084.7129909
39821.9085599 12184.7129909
39821.9085599 12284.7129909
39821.9085599 12384.7129909
39821.9085599 12484.7129909
39821.9085599 12584.7129909
39821.9085599 12684.7129909
39821.9085599 12784.7129909
39821.9085599 12884.7129909
39821.9085599 12984.7129909
39821.9085599 13084.7129909
39821.9085599 13184.7129909
39821.9085599 13284.7129909
39821.9085599 13384.7129909
39821.9085599 13484.7129909
39821.9085599 13584.7129909
39821.9085599 13684.7129909
39821.9085599 13784.7129909
39821.9085599 13884.7129909
39821.9085599 13984.7129909
39821.9085599 14084.7129909
39821.9085599 14184.7129909
39821.9085599 14284.7129909
39821.9085599 14384.7129909
39821.9085599 14484.7129909
39821.9085599 14584.7129909
39821.9085599 14684.7129909
39821.9085599 14784.7129909
39821.9085599 14884.7129909
39821.9085599 14984.7129909
39821.9085599 15084.7129909
39821.9085599 15184.7129909
39821.9085599 15284.7129909
39821.9085599 15384.7129909
39821.9085599 15484.7129909
39821.9085599 15584.7129909
39821.9085599 15684.7129909
39821.9085599 15784.7129909
39821.9085599 15884.7129909
39821.9085599 15984.7129909
39821.9085599 16084.7129909
39821.9085599 16184.7129909
39821.9085599 16284.7129909
39821.9085599 16384.7129909
39821.9085599 16484.7129909
39821.9085599 16584.7129909
39821.9085599 16684.7129909
39821.9085599 16784.7129909
39821.9085599 16884.7129909
39821.9085599 16984.7129909
39821.9085599 17084.7129909
39821.9085599 17184.7129909
39821.9085599 17284.7129909
39821.9085599 17384.7129909
39821.9085599 17484.7129909
39821.9085599 17584.7129909
39821.9085599 17684.7129909
39821.9085599 17784.7129909
39821.9085599 17884.7129909
39821.9085599 17984.7129909
39821.9085599 18084.7129909
39821.9085599 18184.7129909
39821.9085599 18284.7129909
39821.9085599 18384.7129909
39821.9085599 18484.7129909
39821.9085599 18584.7129909
39821.9085599 18684.7129909
39821.9085599 18784.7129909
39821.9085599 18884.7129909
39821.9085599 18984.7129909
39821.9085599 19084.7129909
39821.9085599 19184.7129909
39821.9085599 19284.7129909
39821.9085599 19384.7129909
39821.9085599 19484.7129909
39821.9085599 19584.7129909
39921.9085599 10384.7129909
39921.9085599 10484.7129909
39921.9085599 10584.7129909
39921.9085599 10684.7129909
39921.9085599 10784.7129909
39921.9085599 10884.7129909
39921.9085599 10984.7129909
39921.9085599 11084.7129909
39921.9085599 11184.7129909
39921.9085599 11284.7129909
39921.9085599 11384.7129909
39921.9085599 11484.7129909
39921.9085599 11584.7129909
39921.9085599 11684.7129909
39921.9085599 11784.7129909
39921.9085599 11884.7129909
39921.9085599 11984.7129909
39921.9085599 12084.7129909
39921.9085599 12184.7129909
39921.9085599 12284.7129909
39921.9085599 12384.7129909
39921.9085599 12484.7129909
39921.9085599 12584.7129909
39921.9085599 12684.7129909
39921.9085599 12784.7129909
39921.9085599 12884.7129909
39921.9085599 12984.7129909
39921.9085599 13084.7129909
39921.9085599 13184.7129909
39921.9085599 13284.7129909
39921.9085599 13384.7129909
39921.9085599 13484.7129909
39921.9085599 13584.7129909
39921.9085599 13684.7129909
39921.9085599 13784.7129909
39921.9085599 13884.7129909
39921.9085599 13984.7129909
39921.9085599 14084.7129909
39921.9085599 14184.7129909
39921.9085599 14284.7129909
39921.9085599 14384.7129909
39921.9085599 14484.7129909
39921.9085599 14584.7129909
39921.9085599 14684.7129909
39921.9085599 14784.7129909
39921.9085599 14884.7129909
39921.9085599 14984.7129909
39921.9085599 15084.7129909
39921.9085599 15184.7129909
39921.9085599 15284.7129909
39921.9085599 15384.7129909
39921.9085599 15484.7129909
39921.9085599 15584.7129909
39921.9085599 15684.7129909
39921.9085599 15784.7129909
39921.9085599 15884.7129909
39921.9085599 15984.7129909
39921.9085599 16084.7129909
39921.9085599 16184.7129909
39921.9085599 16284.7129909
39921.9085599 16384.7129909
39921.9085599 16484.7129909
39921.9085599 16584.7129909
39921.9085599 16684.7129909
39921.9085599 16784.7129909
39921.9085599 16884.7129909
39921.9085599 16984.7129909
39921.9085599 17084.7129909
39921.9085599 17184.7129909
39921.9085599 17284.7129909
39921.9085599 17384.7129909
39921.9085599 17484.7129909
39921.9085599 17584.7129909
39921.9085599 17684.7129909
39921.9085599 17784.7129909
39921.9085599 17884.7129909
39921.9085599 17984.7129909
39921.9085599 18084.7129909
39921.9085599 18184.7129909
39921.9085599 18284.7129909
39921.9085599 18384.7129909
39921.9085599 18484.7129909
39921.9085599 18584.7129909
39921.9085599 18684.7129909
39921.9085599 18784.7129909
39921.9085599 18884.7129909
39921.9085599 18984.7129909
39921.9085599 19084.7129909
39921.9085599 19184.7129909
39921.9085599 19284.7129909
39921.9085599 19384.7129909
39921.9085599 19484.7129909
39921.9085599 19584.7129909
40021.9085599 10384.7129909
40021.9085599 10484.7129909
40021.9085599 10584.7129909
40021.9085599 10684.7129909
40021.9085599 10784.7129909
40021.9085599 10884.7129909
40021.9085599 10984.7129909
40021.9085599 11084.7129909
40021.9085599 11184.7129909
40021.9085599 11284.7129909
40021.9085599 11384.7129909
40021.9085599 11484.7129909
40021.9085599 11584.7129909
40021.9085599 11684.7129909
40021.9085599 11784.7129909
40021.9085599 11884.7129909
40021.9085599 11984.7129909
40021.9085599 12084.7129909
40021.9085599 12184.7129909
40021.9085599 12284.7129909
40021.9085599 12384.7129909
40021.9085599 12484.7129909
40021.9085599 12584.7129909
40021.9085599 12684.7129909
40021.9085599 12784.7129909
40021.9085599 12884.7129909
40021.9085599 12984.7129909
40021.9085599 13084.7129909
40021.9085599 13184.7129909
40021.9085599 13284.7129909
40021.9085599 13384.7129909
40021.9085599 13484.7129909
40021.9085599 13584.7129909
40021.9085599 13684.7129909
40021.9085599 13784.7129909
40021.9085599 13884.7129909
40021.9085599 13984.7129909
40021.9085599 14084.7129909
40021.9085599 14184.7129909
40021.9085599 14284.7129909
40021.9085599 14384.7129909
40021.9085599 14484.7129909
40021.9085599 14584.7129909
40021.9085599 14684.7129909
40021.9085599 14784.7129909
40021.9085599 14884.7129909
40021.9085599 14984.7129909
40021.9085599 15084.7129909
40021.9085599 15184.7129909
40021.9085599 15284.7129909
40021.9085599 15384.7129909
40021.9085599 15484.7129909
40021.9085599 15584.7129909
40021.9085599 15684.7129909
40021.9085599 15784.7129909
40021.9085599 15884.7129909
40021.9085599 15984.7129909
40021.9085599 16084.7129909
40021.9085599 16184.7129909
40021.9085599 16284.7129909
40021.9085599 16384.7129909
40021.9085599 16484.7129909
40021.9085599 16584.7129909
40021.9085599 16684.7129909
40021.9085599 16784.7129909
40021.9085599 16884.7129909
40021.9085599 16984.7129909
40021.9085599 17084.7129909
40021.9085599 17184.7129909
40021.9085599 17284.7129909
40021.9085599 17384.7129909
40021.9085599 17484.7129909
40021.9085599 17584.7129909
40021.9085599 17684.7129909
40021.9085599 17784.7129909
40021.9085599 17884.7129909
40021.9085599 17984.7129909
40021.9085599 18084.7129909
40021.9085599 18184.7129909
40021.9085599 18284.7129909
40021.9085599 18384.7129909
40021.9085599 18484.7129909
40021.9085599 18584.7129909
40021.9085599 18684.7129909
40021.9085599 18784.7129909
40021.9085599 18884.7129909
40021.9085599 18984.7129909
40021.9085599 19084.7129909
40021.9085599 19184.7129909
40021.9085599 19284.7129909
40021.9085599 19384.7129909
40021.9085599 19484.7129909
40021.9085599 19584.7129909
40121.9085599 10384.7129909
40121.9085599 10484.7129909
40121.9085599 10584.7129909
40121.9085599 10684.7129909
40121.9085599 10784.7129909
40121.9085599 10884.7129909
40121.9085599 10984.7129909
40121.9085599 11084.7129909
40121.9085599 11184.7129909
40121.9085599 11284.7129909
40121.9085599 11384.7129909
40121.9085599 11484.7129909
40121.9085599 11584.7129909
40121.9085599 11684.7129909
40121.9085599 11784.7129909
40121.9085599 11884.7129909
40121.9085599 11984.7129909
40121.9085599 12084.7129909
40121.9085599 12184.7129909
40121.9085599 12284.7129909
40121.9085599 12384.7129909
40121.9085599 12484.7129909
40121.9085599 12584.7129909
40121.9085599 12684.7129909
40121.9085599 12784.7129909
40121.9085599 12884.7129909
40121.9085599 12984.7129909
40121.9085599 13084.7129909
40121.9085599 13184.7129909
40121.9085599 13284.7129909
40121.9085599 13384.7129909
40121.9085599 13484.7129909
40121.9085599 13584.7129909
40121.9085599 13684.7129909
40121.9085599 13784.7129909
40121.9085599 13884.7129909
40121.9085599 13984.7129909
40121.9085599 14084.7129909
40121.9085599 14184.7129909
40121.9085599 14284.7129909
40121.9085599 14384.7129909
40121.9085599 14484.7129909
40121.9085599 14584.7129909
40121.9085599 14684.7129909
40121.9085599 14784.7129909
40121.9085599 14884.7129909
40121.9085599 14984.7129909
40121.9085599 15084.7129909
40121.9085599 15184.7129909
40121.9085599 15284.7129909
40121.9085599 15384.7129909
40121.9085599 15484.7129909
40121.9085599 15584.7129909
40121.9085599 15684.7129909
40121.9085599 15784.7129909
40121.9085599 15884.7129909
40121.9085599 15984.7129909
40121.9085599 16084.7129909
40121.9085599 16184.7129909
40121.9085599 16284.7129909
40121.9085599 16384.7129909
40121.9085599 16484.7129909
40121.9085599 16584.7129909
40121.9085599 16684.7129909
40121.9085599 16784.7129909
40121.9085599 16884.7129909
40121.9085599 16984.7129909
40121.9085599 17084.7129909
40121.9085599 17184.7129909
40121.9085599 17284.7129909
40121.9085599 17384.7129909
40121.9085599 17484.7129909
40121.9085599 17584.7129909
40121.9085599 17684.7129909
40121.9085599 17784.7129909
40121.9085599 17884.7129909
40121.9085599 17984.7129909
40121.9085599 18084.7129909
40121.9085599 18184.7129909
40121.9085599 18284.7129909
40121.9085599 18384.7129909
40121.9085599 18484.7129909
40121.9085599 18584.7129909
40121.9085599 18684.7129909
40121.9085599 18784.7129909
40121.9085599 18884.7129909
40121.9085599 18984.7129909
40121.9085599 19084.7129909
40121.9085599 19184.7129909
40121.9085599 19284.7129909
40121.9085599 19384.7129909
40121.9085599 19484.7129909
40121.9085599 19584.7129909
40221.9085599 10384.7129909
40221.9085599 10484.7129909
40221.9085599 10584.7129909
40221.9085599 10684.7129909
40221.9085599 10784.7129909
40221.9085599 10884.7129909
40221.9085599 10984.7129909
40221.9085599 11084.7129909
40221.9085599 11184.7129909
40221.9085599 11284.7129909
40221.9085599 11384.7129909
40221.9085599 11484.7129909
40221.9085599 11584.7129909
40221.9085599 11684.7129909
40221.9085599 11784.7129909
40221.9085599 11884.7129909
40221.9085599 11984.7129909
40221.9085599 12084.7129909
40221.9085599 12184.7129909
40221.9085599 12284.7129909
40221.9085599 12384.7129909
40221.9085599 12484.7129909
40221.9085599 12584.7129909
40221.9085599 12684.7129909
40221.9085599 12784.7129909
40221.9085599 12884.7129909
40221.9085599 12984.7129909
40221.9085599 13084.7129909
40221.9085599 13184.7129909
40221.9085599 13284.7129909
40221.9085599 13384.7129909
40221.9085599 13484.7129909
40221.9085599 13584.7129909
40221.9085599 13684.7129909
40221.9085599 13784.7129909
40221.9085599 13884.7129909
40221.9085599 13984.7129909
40221.9085599 14084.7129909
40221.9085599 14184.7129909
40221.9085599 14284.7129909
40221.9085599 14384.7129909
40221.9085599 14484.7129909
40221.9085599 14584.7129909
40221.9085599 14684.7129909
40221.9085599 14784.7129909
40221.9085599 14884.7129909
40221.9085599 14984.7129909
40221.9085599 15084.7129909
40221.9085599 15184.7129909
40221.9085599 15284.7129909
40221.9085599 15384.7129909
40221.9085599 15484.7129909
40221.9085599 15584.7129909
40221.9085599 15684.7129909
40221.9085599 15784.7129909
40221.9085599 15884.7129909
40221.9085599 15984.7129909
40221.9085599 16084.7129909
40221.9085599 16184.7129909
40221.9085599 16284.7129909
40221.9085599 16384.7129909
40221.9085599 16484.7129909
40221.9085599 16584.7129909
40221.9085599 16684.7129909
40221.9085599 16784.7129909
40221.9085599 16884.7129909
40221.9085599 16984.7129909
40221.9085599 17084.7129909
40221.9085599 17184.7129909
40221.9085599 17284.7129909
40221.9085599 17384.7129909
40221.9085599 17484.7129909
40221.9085599 17584.7129909
40221.9085599 17684.7129909
40221.9085599 17784.7129909
40221.9085599 17884.7129909
40221.9085599 17984.7129909
40221.9085599 18084.7129909
40221.9085599 18184.7129909
40221.9085599 18284.7129909
40221.9085599 18384.7129909
40221.9085599 18484.7129909
40221.9085599 18584.7129909
40221.9085599 18684.7129909
40221.9085599 18784.7129909
40221.9085599 18884.7129909
40221.9085599 18984.7129909
40221.9085599 19084.7129909
40221.9085599 19184.7129909
40221.9085599 19284.7129909
40221.9085599 19384.7129909
40221.9085599 19484.7129909
40221.9085599 19584.7129909
40321.9085599 10384.7129909
40321.9085599 10484.7129909
40321.9085599 10584.7129909
40321.9085599 10684.7129909
40321.9085599 10784.7129909
40321.9085599 10884.7129909
40321.9085599 10984.7129909
40321.9085599 11084.7129909
40321.9085599 11184.7129909
40321.9085599 11284.7129909
40321.9085599 11384.7129909
40321.9085599 11484.7129909
40321.9085599 11584.7129909
40321.9085599 11684.7129909
40321.9085599 11784.7129909
40321.9085599 11884.7129909
40321.9085599 11984.7129909
40321.9085599 12084.7129909
40321.9085599 12184.7129909
40321.9085599 12284.7129909
40321.9085599 12384.7129909
40321.9085599 12484.7129909
40321.9085599 12584.7129909
40321.9085599 12684.7129909
40321.9085599 12784.7129909
40321.9085599 12884.7129909
40321.9085599 12984.7129909
40321.9085599 13084.7129909
40321.9085599 13184.7129909
40321.9085599 13284.7129909
40321.9085599 13384.7129909
40321.9085599 13484.7129909
40321.9085599 13584.7129909
40321.9085599 13684.7129909
40321.9085599 13784.7129909
40321.9085599 13884.7129909
40321.9085599 13984.7129909
40321.9085599 14084.7129909
40321.9085599 14184.7129909
40321.9085599 14284.7129909
40321.9085599 14384.7129909
40321.9085599 14484.7129909
40321.9085599 14584.7129909
40321.9085599 14684.7129909
40321.9085599 14784.7129909
40321.9085599 14884.7129909
40321.9085599 14984.7129909
40321.9085599 15084.7129909
40321.9085599 15184.7129909
40321.9085599 15284.7129909
40321.9085599 15384.7129909
40321.9085599 15484.7129909
40321.9085599 15584.7129909
40321.9085599 15684.7129909
40321.9085599 15784.7129909
40321.9085599 15884.7129909
40321.9085599 15984.7129909
40321.9085599 16084.7129909
40321.9085599 16184.7129909
40321.9085599 16284.7129909
40321.9085599 16384.7129909
40321.9085599 16484.7129909
40321.9085599 16584.7129909
40321.9085599 16684.7129909
40321.9085599 16784.7129909
40321.9085599 16884.7129909
40321.9085599 16984.7129909
40321.9085599 17084.7129909
40321.9085599 17184.7129909
40321.9085599 17284.7129909
40321.9085599 17384.7129909
40321.9085599 17484.7129909
40321.9085599 17584.7129909
40321.9085599 17684.7129909
40321.9085599 17784.7129909
40321.9085599 17884.7129909
40321.9085599 17984.7129909
40321.9085599 18084.7129909
40321.9085599 18184.7129909
40321.9085599 18284.7129909
40321.9085599 18384.7129909
40321.9085599 18484.7129909
40321.9085599 18584.7129909
40321.9085599 18684.7129909
40321.9085599 18784.7129909
40321.9085599 18884.7129909
40321.9085599 18984.7129909
40321.9085599 19084.7129909
40321.9085599 19184.7129909
40321.9085599 19284.7129909
40321.9085599 19384.7129909
40321.9085599 19484.7129909
40321.9085599 19584.7129909
40421.9085599 10384.7129909
40421.9085599 10484.7129909
40421.9085599 10584.7129909
40421.9085599 10684.7129909
40421.9085599 10784.7129909
40421.9085599 10884.7129909
40421.9085599 10984.7129909
40421.9085599 11084.7129909
40421.9085599 11184.7129909
40421.9085599 11284.7129909
40421.9085599 11384.7129909
40421.9085599 11484.7129909
40421.9085599 11584.7129909
40421.9085599 11684.7129909
40421.9085599 11784.7129909
40421.9085599 11884.7129909
40421.9085599 11984.7129909
40421.9085599 12084.7129909
40421.9085599 12184.7129909
40421.9085599 12284.7129909
40421.9085599 12384.7129909
40421.9085599 12484.7129909
40421.9085599 12584.7129909
40421.9085599 12684.7129909
40421.9085599 12784.7129909
40421.9085599 12884.7129909
40421.9085599 16084.7129909
40421.9085599 16184.7129909
40421.9085599 16284.7129909
40421.9085599 16384.7129909
40421.9085599 16484.7129909
40421.9085599 16584.7129909
40421.9085599 16684.7129909
40421.9085599 16784.7129909
40421.9085599 16884.7129909
40421.9085599 16984.7129909
40421.9085599 17084.7129909
40421.9085599 17184.7129909
40421.9085599 17284.7129909
40421.9085599 17384.7129909
40421.9085599 17484.7129909
40421.9085599 17584.7129909
40421.9085599 17684.7129909
40421.9085599 17784.7129909
40421.9085599 17884.7129909
40421.9085599 17984.7129909
40421.9085599 18084.7129909
40421.9085599 18184.7129909
40421.9085599 18284.7129909
40421.9085599 18384.7129909
40421.9085599 18484.7129909
40421.9085599 18584.7129909
40421.9085599 18684.7129909
40421.9085599 18784.7129909
40421.9085599 18884.7129909
40421.9085599 18984.7129909
40421.9085599 19084.7129909
40421.9085599 19184.7129909
40421.9085599 19284.7129909
40421.9085599 19384.7129909
40421.9085599 19484.7129909
40421.9085599 19584.7129909
40521.9085599 10384.7129909
40521.9085599 10484.7129909
40521.9085599 10584.7129909
40521.9085599 10684.7129909
40521.9085599 10784.7129909
40521.9085599 10884.7129909
40521.9085599 10984.7129909
40521.9085599 11084.7129909
40521.9085599 11184.7129909
40521.9085599 11284.7129909
40521.9085599 11384.7129909
40521.9085599 11484.7129909
40521.9085599 11584.7129909
40521.9085599 11684.7129909
40521.9085599 11784.7129909
40521.9085599 11884.7129909
40521.9085599 11984.7129909
40521.9085599 12084.7129909
40521.9085599 12184.7129909
40521.9085599 12284.7129909
40521.9085599 12384.7129909
40521.9085599 12484.7129909
40521.9085599 12584.7129909
40521.9085599 12684.7129909
40521.9085599 12784.7129909
40521.9085599 12884.7129909
40521.9085599 16084.7129909
40521.9085599 16184.7129909
40521.9085599 16284.7129909
40521.9085599 16384.7129909
40521.9085599 16484.7129909
40521.9085599 16584.7129909
40521.9085599 16684.7129909
40521.9085599 16784.7129909
40521.9085599 16884.7129909
40521.9085599 16984.7129909
40521.9085599 17084.7129909
40521.9085599 17184.7129909
40521.9085599 17284.7129909
40521.9085599 17384.7129909
40521.9085599 17484.7129909
40521.9085599 17584.7129909
40521.9085599 17684.7129909
40521.9085599 17784.7129909
40521.9085599 17884.7129909
40521.9085599 17984.7129909
40521.9085599 18084.7129909
40521.9085599 18184.7129909
40521.9085599 18284.7129909
40521.9085599 18384.7129909
40521.9085599 18484.7129909
40521.9085599 18584.7129909
40521.9085599 18684.7129909
40521.9085599 18784.7129909
40521.9085599 18884.7129909
40521.9085599 18984.7129909
40521.9085599 19084.7129909
40521.9085599 19184.7129909
40521.9085599 19284.7129909
40521.9085599 19384.7129909
40521.9085599 19484.7129909
40521.9085599 19584.7129909
40621.9085599 10384.7129909
40621.9085599 10484.7129909
40621.9085599 10584.7129909
40621.9085599 10684.7129909
40621.9085599 10784.7129909
40621.9085599 10884.7129909
40621.9085599 10984.7129909
40621.9085599 11084.7129909
40621.9085599 11184.7129909
40621.9085599 11284.7129909
40621.9085599 11384.7129909
40621.9085599 11484.7129909
40621.9085599 11584.7129909
40621.9085599 11684.7129909
40621.9085599 11784.7129909
40621.9085599 11884.7129909
40621.9085599 11984.7129909
40621.9085599 12084.7129909
40621.9085599 12184.7129909
40621.9085599 12284.7129909
40621.9085599 12384.7129909
40621.9085599 12484.7129909
40621.9085599 12584.7129909
40621.9085599 12684.7129909
40621.9085599 12784.7129909
40621.9085599 16184.7129909
40621.9085599 16284.7129909
40621.9085599 16384.7129909
40621.9085599 16484.7129909
40621.9085599 16584.7129909
40621.9085599 16684.7129909
40621.9085599 16784.7129909
40621.9085599 16884.7129909
40621.9085599 16984.7129909
40621.9085599 17084.7129909
40621.9085599 17184.7129909
40621.9085599 17284.7129909
40621.9085599 17384.7129909
40621.9085599 17484.7129909
40621.9085599 17584.7129909
40621.9085599 17684.7129909
40621.9085599 17784.7129909
40621.9085599 17884.7129909
40621.9085599 17984.7129909
40621.9085599 18084.7129909
40621.9085599 18184.7129909
40621.9085599 18284.7129909
40621.9085599 18384.7129909
40621.9085599 18484.7129909
40621.9085599 18584.7129909
40621.9085599 18684.7129909
40621.9085599 18784.7129909
40621.9085599 18884.7129909
40621.9085599 18984.7129909
40621.9085599 19084.7129909
40621.9085599 19184.7129909
40621.9085599 19284.7129909
40621.9085599 19384.7129909
40621.9085599 19484.7129909
40621.9085599 19584.7129909
40721.9085599 10384.7129909
40721.9085599 10484.7129909
40721.9085599 10584.7129909
40721.9085599 10684.7129909
40721.9085599 10784.7129909
40721.9085599 10884.7129909
40721.9085599 10984.7129909
40721.9085599 11084.7129909
40721.9085599 11184.7129909
40721.9085599 11284.7129909
40721.9085599 11384.7129909
40721.9085599 11484.7129909
40721.9085599 11584.7129909
40721.9085599 11684.7129909
40721.9085599 11784.7129909
40721.9085599 11884.7129909
40721.9085599 11984.7129909
40721.9085599 12084.7129909
40721.9085599 12184.7129909
40721.9085599 12284.7129909
40721.9085599 12384.7129909
40721.9085599 12484.7129909
40721.9085599 12584.7129909
40721.9085599 12684.7129909
40721.9085599 12784.7129909
40721.9085599 16384.7129909
40721.9085599 16484.7129909
40721.9085599 16584.7129909
40721.9085599 16684.7129909
40721.9085599 16784.7129909
40721.9085599 16884.7129909
40721.9085599 16984.7129909
40721.9085599 17084.7129909
40721.9085599 17184.7129909
40721.9085599 17284.7129909
40721.9085599 17384.7129909
40721.9085599 17484.7129909
40721.9085599 17584.7129909
40721.9085599 17684.7129909
40721.9085599 17784.7129909
40721.9085599 17884.7129909
40721.9085599 17984.7129909
40721.9085599 18084.7129909
40721.9085599 18184.7129909
40721.9085599 18284.7129909
40721.9085599 18384.7129909
40721.9085599 18484.7129909
40721.9085599 18584.7129909
40721.9085599 18684.7129909
40721.9085599 18784.7129909
40721.9085599 18884.7129909
40721.9085599 18984.7129909
40721.9085599 19084.7129909
40721.9085599 19184.7129909
40721.9085599 19284.7129909
40721.9085599 19384.7129909
40721.9085599 19484.7129909
40721.9085599 19584.7129909
40821.9085599 10384.7129909
40821.9085599 10484.7129909
40821.9085599 10584.7129909
40821.9085599 10684.7129909
40821.9085599 10784.7129909
40821.9085599 10884.7129909
40821.9085599 10984.7129909
40821.9085599 11084.7129909
40821.9085599 11184.7129909
40821.9085599 11284.7129909
40821.9085599 11384.7129909
40821.9085599 11484.7129909
40821.9085599 11584.7129909
40821.9085599 11684.7129909
40821.9085599 11784.7129909
40821.9085599 11884.7129909
40821.9085599 11984.7129909
40821.9085599 12084.7129909
40821.9085599 12184.7129909
40821.9085599 12284.7129909
40821.9085599 12384.7129909
40821.9085599 12484.7129909
40821.9085599 12584.7129909
40821.9085599 12684.7129909
40821.9085599 12784.7129909
40821.9085599 16384.7129909
40821.9085599 16484.7129909
40821.9085599 16584.7129909
40821.9085599 16684.7129909
40821.9085599 16784.7129909
40821.9085599 16884.7129909
40821.9085599 16984.7129909
40821.9085599 17084.7129909
40821.9085599 17184.7129909
40821.9085599 17284.7129909
40821.9085599 17384.7129909
40821.9085599 17484.7129909
40821.9085599 17584.7129909
40821.9085599 17684.7129909
40821.9085599 17784.7129909
40821.9085599 17884.7129909
40821.9085599 17984.7129909
40821.9085599 18084.7129909
40821.9085599 18184.7129909
40821.9085599 18284.7129909
40821.9085599 18384.7129909
40821.9085599 18484.7129909
40821.9085599 18584.7129909
40821.9085599 18684.7129909
40821.9085599 18784.7129909
40821.9085599 18884.7129909
40821.9085599 18984.7129909
40821.9085599 19084.7129909
40821.9085599 19184.7129909
40821.9085599 19284.7129909
40821.9085599 19384.7129909
40821.9085599 19484.7129909
40821.9085599 19584.7129909
40921.9085599 10384.7129909
40921.9085599 10484.7129909
40921.9085599 10584.7129909
40921.9085599 10684.7129909
40921.9085599 10784.7129909
40921.9085599 10884.7129909
40921.9085599 10984.7129909
40921.9085599 11084.7129909
40921.9085599 11184.7129909
40921.9085599 11284.7129909
40921.9085599 11384.7129909
40921.9085599 11484.7129909
40921.9085599 11584.7129909
40921.9085599 11684.7129909
40921.9085599 11784.7129909
40921.9085599 11884.7129909
40921.9085599 11984.7129909
40921.9085599 12084.7129909
40921.9085599 12184.7129909
40921.9085599 12284.7129909
40921.9085599 12384.7129909
40921.9085599 12484.7129909
40921.9085599 12584.7129909
40921.9085599 12684.7129909
40921.9085599 12784.7129909
40921.9085599 16484.7129909
40921.9085599 16584.7129909
40921.9085599 16684.7129909
40921.9085599 16784.7129909
40921.9085599 16884.7129909
40921.9085599 16984.7129909
40921.9085599 17084.7129909
40921.9085599 17184.7129909
40921.9085599 17284.7129909
40921.9085599 17384.7129909
40921.9085599 17484.7129909
40921.9085599 17584.7129909
40921.9085599 17684.7129909
40921.9085599 17784.7129909
40921.9085599 17884.7129909
40921.9085599 17984.7129909
40921.9085599 18084.7129909
40921.9085599 18184.7129909
40921.9085599 18284.7129909
40921.9085599 18384.7129909
40921.9085599 18484.7129909
40921.9085599 18584.7129909
40921.9085599 18684.7129909
40921.9085599 18784.7129909
40921.9085599 18884.7129909
40921.9085599 18984.7129909
40921.9085599 19084.7129909
40921.9085599 19184.7129909
40921.9085599 19284.7129909
40921.9085599 19384.7129909
40921.9085599 19484.7129909
40921.9085599 19584.7129909
41021.9085599 10384.7129909
41021.9085599 10484.7129909
41021.9085599 10584.7129909
41021.9085599 10684.7129909
41021.9085599 10784.7129909
41021.9085599 10884.7129909
41021.9085599 10984.7129909
41021.9085599 11084.7129909
41021.9085599 11184.7129909
41021.9085599 11284.7129909
41021.9085599 11384.7129909
41021.9085599 11484.7129909
41021.9085599 11584.7129909
41021.9085599 11684.7129909
41021.9085599 11784.7129909
41021.9085599 11884.7129909
41021.9085599 11984.7129909
41021.9085599 12084.7129909
41021.9085599 12184.7129909
41021.9085599 12284.7129909
41021.9085599 12384.7129909
41021.9085599 12484.7129909
41021.9085599 12584.7129909
41021.9085599 12684.7129909
41021.9085599 12784.7129909
41021.9085599 16484.7129909
41021.9085599 16584.7129909
41021.9085599 16684.7129909
41021.9085599 16784.7129909
41021.9085599 16884.7129909
41021.9085599 16984.7129909
41021.9085599 17084.7129909
41021.9085599 17184.7129909
41021.9085599 17284.7129909
41021.9085599 17384.7129909
41021.9085599 17484.7129909
41021.9085599 17584.7129909
41021.9085599 17684.7129909
41021.9085599 17784.7129909
41021.9085599 17884.7129909
41021.9085599 17984.7129909
41021.9085599 18084.7129909
41021.9085599 18184.7129909
41021.9085599 18284.7129909
41021.9085599 18384.7129909
41021.9085599 18484.7129909
41021.9085599 18584.7129909
41021.9085599 18684.7129909
41021.9085599 18784.7129909
41021.9085599 18884.7129909
41021.9085599 18984.7129909
41021.9085599 19084.7129909
41021.9085599 19184.7129909
41021.9085599 19284.7129909
41021.9085599 19384.7129909
41021.9085599 19484.7129909
41021.9085599 19584.7129909
41121.9085599 10384.7129909
41121.9085599 10484.7129909
41121.9085599 10584.7129909
41121.9085599 10684.7129909
41121.9085599 10784.7129909
41121.9085599 10884.7129909
41121.9085599 10984.7129909
41121.9085599 11084.7129909
41121.9085599 11184.7129909
41121.9085599 11284.7129909
41121.9085599 11384.7129909
41121.9085599 11484.7129909
41121.9085599 11584.7129909
41121.9085599 11684.7129909
41121.9085599 11784.7129909
41121.9085599 11884.7129909
41121.9085599 11984.7129909
41121.9085599 12084.7129909
41121.9085599 12184.7129909
41121.9085599 12284.7129909
41121.9085599 12384.7129909
41121.9085599 12484.7129909
41121.9085599 12584.7129909
41121.9085599 12684.7129909
41121.9085599 12784.7129909
41121.9085599 16484.7129909
41121.9085599 16584.7129909
41121.9085599 16684.7129909
41121.9085599 16784.7129909
41121.9085599 16884.7129909
41121.9085599 16984.7129909
41121.9085599 17084.7129909
41121.9085599 17184.7129909
41121.9085599 17284.7129909
41121.9085599 17384.7129909
41121.9085599 17484.7129909
41121.9085599 17584.7129909
41121.9085599 17684.7129909
41121.9085599 17784.7129909
41121.9085599 17884.7129909
41121.9085599 17984.7129909
41121.9085599 18084.7129909
41121.9085599 18184.7129909
41121.9085599 18284.7129909
41121.9085599 18384.7129909
41121.9085599 18484.7129909
41121.9085599 18584.7129909
41121.9085599 18684.7129909
41121.9085599 18784.7129909
41121.9085599 18884.7129909
41121.9085599 18984.7129909
41121.9085599 19084.7129909
41121.9085599 19184.7129909
41121.9085599 19284.7129909
41121.9085599 19384.7129909
41121.9085599 19484.7129909
41121.9085599 19584.7129909
41221.9085599 10384.7129909
41221.9085599 10484.7129909
41221.9085599 10584.7129909
41221.9085599 10684.7129909
41221.9085599 10784.7129909
41221.9085599 10884.7129909
41221.9085599 10984.7129909
41221.9085599 11084.7129909
41221.9085599 11184.7129909
41221.9085599 11284.7129909
41221.9085599 11384.7129909
41221.9085599 11484.7129909
41221.9085599 11584.7129909
41221.9085599 11684.7129909
41221.9085599 11784.7129909
41221.9085599 11884.7129909
41221.9085599 11984.7129909
41221.9085599 12084.7129909
41221.9085599 12184.7129909
41221.9085599 12284.7129909
41221.9085599 12384.7129909
41221.9085599 12484.7129909
41221.9085599 12584.7129909
41221.9085599 12684.7129909
41221.9085599 12784.7129909
41221.9085599 16484.7129909
41221.9085599 16584.7129909
41221.9085599 16684.7129909
41221.9085599 16784.7129909
41221.9085599 16884.7129909
41221.9085599 16984.7129909
41221.9085599 17084.7129909
41221.9085599 17184.7129909
41221.9085599 17284.7129909
41221.9085599 17384.7129909
41221.9085599 17484.7129909
41221.9085599 17584.7129909
41221.9085599 17684.7129909
41221.9085599 17784.7129909
41221.9085599 17884.7129909
41221.9085599 17984.7129909
41221.9085599 18084.7129909
41221.9085599 18184.7129909
41221.9085599 18284.7129909
41221.9085599 18384.7129909
41221.9085599 18484.7129909
41221.9085599 18584.7129909
41221.9085599 18684.7129909
41221.9085599 18784.7129909
41221.9085599 18884.7129909
41221.9085599 18984.7129909
41221.9085599 19084.7129909
41221.9085599 19184.7129909
41221.9085599 19284.7129909
41221.9085599 19384.7129909
41221.9085599 19484.7129909
41221.9085599 19584.7129909
41321.9085599 10384.7129909
41321.9085599 10484.7129909
41321.9085599 10584.7129909
41321.9085599 10684.7129909
41321.9085599 10784.7129909
41321.9085599 10884.7129909
41321.9085599 10984.7129909
41321.9085599 11084.7129909
41321.9085599 11184.7129909
41321.9085599 11284.7129909
41321.9085599 11384.7129909
41321.9085599 11484.7129909
41321.9085599 11584.7129909
41321.9085599 11684.7129909
41321.9085599 11784.7129909
41321.9085599 11884.7129909
41321.9085599 11984.7129909
41321.9085599 12084.7129909
41321.9085599 12184.7129909
41321.9085599 12284.7129909
41321.9085599 12384.7129909
41321.9085599 12484.7129909
41321.9085599 12584.7129909
41321.9085599 12684.7129909
41321.9085599 12784.7129909
41321.9085599 16484.7129909
41321.9085599 16584.7129909
41321.9085599 16684.7129909
41321.9085599 16784.7129909
41321.9085599 16884.7129909
41321.9085599 16984.7129909
41321.9085599 17084.7129909
41321.9085599 17184.7129909
41321.9085599 17284.7129909
41321.9085599 17384.7129909
41321.9085599 17484.7129909
41321.9085599 17584.7129909
41321.9085599 17684.7129909
41321.9085599 17784.7129909
41321.9085599 17884.7129909
41321.9085599 17984.7129909
41321.9085599 18084.7129909
41321.9085599 18184.7129909
41321.9085599 18284.7129909
41321.9085599 18384.7129909
41321.9085599 18484.7129909
41321.9085599 18584.7129909
41321.9085599 18684.7129909
41321.9085599 18784.7129909
41321.9085599 18884.7129909
41321.9085599 18984.7129909
41321.9085599 19084.7129909
41321.9085599 19184.7129909
41321.9085599 19284.7129909
41321.9085599 19384.7129909
41321.9085599 19484.7129909
41321.9085599 19584.7129909
41421.9085599 10384.7129909
41421.9085599 10484.7129909
41421.9085599 10584.7129909
41421.9085599 10684.7129909
41421.9085599 10784.7129909
41421.9085599 10884.7129909
41421.9085599 10984.7129909
41421.9085599 11084.7129909
41421.9085599 11184.7129909
41421.9085599 11284.7129909
41421.9085599 11384.7129909
41421.9085599 11484.7129909
41421.9085599 11584.7129909
41421.9085599 11684.7129909
41421.9085599 11784.7129909
41421.9085599 11884.7129909
41421.9085599 11984.7129909
41421.9085599 12084.7129909
41421.9085599 12184.7129909
41421.9085599 12284.7129909
41421.9085599 12384.7129909
41421.9085599 12484.7129909
41421.9085599 12584.7129909
41421.9085599 12684.7129909
41421.9085599 12784.7129909
41421.9085599 16484.7129909
41421.9085599 16584.7129909
41421.9085599 16684.7129909
41421.9085599 16784.7129909
41421.9085599 16884.7129909
41421.9085599 16984.7129909
41421.9085599 17084.7129909
41421.9085599 17184.7129909
41421.9085599 17284.7129909
41421.9085599 17384.7129909
41421.9085599 17484.7129909
41421.9085599 17584.7129909
41421.9085599 17684.7129909
41421.9085599 17784.7129909
41421.9085599 17884.7129909
41421.9085599 17984.7129909
41421.9085599 18084.7129909
41421.9085599 18184.7129909
41421.9085599 18284.7129909
41421.9085599 18384.7129909
41421.9085599 18484.7129909
41421.9085599 18584.7129909
41421.9085599 18684.7129909
41421.9085599 18784.7129909
41421.9085599 18884.7129909
41421.9085599 18984.7129909
41421.9085599 19084.7129909
41421.9085599 19184.7129909
41421.9085599 19284.7129909
41421.9085599 19384.7129909
41421.9085599 19484.7129909
41421.9085599 19584.7129909
41521.9085599 10384.7129909
41521.9085599 10484.7129909
41521.9085599 10584.7129909
41521.9085599 10684.7129909
41521.9085599 10784.7129909
41521.9085599 10884.7129909
41521.9085599 10984.7129909
41521.9085599 11084.7129909
41521.9085599 11184.7129909
41521.9085599 11284.7129909
41521.9085599 11384.7129909
41521.9085599 11484.7129909
41521.9085599 11584.7129909
41521.9085599 11684.7129909
41521.9085599 11784.7129909
41521.9085599 11884.7129909
41521.9085599 11984.7129909
41521.9085599 12084.7129909
41521.9085599 12184.7129909
41521.9085599 12284.7129909
41521.9085599 12384.7129909
41521.9085599 12484.7129909
41521.9085599 12584.7129909
41521.9085599 12684.7129909
41521.9085599 12784.7129909
41521.9085599 16484.7129909
41521.9085599 16584.7129909
41521.9085599 16684.7129909
41521.9085599 16784.7129909
41521.9085599 16884.7129909
41521.9085599 16984.7129909
41521.9085599 17084.7129909
41521.9085599 17184.7129909
41521.9085599 17284.7129909
41521.9085599 17384.7129909
41521.9085599 17484.7129909
41521.9085599 17584.7129909
41521.9085599 17684.7129909
41521.9085599 17784.7129909
41521.9085599 17884.7129909
41521.9085599 17984.7129909
41521.9085599 18084.7129909
41521.9085599 18184.7129909
41521.9085599 18284.7129909
41521.9085599 18384.7129909
41521.9085599 18484.7129909
41521.9085599 18584.7129909
41521.9085599 18684.7129909
41521.9085599 18784.7129909
41521.9085599 18884.7129909
41521.9085599 18984.7129909
41521.9085599 19084.7129909
41521.9085599 19184.7129909
41521.9085599 19284.7129909
41521.9085599 19384.7129909
41521.9085599 19484.7129909
41521.9085599 19584.7129909
41621.9085599 10384.7129909
41621.9085599 10484.7129909
41621.9085599 10584.7129909
41621.9085599 10684.7129909
41621.9085599 10784.7129909
41621.9085599 10884.7129909
41621.9085599 10984.7129909
41621.9085599 11084.7129909
41621.9085599 11184.7129909
41621.9085599 11284.7129909
41621.9085599 11384.7129909
41621.9085599 11484.7129909
41621.9085599 11584.7129909
41621.9085599 11684.7129909
41621.9085599 11784.7129909
41621.9085599 11884.7129909
41621.9085599 11984.7129909
41621.9085599 12084.7129909
41621.9085599 12184.7129909
41621.9085599 12284.7129909
41621.9085599 12384.7129909
41621.9085599 12484.7129909
41621.9085599 12584.7129909
41621.9085599 12684.7129909
41621.9085599 12784.7129909
41621.9085599 16484.7129909
41621.9085599 16584.7129909
41621.9085599 16684.7129909
41621.9085599 16784.7129909
41621.9085599 16884.7129909
41621.9085599 16984.7129909
41621.9085599 17084.7129909
41621.9085599 17184.7129909
41621.9085599 17284.7129909
41621.9085599 17384.7129909
41621.9085599 17484.7129909
41621.9085599 17584.7129909
41621.9085599 17684.7129909
41621.9085599 17784.7129909
41621.9085599 17884.7129909
41621.9085599 17984.7129909
41621.9085599 18084.7129909
41621.9085599 18184.7129909
41621.9085599 18284.7129909
41621.9085599 18384.7129909
41621.9085599 18484.7129909
41621.9085599 18584.7129909
41621.9085599 18684.7129909
41621.9085599 18784.7129909
41621.9085599 18884.7129909
41621.9085599 18984.7129909
41621.9085599 19084.7129909
41621.9085599 19184.7129909
41621.9085599 19284.7129909
41621.9085599 19384.7129909
41621.9085599 19484.7129909
41621.9085599 19584.7129909
41721.9085599 10384.7129909
41721.9085599 10484.7129909
41721.9085599 10584.7129909
41721.9085599 10684.7129909
41721.9085599 10784.7129909
41721.9085599 10884.7129909
41721.9085599 10984.7129909
41721.9085599 11084.7129909
41721.9085599 11184.7129909
41721.9085599 11284.7129909
41721.9085599 11384.7129909
41721.9085599 11484.7129909
41721.9085599 11584.7129909
41721.9085599 11684.7129909
41721.9085599 11784.7129909
41721.9085599 11884.7129909
41721.9085599 11984.7129909
41721.9085599 12084.7129909
41721.9085599 12184.7129909
41721.9085599 12284.7129909
41721.9085599 12384.7129909
41721.9085599 12484.7129909
41721.9085599 12584.7129909
41721.9085599 12684.7129909
41721.9085599 12784.7129909
41721.9085599 16484.7129909
41721.9085599 16584.7129909
41721.9085599 16684.7129909
41721.9085599 16784.7129909
41721.9085599 16884.7129909
41721.9085599 16984.7129909
41721.9085599 17084.7129909
41721.9085599 17184.7129909
41721.9085599 17284.7129909
41721.9085599 17384.7129909
41721.9085599 17484.7129909
41721.9085599 17584.7129909
41721.9085599 17684.7129909
41721.9085599 17784.7129909
41721.9085599 17884.7129909
41721.9085599 17984.7129909
41721.9085599 18084.7129909
41721.9085599 18184.7129909
41721.9085599 18284.7129909
41721.9085599 18384.7129909
41721.9085599 18484.7129909
41721.9085599 18584.7129909
41721.9085599 18684.7129909
41721.9085599 18784.7129909
41721.9085599 18884.7129909
41721.9085599 18984.7129909
41721.9085599 19084.7129909
41721.9085599 19184.7129909
41721.9085599 19284.7129909
41721.9085599 19384.7129909
41721.9085599 19484.7129909
41721.9085599 19584.7129909
41821.9085599 10384.7129909
41821.9085599 10484.7129909
41821.9085599 10584.7129909
41821.9085599 10684.7129909
41821.9085599 10784.7129909
41821.9085599 10884.7129909
41821.9085599 10984.7129909
41821.9085599 11084.7129909
41821.9085599 11184.7129909
41821.9085599 11284.7129909
41821.9085599 11384.7129909
41821.9085599 11484.7129909
41821.9085599 11584.7129909
41821.9085599 11684.7129909
41821.9085599 11784.7129909
41821.9085599 11884.7129909
41821.9085599 11984.7129909
41821.9085599 12084.7129909
41821.9085599 12184.7129909
41821.9085599 12284.7129909
41821.9085599 12384.7129909
41821.9085599 12484.7129909
41821.9085599 12584.7129909
41821.9085599 12684.7129909
41821.9085599 12784.7129909
41821.9085599 16484.7129909
41821.9085599 16584.7129909
41821.9085599 16684.7129909
41821.9085599 16784.7129909
41821.9085599 16884.7129909
41821.9085599 16984.7129909
41821.9085599 17084.7129909
41821.9085599 17184.7129909
41821.9085599 17284.7129909
41821.9085599 17384.7129909
41821.9085599 17484.7129909
41821.9085599 17584.7129909
41821.9085599 17684.7129909
41821.9085599 17784.7129909
41821.9085599 17884.7129909
41821.9085599 17984.7129909
41821.9085599 18084.7129909
41821.9085599 18184.7129909
41821.9085599 18284.7129909
41821.9085599 18384.7129909
41821.9085599 18484.7129909
41821.9085599 18584.7129909
41821.9085599 18684.7129909
41821.9085599 18784.7129909
41821.9085599 18884.7129909
41821.9085599 18984.7129909
41821.9085599 19084.7129909
41821.9085599 19184.7129909
41821.9085599 19284.7129909
41821.9085599 19384.7129909
41821.9085599 19484.7129909
41821.9085599 19584.7129909
41921.9085599 10384.7129909
41921.9085599 10484.7129909
41921.9085599 10584.7129909
41921.9085599 10684.7129909
41921.9085599 10784.7129909
41921.9085599 10884.7129909
41921.9085599 10984.7129909
41921.9085599 11084.7129909
41921.9085599 11184.7129909
41921.9085599 11284.7129909
41921.9085599 11384.7129909
41921.9085599 11484.7129909
41921.9085599 11584.7129909
41921.9085599 11684.7129909
41921.9085599 11784.7129909
41921.9085599 11884.7129909
41921.9085599 11984.7129909
41921.9085599 12084.7129909
41921.9085599 12184.7129909
41921.9085599 12284.7129909
41921.9085599 12384.7129909
41921.9085599 12484.7129909
41921.9085599 12584.7129909
41921.9085599 12684.7129909
41921.9085599 12784.7129909
41921.9085599 16484.7129909
41921.9085599 16584.7129909
41921.9085599 16684.7129909
41921.9085599 16784.7129909
41921.9085599 16884.7129909
41921.9085599 16984.7129909
41921.9085599 17084.7129909
41921.9085599 17184.7129909
41921.9085599 17284.7129909
41921.9085599 17384.7129909
41921.9085599 17484.7129909
41921.9085599 17584.7129909
41921.9085599 17684.7129909
41921.9085599 17784.7129909
41921.9085599 17884.7129909
41921.9085599 17984.7129909
41921.9085599 18084.7129909
41921.9085599 18184.7129909
41921.9085599 18284.7129909
41921.9085599 18384.7129909
41921.9085599 18484.7129909
41921.9085599 18584.7129909
41921.9085599 18684.7129909
41921.9085599 18784.7129909
41921.9085599 18884.7129909
41921.9085599 18984.7129909
41921.9085599 19084.7129909
41921.9085599 19184.7129909
41921.9085599 19284.7129909
41921.9085599 19384.7129909
41921.9085599 19484.7129909
41921.9085599 19584.7129909
42021.9085599 10384.7129909
42021.9085599 10484.7129909
42021.9085599 10584.7129909
42021.9085599 10684.7129909
42021.9085599 10784.7129909
42021.9085599 10884.7129909
42021.9085599 10984.7129909
42021.9085599 11084.7129909
42021.9085599 11184.7129909
42021.9085599 11284.7129909
42021.9085599 11384.7129909
42021.9085599 11484.7129909
42021.9085599 11584.7129909
42021.9085599 11684.7129909
42021.9085599 11784.7129909
42021.9085599 11884.7129909
42021.9085599 11984.7129909
42021.9085599 12084.7129909
42021.9085599 12184.7129909
42021.9085599 12284.7129909
42021.9085599 12384.7129909
42021.9085599 12484.7129909
42021.9085599 12584.7129909
42021.9085599 12684.7129909
42021.9085599 12784.7129909
42021.9085599 16484.7129909
42021.9085599 16584.7129909
42021.9085599 16684.7129909
42021.9085599 16784.7129909
42021.9085599 16884.7129909
42021.9085599 16984.7129909
42021.9085599 17084.7129909
42021.9085599 17184.7129909
42021.9085599 17284.7129909
42021.9085599 17384.7129909
42021.9085599 17484.7129909
42021.9085599 17584.7129909
42021.9085599 17684.7129909
42021.9085599 17784.7129909
42021.9085599 17884.7129909
42021.9085599 17984.7129909
42021.9085599 18084.7129909
42021.9085599 18184.7129909
42021.9085599 18284.7129909
42021.9085599 18384.7129909
42021.9085599 18484.7129909
42021.9085599 18584.7129909
42021.9085599 18684.7129909
42021.9085599 18784.7129909
42021.9085599 18884.7129909
42021.9085599 18984.7129909
42021.9085599 19084.7129909
42021.9085599 19184.7129909
42021.9085599 19284.7129909
42021.9085599 19384.7129909
42021.9085599 19484.7129909
42021.9085599 19584.7129909
42121.9085599 10384.7129909
42121.9085599 10484.7129909
42121.9085599 10584.7129909
42121.9085599 10684.7129909
42121.9085599 10784.7129909
42121.9085599 10884.7129909
42121.9085599 10984.7129909
42121.9085599 11084.7129909
42121.9085599 11184.7129909
42121.9085599 11284.7129909
42121.9085599 11384.7129909
42121.9085599 11484.7129909
42121.9085599 11584.7129909
42121.9085599 11684.7129909
42121.9085599 11784.7129909
42121.9085599 11884.7129909
42121.9085599 11984.7129909
42121.9085599 12084.7129909
42121.9085599 12184.7129909
42121.9085599 12284.7129909
42121.9085599 12384.7129909
42121.9085599 12484.7129909
42121.9085599 12584.7129909
42121.9085599 12684.7129909
42121.9085599 12784.7129909
42121.9085599 16484.7129909
42121.9085599 16584.7129909
42121.9085599 16684.7129909
42121.9085599 16784.7129909
42121.9085599 16884.7129909
42121.9085599 16984.7129909
42121.9085599 17084.7129909
42121.9085599 17184.7129909
42121.9085599 17284.7129909
42121.9085599 17384.7129909
42121.9085599 17484.7129909
42121.9085599 17584.7129909
42121.9085599 17684.7129909
42121.9085599 17784.7129909
42121.9085599 17884.7129909
42121.9085599 17984.7129909
42121.9085599 18084.7129909
42121.9085599 18184.7129909
42121.9085599 18284.7129909
42121.9085599 18384.7129909
42121.9085599 18484.7129909
42121.9085599 18584.7129909
42121.9085599 18684.7129909
42121.9085599 18784.7129909
42121.9085599 18884.7129909
42121.9085599 18984.7129909
42121.9085599 19084.7129909
42121.9085599 19184.7129909
42121.9085599 19284.7129909
42121.9085599 19384.7129909
42121.9085599 19484.7129909
42121.9085599 19584.7129909
42221.9085599 10384.7129909
42221.9085599 10484.7129909
42221.9085599 10584.7129909
42221.9085599 10684.7129909
42221.9085599 10784.7129909
42221.9085599 10884.7129909
42221.9085599 10984.7129909
42221.9085599 11084.7129909
42221.9085599 11184.7129909
42221.9085599 11284.7129909
42221.9085599 11384.7129909
42221.9085599 11484.7129909
42221.9085599 11584.7129909
42221.9085599 11684.7129909
42221.9085599 11784.7129909
42221.9085599 11884.7129909
42221.9085599 11984.7129909
42221.9085599 12084.7129909
42221.9085599 12184.7129909
42221.9085599 12284.7129909
42221.9085599 12384.7129909
42221.9085599 12484.7129909
42221.9085599 12584.7129909
42221.9085599 12684.7129909
42221.9085599 12784.7129909
42221.9085599 16484.7129909
42221.9085599 16584.7129909
42221.9085599 16684.7129909
42221.9085599 16784.7129909
42221.9085599 16884.7129909
42221.9085599 16984.7129909
42221.9085599 17084.7129909
42221.9085599 17184.7129909
42221.9085599 17284.7129909
42221.9085599 17384.7129909
42221.9085599 17484.7129909
42221.9085599 17584.7129909
42221.9085599 17684.7129909
42221.9085599 17784.7129909
42221.9085599 17884.7129909
42221.9085599 17984.7129909
42221.9085599 18084.7129909
42221.9085599 18184.7129909
42221.9085599 18284.7129909
42221.9085599 18384.7129909
42221.9085599 18484.7129909
42221.9085599 18584.7129909
42221.9085599 18684.7129909
42221.9085599 18784.7129909
42221.9085599 18884.7129909
42221.9085599 18984.7129909
42221.9085599 19084.7129909
42221.9085599 19184.7129909
42221.9085599 19284.7129909
42221.9085599 19384.7129909
42221.9085599 19484.7129909
42221.9085599 19584.7129909
42321.9085599 10384.7129909
42321.9085599 10484.7129909
42321.9085599 10584.7129909
42321.9085599 10684.7129909
42321.9085599 10784.7129909
42321.9085599 10884.7129909
42321.9085599 10984.7129909
42321.9085599 11084.7129909
42321.9085599 11184.7129909
42321.9085599 11284.7129909
42321.9085599 11384.7129909
42321.9085599 11484.7129909
42321.9085599 11584.7129909
42321.9085599 11684.7129909
42321.9085599 11784.7129909
42321.9085599 11884.7129909
42321.9085599 11984.7129909
42321.9085599 12084.7129909
42321.9085599 12184.7129909
42321.9085599 12284.7129909
42321.9085599 12384.7129909
42321.9085599 12484.7129909
42321.9085599 12584.7129909
42321.9085599 12684.7129909
42321.9085599 12784.7129909
42321.9085599 16484.7129909
42321.9085599 16584.7129909
42321.9085599 16684.7129909
42321.9085599 16784.7129909
42321.9085599 16884.7129909
42321.9085599 16984.7129909
42321.9085599 17084.7129909
42321.9085599 17184.7129909
42321.9085599 17284.7129909
42321.9085599 17384.7129909
42321.9085599 17484.7129909
42321.9085599 17584.7129909
42321.9085599 17684.7129909
42321.9085599 17784.7129909
42321.9085599 17884.7129909
42321.9085599 17984.7129909
42321.9085599 18084.7129909
42321.9085599 18184.7129909
42321.9085599 18284.7129909
42321.9085599 18384.7129909
42321.9085599 18484.7129909
42321.9085599 18584.7129909
42321.9085599 18684.7129909
42321.9085599 18784.7129909
42321.9085599 18884.7129909
42321.9085599 18984.7129909
42321.9085599 19084.7129909
42321.9085599 19184.7129909
42321.9085599 19284.7129909
42321.9085599 19384.7129909
42321.9085599 19484.7129909
42321.9085599 19584.7129909
42421.9085599 10384.7129909
42421.9085599 10484.7129909
42421.9085599 10584.7129909
42421.9085599 10684.7129909
42421.9085599 10784.7129909
42421.9085599 10884.7129909
42421.9085599 10984.7129909
42421.9085599 11084.7129909
42421.9085599 11184.7129909
42421.9085599 11284.7129909
42421.9085599 11384.7129909
42421.9085599 11484.7129909
42421.9085599 11584.7129909
42421.9085599 11684.7129909
42421.9085599 11784.7129909
42421.9085599 11884.7129909
42421.9085599 11984.7129909
42421.9085599 12084.7129909
42421.9085599 12184.7129909
42421.9085599 12284.7129909
42421.9085599 12384.7129909
42421.9085599 12484.7129909
42421.9085599 12584.7129909
42421.9085599 12684.7129909
42421.9085599 12784.7129909
42421.9085599 16484.7129909
42421.9085599 16584.7129909
42421.9085599 16684.7129909
42421.9085599 16784.7129909
42421.9085599 16884.7129909
42421.9085599 16984.7129909
42421.9085599 17084.7129909
42421.9085599 17184.7129909
42421.9085599 17284.7129909
42421.9085599 17384.7129909
42421.9085599 17484.7129909
42421.9085599 17584.7129909
42421.9085599 17684.7129909
42421.9085599 17784.7129909
42421.9085599 17884.7129909
42421.9085599 17984.7129909
42421.9085599 18084.7129909
42421.9085599 18184.7129909
42421.9085599 18284.7129909
42421.9085599 18384.7129909
42421.9085599 18484.7129909
42421.9085599 18584.7129909
42421.9085599 18684.7129909
42421.9085599 18784.7129909
42421.9085599 18884.7129909
42421.9085599 18984.7129909
42421.9085599 19084.7129909
42421.9085599 19184.7129909
42421.9085599 19284.7129909
42421.9085599 19384.7129909
42421.9085599 19484.7129909
42421.9085599 19584.7129909
42521.9085599 10384.7129909
42521.9085599 10484.7129909
42521.9085599 10584.7129909
42521.9085599 10684.7129909
42521.9085599 10784.7129909
42521.9085599 10884.7129909
42521.9085599 10984.7129909
42521.9085599 11084.7129909
42521.9085599 11184.7129909
42521.9085599 11284.7129909
42521.9085599 11384.7129909
42521.9085599 11484.7129909
42521.9085599 11584.7129909
42521.9085599 11684.7129909
42521.9085599 11784.7129909
42521.9085599 11884.7129909
42521.9085599 11984.7129909
42521.9085599 12084.7129909
42521.9085599 12184.7129909
42521.9085599 12284.7129909
42521.9085599 12384.7129909
42521.9085599 12484.7129909
42521.9085599 12584.7129909
42521.9085599 12684.7129909
42521.9085599 12784.7129909
42521.9085599 16484.7129909
42521.9085599 16584.7129909
42521.9085599 16684.7129909
42521.9085599 16784.7129909
42521.9085599 16884.7129909
42521.9085599 16984.7129909
42521.9085599 17084.7129909
42521.9085599 17184.7129909
42521.9085599 17284.7129909
42521.9085599 17384.7129909
42521.9085599 17484.7129909
42521.9085599 17584.7129909
42521.9085599 17684.7129909
42521.9085599 17784.7129909
42521.9085599 17884.7129909
42521.9085599 17984.7129909
42521.9085599 18084.7129909
42521.9085599 18184.7129909
42521.9085599 18284.7129909
42521.9085599 18384.7129909
42521.9085599 18484.7129909
42521.9085599 18584.7129909
42521.9085599 18684.7129909
42521.9085599 18784.7129909
42521.9085599 18884.7129909
42521.9085599 18984.7129909
42521.9085599 19084.7129909
42521.9085599 19184.7129909
42521.9085599 19284.7129909
42521.9085599 19384.7129909
42521.9085599 19484.7129909
42521.9085599 19584.7129909
42621.9085599 10384.7129909
42621.9085599 10484.7129909
42621.9085599 10584.7129909
42621.9085599 10684.7129909
42621.9085599 10784.7129909
42621.9085599 10884.7129909
42621.9085599 10984.7129909
42621.9085599 11084.7129909
42621.9085599 11184.7129909
42621.9085599 11284.7129909
42621.9085599 11384.7129909
42621.9085599 11484.7129909
42621.9085599 11584.7129909
42621.9085599 11684.7129909
42621.9085599 11784.7129909
42621.9085599 11884.7129909
42621.9085599 11984.7129909
42621.9085599 12084.7129909
42621.9085599 12184.7129909
42621.9085599 12284.7129909
42621.9085599 12384.7129909
42621.9085599 12484.7129909
42621.9085599 12584.7129909
42621.9085599 12684.7129909
42621.9085599 12784.7129909
42621.9085599 16484.7129909
42621.9085599 16584.7129909
42621.9085599 16684.7129909
42621.9085599 16784.7129909
42621.9085599 16884.7129909
42621.9085599 16984.7129909
42621.9085599 17084.7129909
42621.9085599 17184.7129909
42621.9085599 17284.7129909
42621.9085599 17384.7129909
42621.9085599 17484.7129909
42621.9085599 17584.7129909
42621.9085599 17684.7129909
42621.9085599 17784.7129909
42621.9085599 17884.7129909
42621.9085599 17984.7129909
42621.9085599 18084.7129909
42621.9085599 18184.7129909
42621.9085599 18284.7129909
42621.9085599 18384.7129909
42621.9085599 18484.7129909
42621.9085599 18584.7129909
42621.9085599 18684.7129909
42621.9085599 18784.7129909
42621.9085599 18884.7129909
42621.9085599 18984.7129909
42621.9085599 19084.7129909
42621.9085599 19184.7129909
42621.9085599 19284.7129909
42621.9085599 19384.7129909
42621.9085599 19484.7129909
42621.9085599 19584.7129909
42721.9085599 10384.7129909
42721.9085599 10484.7129909
42721.9085599 10584.7129909
42721.9085599 10684.7129909
42721.9085599 10784.7129909
42721.9085599 10884.7129909
42721.9085599 10984.7129909
42721.9085599 11084.7129909
42721.9085599 11184.7129909
42721.9085599 11284.7129909
42721.9085599 11384.7129909
42721.9085599 11484.7129909
42721.9085599 11584.7129909
42721.9085599 11684.7129909
42721.9085599 11784.7129909
42721.9085599 11884.7129909
42721.9085599 11984.7129909
42721.9085599 12084.7129909
42721.9085599 12184.7129909
42721.9085599 12284.7129909
42721.9085599 12384.7129909
42721.9085599 12484.7129909
42721.9085599 12584.7129909
42721.9085599 12684.7129909
42721.9085599 12784.7129909
42721.9085599 16484.7129909
42721.9085599 16584.7129909
42721.9085599 16684.7129909
42721.9085599 16784.7129909
42721.9085599 16884.7129909
42721.9085599 16984.7129909
42721.9085599 17084.7129909
42721.9085599 17184.7129909
42721.9085599 17284.7129909
42721.9085599 17384.7129909
42721.9085599 17484.7129909
42721.9085599 17584.7129909
42721.9085599 17684.7129909
42721.9085599 17784.7129909
42721.9085599 17884.7129909
42721.9085599 17984.7129909
42721.9085599 18084.7129909
42721.9085599 18184.7129909
42721.9085599 18284.7129909
42721.9085599 18384.7129909
42721.9085599 18484.7129909
42721.9085599 18584.7129909
42721.9085599 18684.7129909
42721.9085599 18784.7129909
42721.9085599 18884.7129909
42721.9085599 18984.7129909
42721.9085599 19084.7129909
42721.9085599 19184.7129909
42721.9085599 19284.7129909
42721.9085599 19384.7129909
42721.9085599 19484.7129909
42721.9085599 19584.7129909
42821.9085599 10384.7129909
42821.9085599 10484.7129909
42821.9085599 10584.7129909
42821.9085599 10684.7129909
42821.9085599 10784.7129909
42821.9085599 10884.7129909
42821.9085599 10984.7129909
42821.9085599 11084.7129909
42821.9085599 11184.7129909
42821.9085599 11284.7129909
42821.9085599 11384.7129909
42821.9085599 11484.7129909
42821.9085599 11584.7129909
42821.9085599 11684.7129909
42821.9085599 11784.7129909
42821.9085599 11884.7129909
42821.9085599 11984.7129909
42821.9085599 12084.7129909
42821.9085599 12184.7129909
42821.9085599 12284.7129909
42821.9085599 12384.7129909
42821.9085599 12484.7129909
42821.9085599 12584.7129909
42821.9085599 12684.7129909
42821.9085599 12784.7129909
42821.9085599 16484.7129909
42821.9085599 16584.7129909
42821.9085599 16684.7129909
42821.9085599 16784.7129909
42821.9085599 16884.7129909
42821.9085599 16984.7129909
42821.9085599 17084.7129909
42821.9085599 17184.7129909
42821.9085599 17284.7129909
42821.9085599 17384.7129909
42821.9085599 17484.7129909
42821.9085599 17584.7129909
42821.9085599 17684.7129909
42821.9085599 17784.7129909
42821.9085599 17884.7129909
42821.9085599 17984.7129909
42821.9085599 18084.7129909
42821.9085599 18184.7129909
42821.9085599 18284.7129909
42821.9085599 18384.7129909
42821.9085599 18484.7129909
42821.9085599 18584.7129909
42821.9085599 18684.7129909
42821.9085599 18784.7129909
42821.9085599 18884.7129909
42821.9085599 18984.7129909
42821.9085599 19084.7129909
42821.9085599 19184.7129909
42821.9085599 19284.7129909
42821.9085599 19384.7129909
42821.9085599 19484.7129909
42821.9085599 19584.7129909
42921.9085599 10384.7129909
42921.9085599 10484.7129909
42921.9085599 10584.7129909
42921.9085599 10684.7129909
42921.9085599 10784.7129909
42921.9085599 10884.7129909
42921.9085599 10984.7129909
42921.9085599 11084.7129909
42921.9085599 11184.7129909
42921.9085599 11284.7129909
42921.9085599 11384.7129909
42921.9085599 11484.7129909
42921.9085599 11584.7129909
42921.9085599 11684.7129909
42921.9085599 11784.7129909
42921.9085599 11884.7129909
42921.9085599 11984.7129909
42921.9085599 12084.7129909
42921.9085599 12184.7129909
42921.9085599 12284.7129909
42921.9085599 12384.7129909
42921.9085599 12484.7129909
42921.9085599 12584.7129909
42921.9085599 12684.7129909
42921.9085599 12784.7129909
42921.9085599 16484.7129909
42921.9085599 16584.7129909
42921.9085599 16684.7129909
42921.9085599 16784.7129909
42921.9085599 16884.7129909
42921.9085599 16984.7129909
42921.9085599 17084.7129909
42921.9085599 17184.7129909
42921.9085599 17284.7129909
42921.9085599 17384.7129909
42921.9085599 17484.7129909
42921.9085599 17584.7129909
42921.9085599 17684.7129909
42921.9085599 17784.7129909
42921.9085599 17884.7129909
42921.9085599 17984.7129909
42921.9085599 18084.7129909
42921.9085599 18184.7129909
42921.9085599 18284.7129909
42921.9085599 18384.7129909
42921.9085599 18484.7129909
42921.9085599 18584.7129909
42921.9085599 18684.7129909
42921.9085599 18784.7129909
42921.9085599 18884.7129909
42921.9085599 18984.7129909
42921.9085599 19084.7129909
42921.9085599 19184.7129909
42921.9085599 19284.7129909
42921.9085599 19384.7129909
42921.9085599 19484.7129909
42921.9085599 19584.7129909
43021.9085599 10384.7129909
43021.9085599 10484.7129909
43021.9085599 10584.7129909
43021.9085599 10684.7129909
43021.9085599 10784.7129909
43021.9085599 10884.7129909
43021.9085599 10984.7129909
43021.9085599 11084.7129909
43021.9085599 11184.7129909
43021.9085599 11284.7129909
43021.9085599 11384.7129909
43021.9085599 11484.7129909
43021.9085599 11584.7129909
43021.9085599 11684.7129909
43021.9085599 11784.7129909
43021.9085599 11884.7129909
43021.9085599 11984.7129909
43021.9085599 12084.7129909
43021.9085599 12184.7129909
43021.9085599 12284.7129909
43021.9085599 12384.7129909
43021.9085599 12484.7129909
43021.9085599 12584.7129909
43021.9085599 12684.7129909
43021.9085599 12784.7129909
43021.9085599 16484.7129909
43021.9085599 16584.7129909
43021.9085599 16684.7129909
43021.9085599 16784.7129909
43021.9085599 16884.7129909
43021.9085599 16984.7129909
43021.9085599 17084.7129909
43021.9085599 17184.7129909
43021.9085599 17284.7129909
43021.9085599 17384.7129909
43021.9085599 17484.7129909
43021.9085599 17584.7129909
43021.9085599 17684.7129909
43021.9085599 17784.7129909
43021.9085599 17884.7129909
43021.9085599 17984.7129909
43021.9085599 18084.7129909
43021.9085599 18184.7129909
43021.9085599 18284.7129909
43021.9085599 18384.7129909
43021.9085599 18484.7129909
43021.9085599 18584.7129909
43021.9085599 18684.7129909
43021.9085599 18784.7129909
43021.9085599 18884.7129909
43021.9085599 18984.7129909
43021.9085599 19084.7129909
43021.9085599 19184.7129909
43021.9085599 19284.7129909
43021.9085599 19384.7129909
43021.9085599 19484.7129909
43021.9085599 19584.7129909
43121.9085599 10384.7129909
43121.9085599 10484.7129909
43121.9085599 10584.7129909
43121.9085599 10684.7129909
43121.9085599 10784.7129909
43121.9085599 10884.7129909
43121.9085599 10984.7129909
43121.9085599 11084.7129909
43121.9085599 11184.7129909
43121.9085599 11284.7129909
43121.9085599 11384.7129909
43121.9085599 11484.7129909
43121.9085599 11584.7129909
43121.9085599 11684.7129909
43121.9085599 11784.7129909
43121.9085599 11884.7129909
43121.9085599 11984.7129909
43121.9085599 12084.7129909
43121.9085599 12184.7129909
43121.9085599 12284.7129909
43121.9085599 12384.7129909
43121.9085599 12484.7129909
43121.9085599 12584.7129909
43121.9085599 12684.7129909
43121.9085599 12784.7129909
43121.9085599 16484.7129909
43121.9085599 16584.7129909
43121.9085599 16684.7129909
43121.9085599 16784.7129909
43121.9085599 16884.7129909
43121.9085599 16984.7129909
43121.9085599 17084.7129909
43121.9085599 17184.7129909
43121.9085599 17284.7129909
43121.9085599 17384.7129909
43121.9085599 17484.7129909
43121.9085599 17584.7129909
43121.9085599 17684.7129909
43121.9085599 17784.7129909
43121.9085599 17884.7129909
43121.9085599 17984.7129909
43121.9085599 18084.7129909
43121.9085599 18184.7129909
43121.9085599 18284.7129909
43121.9085599 18384.7129909
43121.9085599 18484.7129909
43121.9085599 18584.7129909
43121.9085599 18684.7129909
43121.9085599 18784.7129909
43121.9085599 18884.7129909
43121.9085599 18984.7129909
43121.9085599 19084.7129909
43121.9085599 19184.7129909
43121.9085599 19284.7129909
43121.9085599 19384.7129909
43121.9085599 19484.7129909
43121.9085599 19584.7129909
43221.9085599 10384.7129909
43221.9085599 10484.7129909
43221.9085599 10584.7129909
43221.9085599 10684.7129909
43221.9085599 10784.7129909
43221.9085599 10884.7129909
43221.9085599 10984.7129909
43221.9085599 11084.7129909
43221.9085599 11184.7129909
43221.9085599 11284.7129909
43221.9085599 11384.7129909
43221.9085599 11484.7129909
43221.9085599 11584.7129909
43221.9085599 11684.7129909
43221.9085599 11784.7129909
43221.9085599 11884.7129909
43221.9085599 11984.7129909
43221.9085599 12084.7129909
43221.9085599 12184.7129909
43221.9085599 12284.7129909
43221.9085599 12384.7129909
43221.9085599 12484.7129909
43221.9085599 12584.7129909
43221.9085599 12684.7129909
43221.9085599 12784.7129909
43221.9085599 16484.7129909
43221.9085599 16584.7129909
43221.9085599 16684.7129909
43221.9085599 16784.7129909
43221.9085599 16884.7129909
43221.9085599 16984.7129909
43221.9085599 17084.7129909
43221.9085599 17184.7129909
43221.9085599 17284.7129909
43221.9085599 17384.7129909
43221.9085599 17484.7129909
43221.9085599 17584.7129909
43221.9085599 17684.7129909
43221.9085599 17784.7129909
43221.9085599 17884.7129909
43221.9085599 17984.7129909
43221.9085599 18084.7129909
43221.9085599 18184.7129909
43221.9085599 18284.7129909
43221.9085599 18384.7129909
43221.9085599 18484.7129909
43221.9085599 18584.7129909
43221.9085599 18684.7129909
43221.9085599 18784.7129909
43221.9085599 18884.7129909
43221.9085599 18984.7129909
43221.9085599 19084.7129909
43221.9085599 19184.7129909
43221.9085599 19284.7129909
43221.9085599 19384.7129909
43221.9085599 19484.7129909
43221.9085599 19584.7129909
43321.9085599 10384.7129909
43321.9085599 10484.7129909
43321.9085599 10584.7129909
43321.9085599 10684.7129909
43321.9085599 10784.7129909
43321.9085599 10884.7129909
43321.9085599 10984.7129909
43321.9085599 11084.7129909
43321.9085599 11184.7129909
43321.9085599 11284.7129909
43321.9085599 11384.7129909
43321.9085599 11484.7129909
43321.9085599 11584.7129909
43321.9085599 11684.7129909
43321.9085599 11784.7129909
43321.9085599 11884.7129909
43321.9085599 11984.7129909
43321.9085599 12084.7129909
43321.9085599 12184.7129909
43321.9085599 12284.7129909
43321.9085599 12384.7129909
43321.9085599 12484.7129909
43321.9085599 12584.7129909
43321.9085599 12684.7129909
43321.9085599 12784.7129909
43321.9085599 16484.7129909
43321.9085599 16584.7129909
43321.9085599 16684.7129909
43321.9085599 16784.7129909
43321.9085599 16884.7129909
43321.9085599 16984.7129909
43321.9085599 17084.7129909
43321.9085599 17184.7129909
43321.9085599 17284.7129909
43321.9085599 17384.7129909
43321.9085599 17484.7129909
43321.9085599 17584.7129909
43321.9085599 17684.7129909
43321.9085599 17784.7129909
43321.9085599 17884.7129909
43321.9085599 17984.7129909
43321.9085599 18084.7129909
43321.9085599 18184.7129909
43321.9085599 18284.7129909
43321.9085599 18384.7129909
43321.9085599 18484.7129909
43321.9085599 18584.7129909
43321.9085599 18684.7129909
43321.9085599 18784.7129909
43321.9085599 18884.7129909
43321.9085599 18984.7129909
43321.9085599 19084.7129909
43321.9085599 19184.7129909
43321.9085599 19284.7129909
43321.9085599 19384.7129909
43321.9085599 19484.7129909
43321.9085599 19584.7129909
43421.9085599 10384.7129909
43421.9085599 10484.7129909
43421.9085599 10584.7129909
43421.9085599 10684.7129909
43421.9085599 10784.7129909
43421.9085599 10884.7129909
43421.9085599 10984.7129909
43421.9085599 11084.7129909
43421.9085599 11184.7129909
43421.9085599 11284.7129909
43421.9085599 11384.7129909
43421.9085599 11484.7129909
43421.9085599 11584.7129909
43421.9085599 11684.7129909
43421.9085599 11784.7129909
43421.9085599 11884.7129909
43421.9085599 11984.7129909
43421.9085599 12084.7129909
43421.9085599 12184.7129909
43421.9085599 12284.7129909
43421.9085599 12384.7129909
43421.9085599 12484.7129909
43421.9085599 12584.7129909
43421.9085599 12684.7129909
43421.9085599 12784.7129909
43421.9085599 16484.7129909
43421.9085599 16584.7129909
43421.9085599 16684.7129909
43421.9085599 16784.7129909
43421.9085599 16884.7129909
43421.9085599 16984.7129909
43421.9085599 17084.7129909
43421.9085599 17184.7129909
43421.9085599 17284.7129909
43421.9085599 17384.7129909
43421.9085599 17484.7129909
43421.9085599 17584.7129909
43421.9085599 17684.7129909
43421.9085599 17784.7129909
43421.9085599 17884.7129909
43421.9085599 17984.7129909
43421.9085599 18084.7129909
43421.9085599 18184.7129909
43421.9085599 18284.7129909
43421.9085599 18384.7129909
43421.9085599 18484.7129909
43421.9085599 18584.7129909
43421.9085599 18684.7129909
43421.9085599 18784.7129909
43421.9085599 18884.7129909
43421.9085599 18984.7129909
43421.9085599 19084.7129909
43421.9085599 19184.7129909
43421.9085599 19284.7129909
43421.9085599 19384.7129909
43421.9085599 19484.7129909
43421.9085599 19584.7129909
43521.9085599 10384.7129909
43521.9085599 10484.7129909
43521.9085599 10584.7129909
43521.9085599 10684.7129909
43521.9085599 10784.7129909
43521.9085599 10884.7129909
43521.9085599 10984.7129909
43521.9085599 11084.7129909
43521.9085599 11184.7129909
43521.9085599 11284.7129909
43521.9085599 11384.7129909
43521.9085599 11484.7129909
43521.9085599 11584.7129909
43521.9085599 11684.7129909
43521.9085599 11784.7129909
43521.9085599 11884.7129909
43521.9085599 11984.7129909
43521.9085599 12084.7129909
43521.9085599 12184.7129909
43521.9085599 12284.7129909
43521.9085599 12384.7129909
43521.9085599 12484.7129909
43521.9085599 12584.7129909
43521.9085599 12684.7129909
43521.9085599 12784.7129909
43521.9085599 16484.7129909
43521.9085599 16584.7129909
43521.9085599 16684.7129909
43521.9085599 16784.7129909
43521.9085599 16884.7129909
43521.9085599 16984.7129909
43521.9085599 17084.7129909
43521.9085599 17184.7129909
43521.9085599 17284.7129909
43521.9085599 17384.7129909
43521.9085599 17484.7129909
43521.9085599 17584.7129909
43521.9085599 17684.7129909
43521.9085599 17784.7129909
43521.9085599 17884.7129909
43521.9085599 17984.7129909
43521.9085599 18084.7129909
43521.9085599 18184.7129909
43521.9085599 18284.7129909
43521.9085599 18384.7129909
43521.9085599 18484.7129909
43521.9085599 18584.7129909
43521.9085599 18684.7129909
43521.9085599 18784.7129909
43521.9085599 18884.7129909
43521.9085599 18984.7129909
43521.9085599 19084.7129909
43521.9085599 19184.7129909
43521.9085599 19284.7129909
43521.9085599 19384.7129909
43521.9085599 19484.7129909
43521.9085599 19584.7129909
43621.9085599 10384.7129909
43621.9085599 10484.7129909
43621.9085599 10584.7129909
43621.9085599 10684.7129909
43621.9085599 10784.7129909
43621.9085599 10884.7129909
43621.9085599 10984.7129909
43621.9085599 11084.7129909
43621.9085599 11184.7129909
43621.9085599 11284.7129909
43621.9085599 11384.7129909
43621.9085599 11484.7129909
43621.9085599 11584.7129909
43621.9085599 11684.7129909
43621.9085599 11784.7129909
43621.9085599 11884.7129909
43621.9085599 11984.7129909
43621.9085599 12084.7129909
43621.9085599 12184.7129909
43621.9085599 12284.7129909
43621.9085599 12384.7129909
43621.9085599 12484.7129909
43621.9085599 12584.7129909
43621.9085599 12684.7129909
43621.9085599 12784.7129909
